scenario,runIndex,seed,generator,numOfStates,numOfCalls,numOfLocals,numOfReturns,numOfStackSymbols,density,acceptingStatesDensity,numOfModules,secondDvpaNumOfStates,useSrs,useEquivalenceCheckToValidateOutput,equivalenceQueryCount,equivalenceQueryHypothesisStatesTotal,equivalenceQueryTimeUs,equivalenceQueryTargetMembershipQueryCount,equivalenceQueryTargetMembershipQuerySymbolsTotal,membershipQueryCount,membershipQuerySymbolsTotal,membershipQueryTimeUs,stackContentQueryCount,stackContentQuerySymbolsTotal,stackContentQueryTimeUs,srsCheckCount,srsCheckTimeUs,srsCounterexampleCount,automataGeneratedCount,automataGenerationTimeUs,learnerTimeUs,outputValidationTimeUs,status,targetNumOfStates,targetAcceptingStates,hypothesisNumOfStates,hypothesisAcceptingStates
cancellation-accuracy,0,42,cancellation,22,6,2,5,5,0.8,0.3,5,2,0,1,15,178,455430,119060,5949681,243060,1515568,1084,213063,1314917,1158,0,0,0,15,182468,639552,1766444,validation_failed,22,4,22,4
cancellation-accuracy,1,43,cancellation,18,3,5,4,4,0.8,0.3,5,2,0,1,14,151,556727,152377,7623372,162201,1131683,403,129962,930427,506,0,0,0,14,109261,667127,1068675,passed,18,2,19,2
cancellation-accuracy,2,44,cancellation,18,6,3,4,6,0.8,0.3,5,2,0,1,13,138,862552,230559,11529763,225135,1036506,602,182604,864400,635,0,0,0,13,144318,1007877,1478430,passed,18,3,19,3
cancellation-accuracy,3,45,cancellation,16,5,5,3,3,0.8,0.3,5,2,0,1,11,111,445220,114036,5709753,71723,534510,291,54655,421544,180,0,0,0,11,47308,493201,1009434,passed,16,5,17,5
cancellation-accuracy,4,46,cancellation,20,4,2,3,5,0.8,0.3,5,2,0,1,9,97,461254,123371,6163999,59950,274040,103,45649,217642,153,0,0,0,9,35926,497603,1224418,validation_failed,20,4,20,4
cancellation-accuracy,5,47,cancellation,24,5,5,3,3,0.8,0.3,5,2,0,1,16,202,542955,143695,7167175,212916,1618247,797,171716,1366097,605,0,0,0,16,140289,685126,1135304,validation_failed,24,4,24,4
cancellation-accuracy,6,48,cancellation,10,6,3,3,6,0.8,0.3,5,2,0,1,7,42,402473,108752,5443692,20836,84859,54,17134,73141,81,0,0,0,7,12911,415668,1013018,validation_failed,10,2,10,2
cancellation-accuracy,7,49,cancellation,14,4,2,4,5,0.8,0.3,5,2,0,1,12,114,893830,243657,12182623,95039,626018,299,79356,547043,339,0,0,0,12,64678,959430,1073363,passed,14,1,15,1
cancellation-accuracy,8,50,cancellation,10,3,5,4,4,0.8,0.3,5,2,0,1,7,44,390142,103813,5195493,20227,149926,66,15760,126974,61,0,0,0,7,13217,403660,1009735,passed,10,3,11,3
cancellation-accuracy,9,51,cancellation,22,4,3,3,4,0.8,0.3,5,2,0,1,14,180,477446,130639,6534593,152835,970237,421,122474,813664,498,0,0,0,14,97958,576536,1229961,passed,22,4,23,4
cancellation-accuracy,10,52,cancellation,20,3,5,4,6,0.8,0.3,5,2,0,1,10,115,499504,136240,6819777,140589,668676,398,100117,507320,365,0,0,0,10,86594,586772,1894718,passed,20,6,21,6
cancellation-accuracy,11,53,cancellation,12,4,3,4,6,0.8,0.3,5,2,0,1,7,60,406251,112714,5625953,33577,140114,141,25107,109727,106,0,0,0,7,19969,426515,1056485,passed,12,3,13,3
cancellation-accuracy,12,54,cancellation,24,4,4,6,6,0.8,0.3,5,2,0,1,17,233,694038,190394,9504956,595156,4088951,2061,497893,3555387,1923,0,0,0,17,416135,1112551,4776437,validation_failed,24,2,24,2
cancellation-accuracy,13,55,cancellation,20,5,5,3,4,0.8,0.3,5,2,0,1,12,144,433202,117198,5850845,119069,854943,520,97526,708296,565,0,0,0,12,83650,517620,1134485,passed,20,6,21,6
cancellation-accuracy,14,56,cancellation,20,3,5,3,5,0.8,0.3,5,2,0,1,15,180,548768,142984,7150635,168603,1080857,459,145900,967858,524,0,0,0,15,112996,662912,1270395,passed,20,3,21,3
cancellation-accuracy,15,57,cancellation,24,5,3,5,6,0.8,0.3,5,2,0,1,10,117,393774,105952,5283964,154269,735954,473,118295,584768,594,0,0,0,10,97345,491612,3895893,passed,24,5,25,5
cancellation-accuracy,16,58,cancellation,16,3,5,4,5,0.8,0.3,5,2,0,1,11,108,575341,147718,7394475,92175,701738,1690,73677,586782,1725,0,0,0,11,66480,642601,1184458,passed,16,3,17,3
cancellation-accuracy,17,59,cancellation,12,3,3,6,6,0.8,0.3,5,2,0,1,10,73,476323,124722,6218811,128788,1031957,2468,104560,792539,2789,0,0,0,10,99746,576666,1143385,validation_failed,12,2,12,2
cancellation-accuracy,18,60,cancellation,20,4,4,5,6,0.8,0.3,5,2,0,1,10,123,661911,163726,8187974,144591,1050399,2811,113745,890935,2770,0,0,0,10,104479,767215,2158789,passed,20,3,21,3
cancellation-accuracy,19,61,cancellation,16,5,4,3,6,0.8,0.3,5,2,0,1,9,94,758167,202397,10125817,83099,667453,274,66266,546792,211,0,0,0,9,55119,813947,1172181,passed,16,3,17,3
cancellation-accuracy,20,62,cancellation,14,3,3,4,6,0.8,0.3,5,2,0,1,9,77,420459,116703,5843335,95602,420950,232,77881,349523,299,0,0,0,9,61146,482112,1130390,passed,14,3,14,3
cancellation-accuracy,21,63,cancellation,18,3,5,6,5,0.8,0.3,5,2,0,1,11,126,741504,206378,10301323,138953,910107,334,113117,773705,519,0,0,0,11,94417,836696,1299684,passed,18,4,19,4
cancellation-accuracy,22,64,cancellation,18,5,5,5,5,0.8,0.3,5,2,0,1,13,146,546067,154050,7708629,176866,1069976,414,145959,903159,435,0,0,0,13,113675,660546,1261134,validation_failed,18,2,18,2
cancellation-accuracy,23,65,cancellation,22,4,5,3,4,0.8,0.3,5,2,0,1,13,163,460009,128275,6401622,151337,1036003,374,121394,831230,471,0,0,0,13,94764,555568,1238345,passed,22,4,23,4
cancellation-accuracy,24,66,cancellation,18,3,5,6,5,0.8,0.3,5,2,0,1,13,131,406111,112547,5637356,284820,1489958,999,234163,1197972,768,0,0,0,13,194153,600943,1333528,passed,18,3,18,3
cancellation-accuracy,25,67,cancellation,16,4,4,4,6,0.8,0.3,5,2,0,1,8,84,404513,113000,5641611,69945,518715,255,52092,415177,285,0,0,0,8,47101,452155,1278807,passed,16,3,17,3
cancellation-accuracy,26,68,cancellation,24,5,5,3,5,0.8,0.3,5,2,0,1,11,146,465301,128349,6406950,212859,970239,549,160140,743107,555,0,0,0,11,129318,595391,1712417,passed,24,3,25,3
cancellation-accuracy,27,69,cancellation,22,6,3,6,5,0.8,0.3,5,2,0,1,11,123,567326,151004,7539316,330979,1480692,1142,276213,1239342,904,0,0,0,11,213503,781488,1990319,passed,22,4,23,4
cancellation-accuracy,28,70,cancellation,22,5,4,3,3,0.8,0.3,5,2,0,1,15,184,804636,218072,10923298,178333,1073969,482,143323,898268,506,0,0,0,15,108042,913885,1037194,passed,22,3,23,3
cancellation-accuracy,29,71,cancellation,16,4,5,6,3,0.8,0.3,5,2,0,1,11,103,652603,183116,9150231,83221,499470,273,64834,398866,252,0,0,0,11,52273,705517,984638,passed,16,3,17,3
cancellation-accuracy,30,72,cancellation,10,6,4,5,4,0.8,0.3,5,2,0,1,8,51,437586,121611,6083132,37675,303876,120,27114,237175,153,0,0,0,8,24662,462627,985688,passed,10,3,11,3
cancellation-accuracy,31,73,cancellation,22,5,4,5,3,0.8,0.3,5,2,0,1,18,222,1058499,288662,14436656,294544,2728673,1114,244265,2407314,1095,0,0,0,18,202103,1262859,1160972,validation_failed,22,3,22,3
cancellation-accuracy,32,74,cancellation,22,6,3,4,5,0.8,0.3,5,2,0,1,10,134,443799,115232,5749633,128917,646121,1900,95471,512483,2506,0,0,0,10,81699,526194,2026223,passed,22,6,23,6
cancellation-accuracy,33,75,cancellation,10,3,5,4,3,0.8,0.3,5,2,0,1,6,38,533882,139078,6954208,16328,104130,286,10641,68387,153,0,0,0,6,10637,544828,1055428,passed,10,3,10,3
cancellation-accuracy,34,76,cancellation,12,6,5,3,5,0.8,0.3,5,2,0,1,9,67,405739,103591,5174780,60961,269302,271,53646,241636,301,0,0,0,9,42749,448968,1007209,passed,12,2,13,2
cancellation-accuracy,35,77,cancellation,24,6,2,3,6,0.8,0.3,5,2,0,1,10,115,561216,154678,7735307,110237,778807,1050,88526,635331,930,0,0,0,10,70981,632848,2814932,passed,24,3,25,3
cancellation-accuracy,36,78,cancellation,20,5,5,3,4,0.8,0.3,5,2,0,1,12,145,608814,155724,7767256,117100,988456,478,98272,831809,603,0,0,0,12,83270,693010,1157313,validation_failed,20,3,20,3
cancellation-accuracy,37,79,cancellation,24,4,4,6,3,0.8,0.3,5,2,0,1,14,180,600108,156438,7799639,220141,1150695,667,165398,908146,561,0,0,0,14,131685,732752,1171319,passed,24,6,25,6
cancellation-accuracy,38,80,cancellation,24,3,4,6,5,0.8,0.3,5,2,0,1,14,198,726079,196016,9795176,361307,3520216,1850,319355,3157174,1744,0,0,0,14,275557,1003244,2593290,passed,24,2,25,2
cancellation-accuracy,39,81,cancellation,16,4,2,5,6,0.8,0.3,5,2,0,1,9,92,437762,120805,6036624,81869,522285,328,63548,432162,180,0,0,0,9,54302,492611,1273546,passed,16,3,17,3
cancellation-accuracy,40,82,cancellation,16,5,5,6,4,0.8,0.3,5,2,0,1,11,103,750702,209183,10477917,105986,597206,314,85028,495769,278,0,0,0,11,65639,817090,1048110,validation_failed,16,2,16,2
cancellation-accuracy,41,83,cancellation,14,6,2,6,3,0.8,0.3,5,2,0,1,12,114,881978,243334,12167818,90767,445517,265,69802,357718,213,0,0,0,12,56271,938947,947588,passed,14,3,15,3
cancellation-accuracy,42,84,cancellation,14,4,3,3,4,0.8,0.3,5,2,0,1,9,76,394189,112905,5658452,34248,173291,84,25594,140584,139,0,0,0,9,19885,414406,960665,validation_failed,14,4,14,4
cancellation-accuracy,43,85,cancellation,14,3,3,3,6,0.8,0.3,5,2,0,1,11,90,467910,133319,6660133,61197,332381,256,49079,280054,114,0,0,0,11,35880,504276,1050056,passed,14,4,15,4
cancellation-accuracy,44,86,cancellation,18,3,2,3,6,0.8,0.3,5,2,0,1,12,138,432411,122474,6123719,109971,672052,290,89565,557658,237,0,0,0,12,68466,501623,1263565,passed,18,3,19,3
cancellation-accuracy,45,87,cancellation,22,4,5,6,6,0.8,0.3,5,2,0,1,10,129,409941,116652,5829246,220225,1662276,516,162373,1334575,709,0,0,0,10,137191,547766,2904831,passed,22,4,23,4
cancellation-accuracy,46,88,cancellation,10,3,5,4,5,0.8,0.3,5,2,0,1,8,52,382831,108849,5442253,31983,136669,72,27162,120471,129,0,0,0,8,19386,402546,956987,passed,10,2,11,2
cancellation-accuracy,47,89,cancellation,16,5,2,4,5,0.8,0.3,5,2,0,1,11,108,447306,127245,6359322,82805,450229,159,64430,374224,194,0,0,0,11,50514,498383,1109040,passed,16,5,17,5
cancellation-accuracy,48,90,cancellation,16,4,4,6,6,0.8,0.3,5,2,0,1,12,125,651210,181836,9088067,153379,1278171,463,122266,1131994,650,0,0,0,12,103021,754982,1309466,passed,16,3,17,3
cancellation-accuracy,49,91,cancellation,14,5,4,5,4,0.8,0.3,5,2,0,1,11,91,428773,122117,6121224,76453,404862,237,61914,345709,188,0,0,0,11,45473,474795,975961,passed,14,3,15,3
cancellation-accuracy,50,92,cancellation,14,5,5,5,6,0.8,0.3,5,2,0,1,6,48,375848,107950,5406131,56633,249396,193,40472,180250,170,0,0,0,6,33464,409561,1122626,passed,14,4,15,4
cancellation-accuracy,51,93,cancellation,20,6,2,3,6,0.8,0.3,5,2,0,1,11,121,609352,162327,8134852,111281,506331,302,85583,405931,373,0,0,0,11,68406,678425,1561308,passed,20,4,21,4
cancellation-accuracy,52,94,cancellation,16,5,2,4,6,0.8,0.3,5,2,0,1,11,109,760928,217886,10891579,116767,606577,268,91957,513223,313,0,0,0,11,68986,830533,1222379,passed,16,4,17,4
cancellation-accuracy,53,95,cancellation,22,4,5,5,5,0.8,0.3,5,2,0,1,14,151,521571,149676,7477980,330998,2074076,959,288245,1833143,962,0,0,0,14,210670,733301,1831997,passed,22,2,22,2
cancellation-accuracy,54,96,cancellation,18,5,4,3,3,0.8,0.3,5,2,0,1,16,177,469264,134548,6725909,159089,1067303,333,131477,891988,426,0,0,0,16,93806,564413,1003867,passed,18,2,19,2
cancellation-accuracy,55,97,cancellation,14,6,3,6,4,0.8,0.3,5,2,0,1,10,95,522996,140920,7051750,89659,454153,300,64581,357706,236,0,0,0,10,56194,579729,993996,passed,14,4,15,4
cancellation-accuracy,56,98,cancellation,14,5,2,6,6,0.8,0.3,5,2,0,1,11,90,496765,129586,6486278,114837,841855,449,90841,704170,470,0,0,0,11,78945,576386,1195491,passed,14,3,15,3
cancellation-accuracy,57,99,cancellation,12,6,3,3,4,0.8,0.3,5,2,0,1,8,60,404833,110034,5494771,29949,181495,120,22381,141561,80,0,0,0,8,17632,422784,1052237,passed,12,2,13,2
cancellation-accuracy,58,100,cancellation,10,3,5,6,6,0.8,0.3,5,2,0,1,8,51,362943,104227,5203485,39383,148714,128,29760,120136,63,0,0,0,8,24299,387505,988215,passed,10,3,11,3
cancellation-accuracy,59,101,cancellation,24,6,3,5,6,0.8,0.3,5,2,0,1,11,157,429938,114658,5733636,272023,2025899,1329,207929,1685212,1348,0,0,0,11,181630,612389,4055930,passed,24,3,25,3
cancellation-accuracy,60,102,cancellation,10,6,4,5,5,0.8,0.3,5,2,0,1,8,52,401097,109741,5489162,58175,501231,164,45728,380951,191,0,0,0,8,38069,439516,991555,passed,10,2,11,2
cancellation-accuracy,61,103,cancellation,24,4,5,6,4,0.8,0.3,5,2,0,1,17,248,915007,247909,12382459,472723,2440662,1587,389662,2098397,1372,0,0,0,17,296571,1213378,1490876,passed,24,2,25,2
cancellation-accuracy,62,104,cancellation,20,4,3,6,5,0.8,0.3,5,2,0,1,14,136,1153025,299439,14949576,208965,1725386,1956,181418,1524573,2098,0,0,0,14,167069,1321268,1491897,validation_failed,20,1,17,1
cancellation-accuracy,63,105,cancellation,10,4,4,4,3,0.8,0.3,5,2,0,1,11,70,642077,172870,8656483,43163,291869,123,35048,248682,137,0,0,0,11,27050,669762,975021,passed,10,1,11,1
cancellation-accuracy,64,106,cancellation,22,5,5,4,6,0.8,0.3,5,2,0,1,10,127,455507,124761,6235937,146507,1028421,337,114460,835606,383,0,0,0,10,90478,546638,2198928,passed,22,3,23,3
cancellation-accuracy,65,107,cancellation,22,3,3,5,5,0.8,0.3,5,2,0,1,11,104,558955,154439,7723439,106141,695248,245,85795,598103,289,0,0,0,11,68093,627698,1749132,validation_failed,22,2,17,2
cancellation-accuracy,66,108,cancellation,16,6,3,6,5,0.8,0.3,5,2,0,1,10,97,412274,107656,5368677,97415,471650,1084,75468,379706,874,0,0,0,10,63384,476178,1195923,passed,16,6,17,6
cancellation-accuracy,67,109,cancellation,22,4,3,4,3,0.8,0.3,5,2,0,1,13,142,739655,200954,10049547,116697,1621893,751,92534,1249445,698,0,0,0,13,86940,827619,1072216,passed,22,5,23,5
cancellation-accuracy,68,110,cancellation,10,6,3,6,4,0.8,0.3,5,2,0,1,9,62,467562,128111,6409755,62227,590200,255,45981,396392,153,0,0,0,9,42784,510753,986951,passed,10,3,11,3
cancellation-accuracy,69,111,cancellation,18,3,2,3,5,0.8,0.3,5,2,0,1,11,99,423158,115576,5774540,60355,379363,196,48820,320040,208,0,0,0,11,42232,465999,1151365,passed,18,3,19,3
cancellation-accuracy,70,112,cancellation,18,6,2,5,4,0.8,0.3,5,2,0,1,17,174,816776,225155,11262730,281663,2272437,1024,242859,2074802,907,0,0,0,17,196439,1015052,1132805,passed,18,2,19,2
cancellation-accuracy,71,113,cancellation,20,3,4,5,3,0.8,0.3,5,2,0,1,15,181,523988,143234,7162189,277939,1810913,968,230251,1482266,935,0,0,0,15,190192,715454,1064267,passed,20,4,21,4
cancellation-accuracy,72,114,cancellation,14,6,4,5,6,0.8,0.3,5,2,0,1,8,67,514193,141272,7041657,81849,431767,349,63747,360581,484,0,0,0,8,54663,569376,1159741,passed,14,2,15,2
cancellation-accuracy,73,115,cancellation,14,3,5,5,5,0.8,0.3,5,2,0,1,11,96,728049,197577,9878103,156987,724903,487,123274,575766,471,0,0,0,11,100765,829428,1063671,passed,14,3,15,3
cancellation-accuracy,74,116,cancellation,20,6,2,5,4,0.8,0.3,5,2,0,1,12,138,851791,219699,11008079,141775,848145,387,125407,770396,555,0,0,0,12,94469,947157,1248971,validation_failed,20,2,19,2
cancellation-accuracy,75,117,cancellation,22,3,2,4,6,0.8,0.3,5,2,0,1,11,141,385727,102172,5108780,189985,1031183,487,138240,801707,622,0,0,0,11,126066,512419,2764044,passed,22,6,23,6
cancellation-accuracy,76,118,cancellation,10,6,5,4,6,0.8,0.3,5,2,0,1,5,35,490620,131306,6565894,31125,201085,112,22217,153225,103,0,0,0,5,24648,515566,1016102,passed,10,3,11,3
cancellation-accuracy,77,119,cancellation,14,5,4,5,5,0.8,0.3,5,2,0,1,9,81,463784,127110,6360764,86265,691595,249,61050,535247,240,0,0,0,9,55855,520116,1081031,passed,14,3,15,3
cancellation-accuracy,78,120,cancellation,24,3,4,6,5,0.8,0.3,5,2,0,1,13,187,610606,167035,8339562,298901,1486660,1020,219725,1156488,775,0,0,0,13,186186,797743,2568101,passed,24,6,25,6
cancellation-accuracy,79,121,cancellation,14,4,2,6,3,0.8,0.3,5,2,0,1,13,112,699824,188085,9402252,79990,372161,289,63313,307320,175,0,0,0,13,50045,750605,991641,validation_failed,14,3,14,3
cancellation-accuracy,80,122,cancellation,24,5,4,5,3,0.8,0.3,5,2,0,1,21,305,955787,260901,13058914,489207,2919830,1513,408352,2502034,1666,0,0,0,21,315494,1273827,1194952,passed,24,3,25,3
cancellation-accuracy,81,123,cancellation,22,4,4,5,3,0.8,0.3,5,2,0,1,15,184,411886,114625,5742042,227569,1581985,701,186039,1337905,637,0,0,0,15,146550,559783,1098879,passed,22,4,23,4
cancellation-accuracy,82,124,cancellation,22,3,3,6,5,0.8,0.3,5,2,0,1,12,164,555647,154072,7669365,193851,988653,622,151482,808336,656,0,0,0,12,124775,681274,1837648,passed,22,5,23,5
cancellation-accuracy,83,125,cancellation,20,4,4,6,6,0.8,0.3,5,2,0,1,9,108,549871,148237,7416027,117649,1196744,556,89722,1005930,542,0,0,0,9,87793,638312,2148618,validation_failed,20,3,19,3
cancellation-accuracy,84,126,cancellation,22,6,4,4,6,0.8,0.3,5,2,0,1,13,176,498978,136683,6832299,310445,1942343,1232,245368,1635916,1182,0,0,0,13,202166,702296,2610130,passed,22,3,23,3
cancellation-accuracy,85,127,cancellation,12,3,4,3,3,0.8,0.3,5,2,0,1,11,81,539548,149351,7458670,37347,206713,98,30238,173725,110,0,0,0,11,22762,562851,1039095,passed,12,3,13,3
cancellation-accuracy,86,128,cancellation,14,6,3,5,6,0.8,0.3,5,2,0,1,10,77,432109,108641,5439453,91301,445945,1095,70609,357863,990,0,0,0,10,59204,491814,1211662,passed,14,2,15,2
cancellation-accuracy,87,129,cancellation,24,6,2,5,3,0.8,0.3,5,2,0,1,20,254,871094,229746,11484653,328715,1740398,3385,275738,1492354,3084,0,0,0,20,211962,1084869,1198754,passed,24,4,25,4
cancellation-accuracy,88,130,cancellation,12,4,3,6,5,0.8,0.3,5,2,0,1,6,47,393918,107249,5369725,48809,212324,102,34429,159702,141,0,0,0,6,30384,424518,1000329,passed,12,4,13,4
cancellation-accuracy,89,131,cancellation,16,5,2,6,4,0.8,0.3,5,2,0,1,11,99,435734,119800,5992002,108193,797060,295,88623,672774,285,0,0,0,11,71146,507576,1056789,passed,16,2,17,2
cancellation-accuracy,90,132,cancellation,12,5,3,5,5,0.8,0.3,5,2,0,1,9,64,439043,121372,6068490,57161,458656,244,41995,378106,224,0,0,0,9,38937,478380,1001863,passed,12,3,13,3
cancellation-accuracy,91,133,cancellation,12,3,2,4,5,0.8,0.3,5,2,0,1,8,60,439696,122364,6112453,53458,596252,237,40638,447090,219,0,0,0,8,39540,479648,1020914,passed,12,1,12,1
cancellation-accuracy,92,134,cancellation,16,5,2,6,5,0.8,0.3,5,2,0,1,12,119,515999,141757,7081929,131231,585793,361,102489,474320,526,0,0,0,12,89213,605976,1162247,passed,16,4,17,4
cancellation-accuracy,93,135,cancellation,24,6,5,6,3,0.8,0.3,5,2,0,1,19,266,644992,175150,8755964,466347,3356951,1553,387458,2880697,1442,0,0,0,19,308629,955790,1180277,passed,24,3,25,3
cancellation-accuracy,94,136,cancellation,24,4,4,4,5,0.8,0.3,5,2,0,1,15,212,632346,169659,8483952,498292,3031091,1578,410752,2490616,1741,0,0,0,15,336167,970012,2180498,passed,24,3,24,3
cancellation-accuracy,95,137,cancellation,22,5,3,6,3,0.8,0.3,5,2,0,1,16,191,866590,230822,11550941,221090,1895926,806,180012,1607901,757,0,0,0,16,152571,1020978,1124030,validation_failed,22,4,22,4
cancellation-accuracy,96,138,cancellation,14,4,3,4,4,0.8,0.3,5,2,0,1,15,128,870847,241732,12096684,139148,803341,362,119779,716140,416,0,0,0,15,90355,962289,1019776,passed,14,2,14,2
cancellation-accuracy,97,139,cancellation,18,3,2,3,4,0.8,0.3,5,2,0,1,12,137,681889,181859,9103565,98276,551696,357,80526,467113,261,0,0,0,12,63560,746486,1078858,validation_failed,18,2,16,2
cancellation-accuracy,98,140,cancellation,10,5,5,5,4,0.8,0.3,5,2,0,1,8,49,518871,142230,7106822,37142,163446,130,26883,122179,99,0,0,0,8,23207,542446,1045342,passed,10,3,10,3
cancellation-accuracy,99,141,cancellation,22,4,3,6,6,0.8,0.3,5,2,0,1,8,114,609487,160781,8043864,131805,712325,398,106212,610583,360,0,0,0,8,86157,696248,3139711,passed,22,5,23,5
cancellation-accuracy,100,142,cancellation,20,4,5,6,3,0.8,0.3,5,2,0,1,18,215,445632,124180,6223415,279518,1672776,826,241669,1486026,884,0,0,0,18,182388,629503,1084494,validation_failed,20,4,20,4
cancellation-accuracy,101,143,cancellation,22,4,3,4,5,0.8,0.3,5,2,0,1,10,121,483147,134433,6721106,151293,881519,515,113408,679147,370,0,0,0,10,95435,579256,1682999,passed,22,3,23,3
cancellation-accuracy,102,144,cancellation,24,3,4,3,5,0.8,0.3,5,2,0,1,12,186,397838,110992,5553857,168589,775535,495,124220,601222,476,0,0,0,12,97109,495753,1720674,passed,24,8,25,8
cancellation-accuracy,103,145,cancellation,20,4,4,6,5,0.8,0.3,5,2,0,1,10,117,493117,132890,6624258,207913,1267465,771,147051,970218,736,0,0,0,10,135671,629679,1650092,passed,20,6,21,6
cancellation-accuracy,104,146,cancellation,16,5,3,5,3,0.8,0.3,5,2,0,1,14,137,822288,213374,10662711,139457,1179083,2439,109653,970037,2843,0,0,0,14,105660,929145,1065422,passed,16,2,17,2
cancellation-accuracy,105,147,cancellation,22,3,5,4,5,0.8,0.3,5,2,0,1,12,152,485341,124932,6253803,158025,752097,2587,119073,588961,2335,0,0,0,12,100102,586289,1768133,passed,22,6,23,6
cancellation-accuracy,106,148,cancellation,16,6,5,5,6,0.8,0.3,5,2,0,1,10,90,401992,108428,5437580,144968,702789,1271,109342,563897,1254,0,0,0,10,92711,495305,1430889,validation_failed,16,3,16,3
cancellation-accuracy,107,149,cancellation,12,3,3,6,4,0.8,0.3,5,2,0,1,7,57,450160,121711,6096237,31987,195825,196,24031,160473,199,0,0,0,7,20723,471187,999218,passed,12,2,13,2
cancellation-accuracy,108,150,cancellation,18,5,5,4,3,0.8,0.3,5,2,0,1,19,185,624631,171769,8593708,233491,1193762,650,214317,1102646,648,0,0,0,19,147661,773770,1012504,passed,18,1,19,1
cancellation-accuracy,109,151,cancellation,10,5,3,4,3,0.8,0.3,5,2,0,1,7,44,369809,102057,5117566,20783,96632,68,14735,72048,177,0,0,0,7,12118,382124,996726,passed,10,3,11,3
cancellation-accuracy,110,152,cancellation,18,6,5,4,6,0.8,0.3,5,2,0,1,8,96,470723,128675,6450160,116525,681013,391,75266,487722,160,0,0,0,8,70197,541487,1427260,passed,18,5,19,5
cancellation-accuracy,111,153,cancellation,24,3,2,3,6,0.8,0.3,5,2,0,1,12,163,527871,142968,7149242,167719,1111199,440,134960,937036,490,0,0,0,12,108390,637160,2707386,passed,24,3,25,3
cancellation-accuracy,112,154,cancellation,12,4,3,4,3,0.8,0.3,5,2,0,1,9,58,430753,113342,5683483,32584,275367,314,24464,196752,269,0,0,0,9,21457,452877,979491,passed,12,2,12,2
cancellation-accuracy,113,155,cancellation,18,4,4,6,3,0.8,0.3,5,2,0,1,13,142,564807,156049,7789143,129557,658396,381,101085,541532,373,0,0,0,13,79013,644547,1035463,passed,18,5,19,5
cancellation-accuracy,114,156,cancellation,18,3,4,4,6,0.8,0.3,5,2,0,1,9,91,427844,120423,6017893,112005,473880,370,84017,375635,321,0,0,0,9,65980,494264,1590298,validation_failed,18,3,17,3
cancellation-accuracy,115,157,cancellation,10,6,4,6,5,0.8,0.3,5,2,0,1,8,59,609035,158944,7947541,48707,262694,261,38454,221492,206,0,0,0,8,32814,642258,984853,passed,10,1,11,1
cancellation-accuracy,116,158,cancellation,20,5,2,5,4,0.8,0.3,5,2,0,1,15,172,584411,160689,8033406,194872,1425835,520,157120,1194906,662,0,0,0,15,126027,711737,1203917,validation_failed,20,4,20,4
cancellation-accuracy,117,159,cancellation,16,6,5,6,3,0.8,0.3,5,2,0,1,14,139,864315,242863,12128394,169155,1216233,597,141652,1068869,381,0,0,0,14,109843,975252,994221,passed,16,2,17,2
cancellation-accuracy,118,160,cancellation,10,5,5,3,4,0.8,0.3,5,2,0,1,8,54,386319,102386,5116073,27353,131905,92,22276,110616,48,0,0,0,8,18922,405548,961714,passed,10,4,11,4
cancellation-accuracy,119,161,cancellation,22,6,5,6,3,0.8,0.3,5,2,0,1,20,234,1034906,283069,14189489,407267,3857776,1284,346319,3355339,1358,0,0,0,20,286779,1323755,1096991,passed,22,2,23,2
cancellation-accuracy,120,162,cancellation,16,6,4,4,5,0.8,0.3,5,2,0,1,10,97,444615,119528,5973587,106061,565770,443,82267,470881,265,0,0,0,10,67208,512397,1132128,passed,16,3,17,3
cancellation-accuracy,121,163,cancellation,12,5,5,6,5,0.8,0.3,5,2,0,1,12,87,383495,108007,5406247,140703,1093139,383,111317,814744,467,0,0,0,12,93495,477881,1007033,passed,12,2,13,2
cancellation-accuracy,122,164,cancellation,10,5,3,3,5,0.8,0.3,5,2,0,1,9,65,405234,111086,5551440,31101,203001,101,25680,176578,130,0,0,0,9,20188,425805,979135,passed,10,2,11,2
cancellation-accuracy,123,165,cancellation,10,5,2,5,3,0.8,0.3,5,2,0,1,7,43,388394,107304,5381388,17094,70642,25,12334,54226,17,0,0,0,7,10339,398968,982358,validation_failed,10,3,10,3
cancellation-accuracy,124,166,cancellation,20,4,3,5,4,0.8,0.3,5,2,0,1,17,206,519933,141347,7068874,248841,1567125,901,219831,1424785,1007,0,0,0,17,187290,708868,1177043,passed,20,3,21,3
cancellation-accuracy,125,167,cancellation,12,5,3,6,3,0.8,0.3,5,2,0,1,9,64,721270,192376,9597383,40978,186854,179,30457,148162,74,0,0,0,9,26154,747922,1008379,validation_failed,12,4,12,4
cancellation-accuracy,126,168,cancellation,20,6,3,4,6,0.8,0.3,5,2,0,1,13,162,489942,135136,6757196,236007,1283861,622,200686,1147246,786,0,0,0,13,150803,641855,1882903,passed,20,3,21,3
cancellation-accuracy,127,169,cancellation,16,4,3,3,6,0.8,0.3,5,2,0,1,8,71,408056,112176,5609465,41579,184356,89,35003,161726,85,0,0,0,8,26063,434487,1083186,validation_failed,16,2,15,2
cancellation-accuracy,128,170,cancellation,14,6,2,3,3,0.8,0.3,5,2,0,1,12,103,458976,126917,6353684,63643,522773,170,50909,435326,214,0,0,0,12,43095,502860,1012941,passed,14,4,15,4
cancellation-accuracy,129,171,cancellation,20,3,4,4,5,0.8,0.3,5,2,0,1,10,116,399781,110337,5511090,148154,692965,405,103916,510652,238,0,0,0,10,87031,487255,1439089,passed,20,4,20,4
cancellation-accuracy,130,172,cancellation,14,4,4,6,5,0.8,0.3,5,2,0,1,10,78,428514,116975,5856928,81537,399458,196,69986,353141,245,0,0,0,10,51652,480725,1091684,passed,14,3,15,3
cancellation-accuracy,131,173,cancellation,20,3,5,4,3,0.8,0.3,5,2,0,1,14,162,434403,118225,5901539,169947,977524,598,124486,757214,552,0,0,0,14,105498,540799,1047333,passed,20,5,21,5
cancellation-accuracy,132,174,cancellation,20,4,2,5,3,0.8,0.3,5,2,0,1,15,191,437831,119550,5954714,174199,1276373,504,137906,1047749,561,0,0,0,15,112802,551838,1088096,passed,20,4,21,4
cancellation-accuracy,133,175,cancellation,18,3,4,6,4,0.8,0.3,5,2,0,1,14,141,525068,146523,7324084,152156,849601,366,122994,706193,423,0,0,0,14,97239,623173,1122656,validation_failed,18,3,18,3
cancellation-accuracy,134,176,cancellation,10,4,3,3,3,0.8,0.3,5,2,0,1,8,53,426699,115642,5770987,19919,99915,57,15122,78895,68,0,0,0,8,12371,439405,978401,passed,10,2,11,2
cancellation-accuracy,135,177,cancellation,12,6,2,5,6,0.8,0.3,5,2,0,1,9,70,448332,118278,5918986,59637,478097,213,47557,402355,186,0,0,0,9,40976,489780,1073402,passed,12,1,13,1
cancellation-accuracy,136,178,cancellation,22,4,5,6,3,0.8,0.3,5,2,0,1,14,184,556947,145308,7278888,224833,1135397,684,178848,930521,759,0,0,0,14,141079,699095,1104177,passed,22,5,23,5
cancellation-accuracy,137,179,cancellation,12,6,5,5,3,0.8,0.3,5,2,0,1,12,92,577160,159618,7967741,73137,565979,242,60156,459957,258,0,0,0,12,47604,625522,986602,passed,12,2,13,2
cancellation-accuracy,138,180,cancellation,12,5,5,4,4,0.8,0.3,5,2,0,1,7,56,479749,133211,6670290,33399,165734,118,25258,132885,61,0,0,0,7,19837,499898,1010328,passed,12,3,13,3
cancellation-accuracy,139,181,cancellation,20,4,3,4,5,0.8,0.3,5,2,0,1,12,162,500962,135334,6770959,309469,3345609,1354,256092,2676563,1370,0,0,0,12,238071,740159,1538995,passed,20,2,21,2
cancellation-accuracy,140,182,cancellation,20,5,5,4,3,0.8,0.3,5,2,0,1,14,175,599665,160534,8023674,171553,881656,516,127699,687284,600,0,0,0,14,101614,702166,1046796,passed,20,6,21,6
cancellation-accuracy,141,183,cancellation,20,3,3,4,3,0.8,0.3,5,2,0,1,16,162,532282,145874,7304284,156011,1036913,570,130800,864849,498,0,0,0,16,103853,637449,1025534,validation_failed,20,1,19,1
cancellation-accuracy,142,184,cancellation,22,3,2,6,6,0.8,0.3,5,2,0,1,17,240,538298,147516,7372069,1189373,6676601,3785,997269,5617655,3818,0,0,0,17,803776,1343620,3119954,passed,22,4,23,4
cancellation-accuracy,143,185,cancellation,10,4,4,4,5,0.8,0.3,5,2,0,1,7,45,362271,101950,5111269,31251,156447,79,21478,111071,70,0,0,0,7,18382,380881,1013761,passed,10,3,11,3
cancellation-accuracy,144,186,cancellation,20,3,5,4,5,0.8,0.3,5,2,0,1,10,130,417500,114196,5704663,182521,1081983,662,132213,834564,615,0,0,0,10,115691,533797,1396926,passed,20,7,21,7
cancellation-accuracy,145,187,cancellation,16,5,4,6,5,0.8,0.3,5,2,0,1,11,100,512441,139061,6968198,125524,823399,560,92615,678725,455,0,0,0,11,79358,592381,1181399,validation_failed,16,4,16,4
cancellation-accuracy,146,188,cancellation,14,5,3,6,5,0.8,0.3,5,2,0,1,13,109,535212,148203,7407042,118396,605243,335,97973,513627,355,0,0,0,13,77579,613648,1068608,validation_failed,14,2,14,2
cancellation-accuracy,147,189,cancellation,24,3,3,6,6,0.8,0.3,5,2,0,1,17,251,889573,243557,12179957,466293,3377386,2035,418145,3107937,2121,0,0,0,17,354628,1246450,4860793,passed,24,3,25,3
cancellation-accuracy,148,190,cancellation,22,3,5,4,3,0.8,0.3,5,2,0,1,17,230,601612,164725,8233789,264349,1975193,983,214702,1620066,1023,0,0,0,17,175001,778093,1066348,passed,22,4,23,4
cancellation-accuracy,149,191,cancellation,12,6,2,5,4,0.8,0.3,5,2,0,1,9,68,605114,161429,8053762,44649,197938,156,33703,158213,85,0,0,0,9,27366,632908,986171,passed,12,3,13,3
cancellation-accuracy,150,192,cancellation,14,6,3,5,6,0.8,0.3,5,2,0,1,10,72,556017,153001,7668161,70367,489232,190,55681,419090,282,0,0,0,10,46602,603129,1219839,validation_failed,14,2,13,2
cancellation-accuracy,151,193,cancellation,22,5,4,5,4,0.8,0.3,5,2,0,1,13,168,670395,181448,9066919,253187,1346266,756,194022,1094511,697,0,0,0,13,157119,828737,1406559,passed,22,5,23,5
cancellation-accuracy,152,194,cancellation,12,5,4,4,6,0.8,0.3,5,2,0,1,8,63,451694,125473,6262971,42339,198490,144,32407,159827,128,0,0,0,8,26062,478190,1041343,passed,12,3,13,3
cancellation-accuracy,153,195,cancellation,12,6,3,4,6,0.8,0.3,5,2,0,1,8,67,606127,167444,8378053,44723,223539,130,36466,191365,151,0,0,0,8,28185,634828,1087743,passed,12,2,13,2
cancellation-accuracy,154,196,cancellation,18,3,2,6,6,0.8,0.3,5,2,0,1,9,85,402579,106938,5350860,105854,458884,1148,76245,343780,1085,0,0,0,9,72190,475354,1748604,validation_failed,18,3,18,3
cancellation-accuracy,155,197,cancellation,12,3,5,3,5,0.8,0.3,5,2,0,1,8,62,445775,123794,6165839,46349,487187,417,32944,401049,467,0,0,0,8,32848,479031,1060421,passed,12,3,13,3
cancellation-accuracy,156,198,cancellation,22,6,3,5,4,0.8,0.3,5,2,0,1,15,190,400137,108377,5423571,202541,1176510,2045,160985,973491,2089,0,0,0,15,129248,530308,1410853,passed,22,7,23,7
cancellation-accuracy,157,199,cancellation,18,5,2,6,6,0.8,0.3,5,2,0,1,14,150,713248,182217,9111364,247101,1356751,939,188400,1107397,938,0,0,0,14,166033,880411,1820110,passed,18,5,19,5
cancellation-accuracy,158,200,cancellation,14,4,2,3,5,0.8,0.3,5,2,0,1,10,89,412888,110923,5556503,50049,290238,187,39871,238655,150,0,0,0,10,32783,446259,1051518,passed,14,2,15,2
cancellation-accuracy,159,201,cancellation,10,4,2,4,3,0.8,0.3,5,2,0,1,10,66,409664,104878,5258784,36737,222082,195,27770,177290,117,0,0,0,10,26454,436652,991132,passed,10,2,11,2
cancellation-accuracy,160,202,cancellation,16,6,2,3,3,0.8,0.3,5,2,0,1,11,101,611489,167070,8349717,60145,279900,174,47327,226818,223,0,0,0,11,35313,647420,985922,validation_failed,16,3,17,3
cancellation-accuracy,161,203,cancellation,18,4,2,5,3,0.8,0.3,5,2,0,1,14,148,866156,240095,12011451,130883,826123,455,105224,678523,371,0,0,0,14,83889,951037,1036490,passed,18,3,19,3
cancellation-accuracy,162,204,cancellation,12,3,3,4,4,0.8,0.3,5,2,0,1,7,50,379143,102046,5110778,32741,133621,89,23635,99262,63,0,0,0,7,19182,398562,997245,passed,12,4,13,4
cancellation-accuracy,163,205,cancellation,14,3,4,3,4,0.8,0.3,5,2,0,1,11,82,550764,143672,7196415,52355,312846,131,44615,272005,205,0,0,0,11,35246,586731,986340,passed,14,1,15,1
cancellation-accuracy,164,206,cancellation,20,5,2,3,5,0.8,0.3,5,2,0,1,15,176,945776,260165,13000065,168397,1442325,542,138613,1213779,677,0,0,0,15,117830,1065002,1308381,passed,20,3,21,3
cancellation-accuracy,165,207,cancellation,22,5,3,3,5,0.8,0.3,5,2,0,1,13,182,537490,148881,7435154,162996,1845798,770,128407,1389479,517,0,0,0,13,115130,653489,1427265,validation_failed,22,5,22,5
cancellation-accuracy,166,208,cancellation,22,5,4,6,3,0.8,0.3,5,2,0,1,19,244,786230,203476,10155035,378407,2234124,2036,318239,1940185,1868,0,0,0,19,258154,1046436,1169510,passed,22,3,23,3
cancellation-accuracy,167,209,cancellation,22,4,2,4,6,0.8,0.3,5,2,0,1,13,162,514212,132299,6621163,188317,1294345,2404,139809,1075374,2410,0,0,0,13,126467,641603,2768397,passed,22,5,23,5
cancellation-accuracy,168,210,cancellation,14,6,2,4,5,0.8,0.3,5,2,0,1,13,126,454350,113253,5663739,112597,589290,337,92576,503103,300,0,0,0,13,68153,523109,1083914,passed,14,5,15,5
cancellation-accuracy,169,211,cancellation,22,5,4,5,3,0.8,0.3,5,2,0,1,22,268,1267255,348090,17422974,364332,2391485,1103,330955,2222814,1249,0,0,0,22,246720,1516074,1140055,validation_failed,22,2,22,2
cancellation-accuracy,170,212,cancellation,10,4,4,3,5,0.8,0.3,5,2,0,1,6,41,564429,148571,7415934,16655,114797,207,13620,100735,193,0,0,0,6,12314,577082,1015617,passed,10,1,11,1
cancellation-accuracy,171,213,cancellation,16,3,2,4,6,0.8,0.3,5,2,0,1,12,114,770819,198689,9939449,92562,460790,910,76452,393452,1223,0,0,0,12,61330,832919,1333612,validation_failed,16,3,16,3
cancellation-accuracy,172,214,cancellation,20,4,3,5,6,0.8,0.3,5,2,0,1,14,160,417058,107751,5396086,390651,2524264,4477,311074,2044480,4275,0,0,0,14,267210,685084,2175825,passed,20,5,21,5
cancellation-accuracy,173,215,cancellation,22,5,2,5,4,0.8,0.3,5,2,0,1,12,157,717718,180837,9065257,151447,775981,2265,114752,613769,2394,0,0,0,12,99919,818489,1371700,passed,22,4,23,4
cancellation-accuracy,174,216,cancellation,10,5,5,4,6,0.8,0.3,5,2,0,1,6,41,389980,105594,5272790,39347,222798,166,27962,162324,139,0,0,0,6,24874,415126,1021851,passed,10,3,11,3
cancellation-accuracy,175,217,cancellation,14,3,3,5,4,0.8,0.3,5,2,0,1,12,92,710785,195583,9792143,65010,375863,226,53722,320208,195,0,0,0,12,43977,755480,1020519,validation_failed,14,2,14,2
cancellation-accuracy,176,218,cancellation,20,5,4,6,3,0.8,0.3,5,2,0,1,12,125,418542,115582,5769851,118872,740420,329,90946,584230,293,0,0,0,12,70797,490004,1057503,validation_failed,20,5,20,5
cancellation-accuracy,177,219,cancellation,12,3,3,6,3,0.8,0.3,5,2,0,1,10,75,607552,151453,7578852,47142,276143,182,39925,246173,158,0,0,0,10,33490,641692,1006987,validation_failed,12,2,12,2
cancellation-accuracy,178,220,cancellation,16,3,5,3,3,0.8,0.3,5,2,0,1,15,140,565298,150322,7500900,97051,836496,394,82963,691567,377,0,0,0,15,66245,632642,1051507,passed,16,3,17,3
cancellation-accuracy,179,221,cancellation,18,5,2,5,4,0.8,0.3,5,2,0,1,13,132,549917,139353,6962598,157855,979527,634,131281,831741,529,0,0,0,13,112868,663871,1147008,passed,18,2,19,2
cancellation-accuracy,180,222,cancellation,22,4,5,5,5,0.8,0.3,5,2,0,1,15,189,935917,240483,12037505,294083,1401305,1766,237134,1172694,1838,0,0,0,15,189407,1126740,2089744,passed,22,3,23,3
cancellation-accuracy,181,223,cancellation,22,4,4,6,6,0.8,0.3,5,2,0,1,10,150,458881,123260,6159828,394176,2195890,6139,316333,1767589,5729,0,0,0,10,292492,752283,3658085,validation_failed,22,2,22,2
cancellation-accuracy,182,224,cancellation,18,4,5,4,5,0.8,0.3,5,2,0,1,15,177,866567,221599,11098823,246713,1666123,3417,200157,1366590,3102,0,0,0,15,170606,1038424,1310963,passed,18,3,19,3
cancellation-accuracy,183,225,cancellation,16,3,4,5,6,0.8,0.3,5,2,0,1,10,82,967565,254651,12704746,82643,437087,916,70126,383847,886,0,0,0,10,57899,1026170,1260831,validation_failed,16,1,15,1
cancellation-accuracy,184,226,cancellation,10,5,2,6,4,0.8,0.3,5,2,0,1,9,54,585947,158278,7907285,53922,337540,428,43710,260707,152,0,0,0,9,36405,622794,1036178,passed,10,2,10,2
cancellation-accuracy,185,227,cancellation,10,3,2,5,6,0.8,0.3,5,2,0,1,8,58,605427,150456,7521628,34715,165712,278,26605,137769,451,0,0,0,8,23143,628995,1101997,passed,10,3,11,3
cancellation-accuracy,186,228,cancellation,20,3,5,4,3,0.8,0.3,5,2,0,1,14,179,602690,157594,7878919,139261,1654503,2737,106662,1256896,2424,0,0,0,14,103880,707678,1110111,passed,20,5,21,5
cancellation-accuracy,187,229,cancellation,12,4,2,6,3,0.8,0.3,5,2,0,1,9,65,517824,131720,6581997,39277,269871,612,29937,211864,466,0,0,0,9,26656,545368,1081681,passed,12,3,13,3
cancellation-accuracy,188,230,cancellation,10,3,2,6,6,0.8,0.3,5,2,0,1,7,43,421166,104866,5235565,39530,156913,510,28503,117956,503,0,0,0,7,25574,447062,1069240,passed,10,3,10,3
cancellation-accuracy,189,231,cancellation,24,3,2,4,6,0.8,0.3,5,2,0,1,16,239,904854,237294,11851895,312647,1956629,3983,251136,1650525,3751,0,0,0,16,211644,1118242,3026116,passed,24,4,25,4
cancellation-accuracy,190,232,cancellation,24,4,4,4,4,0.8,0.3,5,2,0,1,11,144,502951,135170,6748183,142855,740750,455,110222,594878,390,0,0,0,11,87914,591651,1467850,passed,24,6,25,6
cancellation-accuracy,191,233,cancellation,24,6,3,4,3,0.8,0.3,5,2,0,1,14,177,460684,123420,6140444,167229,977971,484,133616,794942,710,0,0,0,14,111931,573725,1153042,validation_failed,24,5,23,5
cancellation-accuracy,192,234,cancellation,10,6,2,4,6,0.8,0.3,5,2,0,1,9,62,590535,160366,8014984,41011,187653,85,32491,155640,144,0,0,0,9,25286,616320,1028131,passed,10,2,11,2
cancellation-accuracy,193,235,cancellation,10,5,3,4,3,0.8,0.3,5,2,0,1,10,70,500881,135324,6747759,45045,244761,119,35060,197793,142,0,0,0,10,28622,530079,1012685,passed,10,3,11,3
cancellation-accuracy,194,236,cancellation,12,5,4,4,4,0.8,0.3,5,2,0,1,7,57,491596,124920,6255373,43819,395388,429,30351,272691,285,0,0,0,7,34026,526150,1036048,passed,12,3,13,3
cancellation-accuracy,195,237,cancellation,24,3,4,6,3,0.8,0.3,5,2,0,1,18,244,567466,153363,7655071,328166,1842221,900,281024,1625090,915,0,0,0,18,216329,785575,1170578,validation_failed,24,5,24,5
cancellation-accuracy,196,238,cancellation,16,5,4,3,4,0.8,0.3,5,2,0,1,14,125,949903,255793,12799179,122120,981511,682,103728,853929,476,0,0,0,14,86498,1037725,1038148,validation_failed,16,1,16,1
cancellation-accuracy,197,239,cancellation,10,4,2,3,4,0.8,0.3,5,2,0,1,9,61,457376,123410,6165586,22981,172400,113,17915,140245,53,0,0,0,9,15269,473174,1048257,passed,10,3,11,3
cancellation-accuracy,198,240,cancellation,24,3,5,5,6,0.8,0.3,5,2,0,1,11,144,451444,119839,5996789,194577,883707,819,147839,698582,745,0,0,0,11,133265,585508,4159475,passed,24,6,25,6
cancellation-accuracy,199,241,cancellation,18,5,4,6,6,0.8,0.3,5,2,0,1,11,126,634661,168924,8449069,272596,1215317,791,221620,1015660,760,0,0,0,11,174966,810236,1840584,passed,18,3,18,3
cancellation-accuracy,200,242,cancellation,22,6,4,5,6,0.8,0.3,5,2,0,1,11,132,588431,156145,7811477,206775,1296964,752,161663,1051544,735,0,0,0,11,132080,721647,2909645,passed,22,5,23,5
cancellation-accuracy,201,243,cancellation,24,4,4,6,5,0.8,0.3,5,2,0,1,13,152,492963,130767,6542875,353200,2103783,1271,275090,1662575,1150,0,0,0,13,243262,737221,2724063,passed,24,4,24,4
cancellation-accuracy,202,244,cancellation,14,5,2,3,6,0.8,0.3,5,2,0,1,10,86,477741,118877,5947633,58579,285264,301,49419,251104,185,0,0,0,10,40795,519096,1230503,passed,14,3,15,3
cancellation-accuracy,203,245,cancellation,20,6,2,6,5,0.8,0.3,5,2,0,1,10,105,403761,104376,5202231,127505,626785,402,97832,497518,368,0,0,0,10,83651,487980,1780078,passed,20,5,21,5
cancellation-accuracy,204,246,cancellation,18,5,2,5,4,0.8,0.3,5,2,0,1,14,166,856632,231839,11593665,179865,1792585,853,151705,1551223,1093,0,0,0,14,135362,993288,1148293,passed,18,2,19,2
cancellation-accuracy,205,247,cancellation,24,6,2,4,3,0.8,0.3,5,2,0,1,23,303,1070919,284188,14206896,482908,2933475,1797,428233,2632982,2109,0,0,0,23,334215,1408293,1186889,validation_failed,24,2,24,2
cancellation-accuracy,206,248,cancellation,22,6,5,5,5,0.8,0.3,5,2,0,1,13,174,709547,189662,9501871,273143,2468354,1347,234872,2113779,1102,0,0,0,13,204470,915400,1888731,passed,22,2,23,2
cancellation-accuracy,207,249,cancellation,10,6,5,3,6,0.8,0.3,5,2,0,1,4,26,391317,100392,5025621,10271,37878,72,7109,27359,27,0,0,0,4,6634,398081,1058353,passed,10,3,11,3
cancellation-accuracy,208,250,cancellation,22,4,4,3,6,0.8,0.3,5,2,0,1,14,177,799522,216366,10805647,175895,1269685,562,144678,1100634,559,0,0,0,14,121253,921924,1899288,passed,22,3,23,3
cancellation-accuracy,209,251,cancellation,12,6,5,4,6,0.8,0.3,5,2,0,1,7,49,464341,126518,6338711,39877,338272,70,32316,283765,157,0,0,0,7,27893,492701,1072423,passed,12,1,13,1
cancellation-accuracy,210,252,cancellation,16,5,4,4,4,0.8,0.3,5,2,0,1,9,83,857383,224263,11230000,91953,367247,237,70432,287375,239,0,0,0,9,55273,913173,1077123,passed,16,3,17,3
cancellation-accuracy,211,253,cancellation,16,4,4,4,3,0.8,0.3,5,2,0,1,14,120,604671,160442,8025219,141969,831935,440,117989,709779,539,0,0,0,14,93380,699541,1030076,validation_failed,16,1,15,1
cancellation-accuracy,212,254,cancellation,22,4,4,5,6,0.8,0.3,5,2,0,1,9,109,763369,196526,9825051,131391,813794,1610,97942,659685,1801,0,0,0,9,87000,850975,3120471,passed,22,5,23,5
cancellation-accuracy,213,255,cancellation,16,4,5,4,5,0.8,0.3,5,2,0,1,8,67,389058,103320,5172795,49238,407480,254,38745,328126,218,0,0,0,8,34006,423799,1195482,validation_failed,16,3,16,3
cancellation-accuracy,214,256,cancellation,10,5,5,4,3,0.8,0.3,5,2,0,1,9,57,618621,158312,7908819,29578,208867,334,22039,168115,297,0,0,0,9,20048,639158,1005641,passed,10,3,10,3
cancellation-accuracy,215,257,cancellation,22,6,4,4,4,0.8,0.3,5,2,0,1,11,150,472603,125547,6276530,140966,872597,1624,109535,721418,1549,0,0,0,11,91245,564648,1431078,validation_failed,22,5,22,5
cancellation-accuracy,216,258,cancellation,24,4,5,4,5,0.8,0.3,5,2,0,1,12,171,513155,132545,6629906,198355,952062,2778,156532,778235,2378,0,0,0,12,126036,640132,2316417,passed,24,5,25,5
cancellation-accuracy,217,259,cancellation,10,4,5,6,3,0.8,0.3,5,2,0,1,9,62,462171,116929,5840449,39261,192985,686,29622,154788,504,0,0,0,9,26210,488843,1114194,passed,10,2,11,2
cancellation-accuracy,218,260,cancellation,14,6,4,4,5,0.8,0.3,5,2,0,1,14,131,502449,121723,6065650,140159,988143,3350,117362,852576,2585,0,0,0,14,101722,605114,1168076,passed,14,2,15,2
cancellation-accuracy,219,261,cancellation,10,6,3,5,6,0.8,0.3,5,2,0,1,6,42,400943,100779,5045825,28157,208850,304,20480,172815,337,0,0,0,6,20731,421967,1086194,passed,10,2,11,2
cancellation-accuracy,220,262,cancellation,20,5,4,6,6,0.8,0.3,5,2,0,1,15,190,782120,194614,9734092,335244,2560151,6004,292080,2304469,6209,0,0,0,15,277660,1061146,2489019,validation_failed,20,2,20,2
cancellation-accuracy,221,263,cancellation,20,6,5,5,6,0.8,0.3,5,2,0,1,15,186,813203,215414,10767053,555484,3338806,2883,459614,2850458,2578,0,0,0,15,379320,1193805,2284444,validation_failed,20,4,20,4
cancellation-accuracy,222,264,cancellation,22,6,2,4,4,0.8,0.3,5,2,0,1,15,201,814465,218322,10926524,425167,2906155,2006,343387,2170417,1880,0,0,0,15,291821,1107852,1310785,passed,22,4,23,4
cancellation-accuracy,223,265,cancellation,20,6,4,3,6,0.8,0.3,5,2,0,1,11,129,553251,130737,6534656,121411,517737,372,94948,418777,550,0,0,0,11,79684,633813,1690648,passed,20,4,21,4
cancellation-accuracy,224,266,cancellation,14,6,5,6,3,0.8,0.3,5,2,0,1,11,97,456866,115195,5768300,82625,369931,333,64303,299305,303,0,0,0,11,56747,514272,1032376,passed,14,6,15,6
cancellation-accuracy,225,267,cancellation,12,3,2,6,4,0.8,0.3,5,2,0,1,11,81,443411,119795,5991347,72840,337298,264,57825,271952,162,0,0,0,11,46077,490448,1023129,passed,12,3,12,3
cancellation-accuracy,226,268,cancellation,24,4,5,3,5,0.8,0.3,5,2,0,1,11,138,579866,135361,6752669,155345,859909,7411,127160,733334,7526,0,0,0,11,124482,705362,1974571,passed,24,3,25,3
cancellation-accuracy,227,269,cancellation,18,5,2,4,3,0.8,0.3,5,2,0,1,13,137,550418,135761,6781300,103757,629603,2163,83027,522363,2281,0,0,0,13,75356,627168,1058017,passed,18,4,19,4
cancellation-accuracy,228,270,cancellation,10,3,5,6,6,0.8,0.3,5,2,0,1,6,44,419670,110431,5523484,46023,267623,181,29435,169905,68,0,0,0,6,30034,449941,1036968,passed,10,4,11,4
cancellation-accuracy,229,271,cancellation,12,4,2,4,4,0.8,0.3,5,2,0,1,10,76,471076,127149,6353126,41909,284773,187,34966,243341,249,0,0,0,10,29262,500854,1034218,passed,12,3,13,3
cancellation-accuracy,230,272,cancellation,14,6,4,6,5,0.8,0.3,5,2,0,1,9,74,392131,104380,5216235,70059,338987,209,53779,274718,114,0,0,0,9,43401,435933,1095896,passed,14,4,15,4
cancellation-accuracy,231,273,cancellation,24,5,4,6,4,0.8,0.3,5,2,0,1,13,177,675701,180409,9030002,257097,1173657,1670,207345,973330,1373,0,0,0,13,161200,837906,1812255,passed,24,5,25,5
cancellation-accuracy,232,274,cancellation,14,5,5,4,4,0.8,0.3,5,2,0,1,11,97,493847,127358,6381545,74273,654047,1631,55818,512753,1218,0,0,0,11,56137,550588,1079468,passed,14,4,15,4
cancellation-accuracy,233,275,cancellation,24,5,4,4,4,0.8,0.3,5,2,0,1,15,213,1033237,269444,13490080,321255,2477891,3442,272320,2192014,3668,0,0,0,15,226008,1260790,1463628,passed,24,3,25,3
cancellation-accuracy,234,276,cancellation,14,5,2,6,6,0.8,0.3,5,2,0,1,8,69,794723,210154,10515401,75447,360439,282,58269,292610,207,0,0,0,8,49937,845117,1204948,passed,14,2,15,2
cancellation-accuracy,235,277,cancellation,24,4,4,5,5,0.8,0.3,5,2,0,1,12,164,796839,209480,10480487,217049,1044285,603,170080,837454,678,0,0,0,12,138325,936120,2433824,passed,24,3,25,3
cancellation-accuracy,236,278,cancellation,10,4,4,4,3,0.8,0.3,5,2,0,1,7,44,400967,107605,5385610,20923,107879,58,15309,83065,108,0,0,0,7,13215,414431,1006768,passed,10,4,11,4
cancellation-accuracy,237,279,cancellation,12,5,2,6,6,0.8,0.3,5,2,0,1,9,64,404016,111008,5557172,61918,308143,155,49884,255731,157,0,0,0,9,39934,444401,1118731,validation_failed,12,1,10,1
cancellation-accuracy,238,280,cancellation,20,4,2,3,3,0.8,0.3,5,2,0,1,18,208,892578,236081,11802287,165833,2200890,947,148985,1997744,1143,0,0,0,18,139049,1033826,1050872,passed,20,2,21,2
cancellation-accuracy,239,281,cancellation,18,5,2,6,3,0.8,0.3,5,2,0,1,11,114,773518,203558,10188464,94159,621575,389,72831,487347,264,0,0,0,11,62400,836703,1081889,passed,18,5,19,5
cancellation-accuracy,240,282,cancellation,12,3,4,4,4,0.8,0.3,5,2,0,1,7,54,458080,121051,6040148,24835,136049,53,17929,105107,63,0,0,0,7,14890,473257,1006848,passed,12,3,13,3
cancellation-accuracy,241,283,cancellation,24,6,3,3,3,0.8,0.3,5,2,0,1,12,165,585311,156240,7815179,130247,2183042,1470,97179,1656288,1023,0,0,0,12,103474,689844,1139544,passed,24,6,25,6
cancellation-accuracy,242,284,cancellation,18,4,2,6,6,0.8,0.3,5,2,0,1,11,109,576723,152700,7639441,161490,884557,495,124535,738826,511,0,0,0,11,112951,690497,1746303,validation_failed,18,3,18,3
cancellation-accuracy,243,285,cancellation,12,5,2,3,5,0.8,0.3,5,2,0,1,9,76,575117,158596,7920153,41723,186384,102,34838,159529,101,0,0,0,9,25405,601030,1006960,passed,12,1,13,1
cancellation-accuracy,244,286,cancellation,20,6,3,3,3,0.8,0.3,5,2,0,1,16,132,984701,267915,13382109,95200,553774,285,86509,515636,364,0,0,0,16,64230,1050143,1034299,validation_failed,20,1,14,1
cancellation-accuracy,245,287,cancellation,24,6,5,6,5,0.8,0.3,5,2,0,1,16,233,648686,169843,8487619,560411,3003295,13097,442268,2518294,12884,0,0,0,16,391093,1041467,2805337,passed,24,5,25,5
cancellation-accuracy,246,288,cancellation,14,4,2,4,3,0.8,0.3,5,2,0,1,11,90,438693,117084,5856352,51815,388132,212,40242,315497,140,0,0,0,11,35431,474686,994317,passed,14,2,15,2
cancellation-accuracy,247,289,cancellation,24,3,4,5,6,0.8,0.3,5,2,0,1,13,212,513631,138177,6896128,384667,2430642,1253,294870,1987409,1318,0,0,0,13,256032,770771,4497607,passed,24,4,25,4
cancellation-accuracy,248,290,cancellation,18,4,4,3,4,0.8,0.3,5,2,0,1,10,100,490622,120806,6035708,61530,271051,1357,45219,208686,974,0,0,0,10,39793,530900,1123162,validation_failed,18,6,18,6
cancellation-accuracy,249,291,cancellation,24,4,3,5,6,0.8,0.3,5,2,0,1,8,112,439133,114812,5735938,189781,1324053,2334,131915,941844,2281,0,0,0,8,124360,563896,4342904,passed,24,7,25,7
cancellation-accuracy,250,292,cancellation,18,5,4,3,4,0.8,0.3,5,2,0,1,11,130,673554,183377,9188013,91161,556865,243,64565,419189,397,0,0,0,11,55588,729868,1071611,passed,18,6,19,6
cancellation-accuracy,251,293,cancellation,22,6,3,3,6,0.8,0.3,5,2,0,1,13,172,896375,234725,11748102,238013,1824905,1510,198804,1552799,1491,0,0,0,13,166099,1063783,2391402,passed,22,2,23,2
cancellation-accuracy,252,294,cancellation,14,4,3,5,4,0.8,0.3,5,2,0,1,12,107,777481,211642,10603806,89195,649912,948,78921,596071,847,0,0,0,12,63917,842350,1056985,passed,14,2,15,2
cancellation-accuracy,253,295,cancellation,10,6,5,5,3,0.8,0.3,5,2,0,1,7,43,516475,127074,6353384,22733,122833,343,17611,97871,383,0,0,0,7,14986,531809,1060104,passed,10,2,11,2
cancellation-accuracy,254,296,cancellation,18,6,2,4,6,0.8,0.3,5,2,0,1,10,107,706329,189086,9441785,106281,1369582,1701,86687,1112529,1646,0,0,0,10,82403,789468,1522455,passed,18,3,19,3
cancellation-accuracy,255,297,cancellation,22,3,4,3,3,0.8,0.3,5,2,0,1,15,182,630129,163908,8213923,149559,747849,1801,121446,625408,2217,0,0,0,15,95008,726470,1159305,passed,22,4,23,4
cancellation-accuracy,256,298,cancellation,18,3,2,3,4,0.8,0.3,5,2,0,1,11,123,443364,110379,5527571,62590,514753,1189,51189,431031,1525,0,0,0,11,51150,495522,1157259,validation_failed,18,2,18,2
cancellation-accuracy,257,299,cancellation,14,5,3,3,6,0.8,0.3,5,2,0,1,9,77,600926,162917,8156495,59291,334672,601,54778,316320,457,0,0,0,9,41203,642803,1189403,validation_failed,14,1,13,1
cancellation-accuracy,258,300,cancellation,12,4,3,5,5,0.8,0.3,5,2,0,1,10,81,759988,189607,9463829,70057,678827,1169,51512,540530,1106,0,0,0,10,52361,813007,1048975,passed,12,4,13,4
cancellation-accuracy,259,301,cancellation,20,3,5,3,5,0.8,0.3,5,2,0,1,8,108,424685,113035,5658996,106343,682683,1290,75708,492639,1200,0,0,0,8,69823,494941,1262172,passed,20,5,21,5
cancellation-accuracy,260,302,cancellation,22,6,2,5,4,0.8,0.3,5,2,0,1,18,218,734957,198329,9893854,604738,3630287,6315,521562,3121260,5865,0,0,0,18,424805,1161578,1334639,passed,22,3,22,3
cancellation-accuracy,261,303,cancellation,16,3,4,4,3,0.8,0.3,5,2,0,1,11,108,552873,147462,7373516,70335,366955,232,53364,293228,166,0,0,0,11,43181,596682,1002532,passed,16,4,17,4
cancellation-accuracy,262,304,cancellation,24,5,3,5,6,0.8,0.3,5,2,0,1,10,127,390800,108259,5413688,182976,1418942,834,138768,1102339,779,0,0,0,10,127898,519349,4037982,validation_failed,24,6,24,6
cancellation-accuracy,263,305,cancellation,12,6,5,6,6,0.8,0.3,5,2,0,1,10,73,443426,121983,6077225,80997,546629,305,64951,466272,259,0,0,0,10,56229,500230,1123793,passed,12,2,13,2
cancellation-accuracy,264,306,cancellation,10,4,3,5,4,0.8,0.3,5,2,0,1,10,60,413539,106196,5298983,37273,189413,360,29468,157647,397,0,0,0,10,24068,437982,1024857,passed,10,3,11,3
cancellation-accuracy,265,307,cancellation,20,4,2,6,4,0.8,0.3,5,2,0,1,9,99,407949,108681,5443369,98549,548402,305,76115,449332,337,0,0,0,9,63182,471656,1229603,passed,20,6,21,6
cancellation-accuracy,266,308,cancellation,24,5,3,3,6,0.8,0.3,5,2,0,1,11,154,585775,141741,7071816,161397,821995,1879,119034,651404,1700,0,0,0,11,103895,690589,2247748,passed,24,5,25,5
cancellation-accuracy,267,309,cancellation,12,6,2,4,4,0.8,0.3,5,2,0,1,11,74,498181,134230,6709946,89536,575674,344,74240,470055,314,0,0,0,11,62036,561076,1027759,passed,12,1,12,1
cancellation-accuracy,268,310,cancellation,22,3,2,4,4,0.8,0.3,5,2,0,1,15,194,580667,156931,7856195,201823,1566117,795,166713,1365265,676,0,0,0,15,144716,726746,1252838,passed,22,3,23,3
cancellation-accuracy,269,311,cancellation,18,3,3,5,3,0.8,0.3,5,2,0,1,12,123,397719,105348,5272859,126860,1223108,494,97831,1015335,492,0,0,0,12,89901,488544,1022737,passed,18,5,18,5
cancellation-accuracy,270,312,cancellation,10,3,5,5,4,0.8,0.3,5,2,0,1,9,54,410421,111198,5556831,33648,196908,101,26427,163704,134,0,0,0,9,22081,432894,1035522,validation_failed,10,1,10,1
cancellation-accuracy,271,313,cancellation,10,5,5,6,6,0.8,0.3,5,2,0,1,8,53,499429,132871,6641034,45841,258113,178,35661,216074,195,0,0,0,8,34472,534316,1003140,passed,10,3,11,3
cancellation-accuracy,272,314,cancellation,10,4,3,6,5,0.8,0.3,5,2,0,1,10,65,640786,174730,8739887,55089,390230,135,48711,357375,302,0,0,0,10,40222,681633,1002679,passed,10,1,11,1
cancellation-accuracy,273,315,cancellation,12,6,3,5,6,0.8,0.3,5,2,0,1,9,70,679480,184283,9216962,58033,303985,147,44714,251562,223,0,0,0,9,36567,716440,1084257,passed,12,3,13,3
cancellation-accuracy,274,316,cancellation,20,5,5,3,3,0.8,0.3,5,2,0,1,12,143,713282,185162,9234886,179115,1022786,1294,138344,801115,1299,0,0,0,12,111060,825351,1140609,passed,20,4,21,4
cancellation-accuracy,275,317,cancellation,24,5,4,6,6,0.8,0.3,5,2,0,1,13,177,885394,224335,11228279,488861,2734408,5771,371031,2217504,5343,0,0,0,13,324560,1211052,5433077,passed,24,5,25,5
cancellation-accuracy,276,318,cancellation,16,5,4,3,5,0.8,0.3,5,2,0,1,13,120,533983,143308,7161356,105657,637662,352,91693,556786,376,0,0,0,13,69926,604771,1138740,passed,16,3,17,3
cancellation-accuracy,277,319,cancellation,12,6,5,4,5,0.8,0.3,5,2,0,1,11,76,655534,177287,8854266,62799,424700,243,52053,361643,213,0,0,0,11,43005,699187,1011545,passed,12,2,13,2
cancellation-accuracy,278,320,cancellation,20,5,4,3,4,0.8,0.3,5,2,0,1,15,172,683436,174888,8741281,177019,1926451,719,153263,1688345,840,0,0,0,15,128490,813696,1122130,validation_failed,20,1,21,1
cancellation-accuracy,279,321,cancellation,18,5,2,6,4,0.8,0.3,5,2,0,1,9,104,562666,152944,7645023,79485,459780,245,60300,366497,237,0,0,0,9,51009,614229,1183971,passed,18,5,19,5
cancellation-accuracy,280,322,cancellation,10,4,3,3,4,0.8,0.3,5,2,0,1,9,58,569301,152578,7639114,33445,230992,125,26308,184826,147,0,0,0,9,25053,594898,1002752,validation_failed,10,2,11,2
cancellation-accuracy,281,323,cancellation,10,5,2,3,5,0.8,0.3,5,2,0,1,7,49,379773,103613,5169188,30773,137518,39,22528,103659,69,0,0,0,7,18096,398128,992773,passed,10,3,11,3
cancellation-accuracy,282,324,cancellation,12,3,2,6,3,0.8,0.3,5,2,0,1,11,81,405105,108451,5422774,51561,260500,176,43654,230575,170,0,0,0,11,36918,442617,992882,passed,12,3,13,3
cancellation-accuracy,283,325,cancellation,24,4,3,6,6,0.8,0.3,5,2,0,1,12,165,512187,138868,6952924,412379,2095747,1198,317940,1696082,1067,0,0,0,12,266836,780044,4403345,passed,24,5,25,5
cancellation-accuracy,284,326,cancellation,12,3,2,4,6,0.8,0.3,5,2,0,1,14,107,532096,137361,6866415,110225,693659,426,100764,648855,393,0,0,0,14,82321,615540,1048490,passed,12,1,13,1
cancellation-accuracy,285,327,cancellation,16,4,2,3,5,0.8,0.3,5,2,0,1,11,106,556112,151681,7578468,75771,541343,218,63400,465450,340,0,0,0,11,51596,608447,1078084,passed,16,1,17,1
cancellation-accuracy,286,328,cancellation,18,5,5,4,6,0.8,0.3,5,2,0,1,12,131,511785,131729,6611058,176743,1013679,571,140005,838188,584,0,0,0,12,118828,631420,1434565,passed,18,3,19,3
cancellation-accuracy,287,329,cancellation,12,5,2,4,3,0.8,0.3,5,2,0,1,13,108,833413,226653,11330300,63349,561545,172,55431,506765,259,0,0,0,13,47167,881432,980069,passed,12,2,13,2
cancellation-accuracy,288,330,cancellation,20,3,2,6,3,0.8,0.3,5,2,0,1,14,154,767494,204802,10251291,212455,2244319,909,167677,1717320,893,0,0,0,14,156683,925322,1038886,validation_failed,20,3,19,3
cancellation-accuracy,289,331,cancellation,18,4,2,5,3,0.8,0.3,5,2,0,1,12,116,419973,113673,5681819,107913,577484,351,81553,452267,306,0,0,0,12,71752,492355,1044912,passed,18,5,19,5
cancellation-accuracy,290,332,cancellation,24,3,2,5,3,0.8,0.3,5,2,0,1,19,275,666931,182736,9147737,386669,3489288,1589,328804,3137483,1372,0,0,0,19,276577,946512,1153275,passed,24,4,25,4
cancellation-accuracy,291,333,cancellation,18,3,3,6,6,0.8,0.3,5,2,0,1,7,77,484234,128148,6395958,71299,768513,380,50649,604960,233,0,0,0,7,53975,538702,1713768,passed,18,6,19,6
cancellation-accuracy,292,334,cancellation,14,5,4,3,6,0.8,0.3,5,2,0,1,11,96,413850,113143,5646506,74525,452614,246,57179,369362,231,0,0,0,11,47915,462360,1104365,passed,14,6,15,6
cancellation-accuracy,293,335,cancellation,22,3,3,4,3,0.8,0.3,5,2,0,1,17,201,490029,129187,6476235,323253,1900126,878,269496,1610829,1047,0,0,0,17,211100,702750,1101345,passed,22,3,23,3
cancellation-accuracy,294,336,cancellation,16,3,5,4,3,0.8,0.3,5,2,0,1,13,132,641841,167906,8380663,126711,731952,381,96426,548936,364,0,0,0,13,82210,724949,1084578,passed,16,5,17,5
cancellation-accuracy,295,337,cancellation,18,5,3,3,6,0.8,0.3,5,2,0,1,14,153,766173,196990,9857844,137947,906385,650,118872,807341,483,0,0,0,14,104028,871281,1374044,validation_failed,18,2,17,2
cancellation-accuracy,296,338,cancellation,24,3,3,6,4,0.8,0.3,5,2,0,1,13,204,550020,150309,7515716,429643,3034234,1282,315974,2343706,1243,0,0,0,13,290516,841687,1617453,passed,24,7,25,7
cancellation-accuracy,297,339,cancellation,22,6,4,3,5,0.8,0.3,5,2,0,1,12,170,658970,177707,8910298,177343,1066233,512,141513,896241,680,0,0,0,12,116756,776656,1621875,passed,22,4,23,4
cancellation-accuracy,298,340,cancellation,18,4,4,4,6,0.8,0.3,5,2,0,1,12,132,568001,156636,7831598,204885,1609506,1019,157574,1332527,1208,0,0,0,12,138794,707756,1553763,passed,18,3,19,3
cancellation-accuracy,299,341,cancellation,16,4,5,6,5,0.8,0.3,5,2,0,1,9,95,533719,142254,7120777,96057,491339,330,75823,407487,324,0,0,0,9,63266,597563,1181842,passed,16,3,17,3
cancellation-accuracy,0,42,cancellation,22,6,2,5,5,0.8,0.3,5,2,1,1,4,81,429239,513977,25701268,227525,3238250,1856,184299,2802525,1790,12,2664698,8,12,196157,3291446,1824795,passed,22,4,23,4
cancellation-accuracy,1,43,cancellation,18,3,5,4,4,0.8,0.3,5,2,1,1,4,75,386391,539073,26962434,173999,1543336,5159,154145,1381377,5098,14,2694761,10,14,152027,3234759,1144431,passed,18,2,19,2
cancellation-accuracy,2,44,cancellation,18,6,3,4,6,0.8,0.3,5,2,1,1,2,38,382724,313368,15646249,213383,2332108,4804,188144,2094792,5368,10,1705190,8,10,173982,2263984,1553213,passed,18,3,19,3
cancellation-accuracy,3,45,cancellation,16,5,5,3,3,0.8,0.3,5,2,1,1,5,66,416391,607370,30374876,64892,490933,955,47001,372731,1069,10,2311741,5,10,44516,2773415,1089556,passed,16,5,17,5
cancellation-accuracy,4,46,cancellation,20,4,2,3,5,0.8,0.3,5,2,1,1,6,74,398309,766298,38318269,109208,1187453,2623,85281,1020532,2026,13,2939502,7,13,88030,3427222,1337391,passed,20,4,21,4
cancellation-accuracy,5,47,cancellation,24,5,5,3,3,0.8,0.3,5,2,1,1,4,92,404159,526642,26356039,238805,3077895,6121,203218,2643799,8255,16,3005096,12,16,202648,3614817,1198867,passed,24,4,25,4
cancellation-accuracy,6,48,cancellation,10,6,3,3,6,0.8,0.3,5,2,1,1,6,55,449405,731376,36594698,55614,601833,1330,44944,518937,992,11,2681488,5,11,45720,3177406,1103631,passed,10,2,11,2
cancellation-accuracy,7,49,cancellation,14,4,2,4,5,0.8,0.3,5,2,1,1,6,58,425205,825990,41285662,119554,1950891,5026,98002,1692672,5075,13,3334438,7,13,127033,3888877,1129725,passed,14,1,15,1
cancellation-accuracy,8,50,cancellation,10,3,5,4,4,0.8,0.3,5,2,1,1,2,14,404228,300784,15028139,15321,95136,489,11426,74233,156,6,951222,4,6,10828,1366652,1018480,passed,10,3,11,3
cancellation-accuracy,9,51,cancellation,22,4,3,3,4,0.8,0.3,5,2,1,1,7,108,382207,840678,42039993,140099,1650942,813,111012,1376848,543,13,3473782,6,13,106669,3964297,1239487,passed,22,4,23,4
cancellation-accuracy,10,52,cancellation,20,3,5,4,6,0.8,0.3,5,2,1,1,1,21,389727,208436,10426918,195909,2034960,3010,160987,1800984,2866,13,1510067,12,13,154265,2055380,1907006,passed,20,6,21,6
cancellation-accuracy,11,53,cancellation,12,4,3,4,6,0.8,0.3,5,2,1,1,2,21,380596,302403,15131054,37325,274312,204,28523,229979,211,8,991076,6,8,28287,1400318,1075208,passed,12,3,13,3
cancellation-accuracy,12,54,cancellation,24,4,4,6,6,0.8,0.3,5,2,1,1,2,50,445818,309935,15497651,616135,8325391,3396,573585,7854380,3927,12,2313519,10,12,548347,3309790,4865720,passed,24,2,25,2
cancellation-accuracy,13,55,cancellation,20,5,5,3,4,0.8,0.3,5,2,1,1,4,82,408384,512530,25658510,177668,3104138,1543,144167,2737175,1358,13,2450230,9,13,157945,3018284,1199615,passed,20,6,21,6
cancellation-accuracy,14,56,cancellation,20,3,5,3,5,0.8,0.3,5,2,1,1,3,56,357882,449150,22485118,88617,1664801,5045,75427,1427135,4143,10,1905485,7,10,81478,2347787,1199849,validation_failed,20,3,20,3
cancellation-accuracy,15,57,cancellation,24,5,3,5,6,0.8,0.3,5,2,1,1,5,69,385836,647294,32354659,260076,2923732,5883,196098,2484812,5436,12,2809766,7,12,189394,3386520,3688544,passed,24,5,25,5
cancellation-accuracy,16,58,cancellation,16,3,5,4,5,0.8,0.3,5,2,1,1,8,100,431708,964256,48232296,115271,865727,430,91572,710708,396,12,3415514,4,12,78988,3927199,1095457,passed,16,3,17,3
cancellation-accuracy,17,59,cancellation,12,3,3,6,6,0.8,0.3,5,2,1,1,5,50,368998,654958,32774568,196241,2476838,760,155876,1983458,783,11,2346219,6,11,156784,2873124,1076266,passed,12,2,13,2
cancellation-accuracy,18,60,cancellation,20,4,4,5,6,0.8,0.3,5,2,1,1,7,107,392281,818636,40960705,227457,1639650,729,178625,1330322,655,13,3230560,6,13,149756,3773665,2077256,passed,20,3,21,3
cancellation-accuracy,19,61,cancellation,16,5,4,3,6,0.8,0.3,5,2,1,1,1,17,396026,202994,10119861,31682,210790,120,26060,180594,111,6,612855,5,6,21068,1030228,1176689,passed,16,3,17,3
cancellation-accuracy,20,62,cancellation,14,3,3,4,6,0.8,0.3,5,2,1,1,1,15,408841,201436,10074619,49268,417683,427,37840,340775,318,8,769862,7,8,41409,1220769,1170739,passed,14,3,15,3
cancellation-accuracy,21,63,cancellation,18,3,5,6,5,0.8,0.3,5,2,1,1,5,67,378172,627717,31360415,121565,977231,533,94645,802443,450,11,2377285,6,11,85334,2841609,1333343,passed,18,4,19,4
cancellation-accuracy,22,64,cancellation,18,5,5,5,5,0.8,0.3,5,2,1,1,5,61,390797,625348,31257643,237813,2794293,1926,196551,2401896,1938,15,2801181,10,15,187495,3381071,1325079,passed,18,2,19,2
cancellation-accuracy,23,65,cancellation,22,4,5,3,4,0.8,0.3,5,2,1,1,8,140,472803,994068,49667734,272076,3314928,2917,217988,2802289,2971,17,4585322,9,17,206637,5267145,1283736,passed,22,4,23,4
cancellation-accuracy,24,66,cancellation,18,3,5,6,5,0.8,0.3,5,2,1,1,1,19,375615,223739,11210687,171070,1865497,2312,128044,1470941,1982,10,1189121,9,10,137149,1702797,1385352,passed,18,3,19,3
cancellation-accuracy,25,67,cancellation,16,4,4,4,6,0.8,0.3,5,2,1,1,4,56,385391,510038,25518360,65813,760526,1072,48222,608401,1097,8,1902229,4,8,50647,2338903,1306811,passed,16,3,17,3
cancellation-accuracy,26,68,cancellation,24,5,5,3,5,0.8,0.3,5,2,1,1,1,25,383289,206072,10330318,167468,1587432,2413,144332,1387242,2193,10,1398073,9,10,129606,1912271,1795992,passed,24,3,25,3
cancellation-accuracy,27,69,cancellation,22,6,3,6,5,0.8,0.3,5,2,1,1,8,156,385903,908486,45412336,322075,3130150,3573,276173,2757166,3492,14,4456757,6,14,248410,5092289,2022982,passed,22,4,23,4
cancellation-accuracy,28,70,cancellation,22,5,4,3,3,0.8,0.3,5,2,1,1,4,75,405289,517119,25856131,163477,2226713,2361,136677,1891554,2119,14,2450136,10,14,131493,2988849,1109281,passed,22,3,23,3
cancellation-accuracy,29,71,cancellation,16,4,5,6,3,0.8,0.3,5,2,1,1,5,60,375481,604151,30153258,95875,775524,784,72743,612816,760,11,2322700,6,11,65106,2764177,1039832,passed,16,3,17,3
cancellation-accuracy,30,72,cancellation,10,6,4,5,4,0.8,0.3,5,2,1,1,3,25,364746,401794,20130901,60848,446327,685,46713,370829,1066,10,1529021,7,10,44300,1938620,1010830,passed,10,3,11,3
cancellation-accuracy,31,73,cancellation,22,5,4,5,3,0.8,0.3,5,2,1,1,5,99,377364,610407,30501091,432913,5844650,9188,385261,5407614,8008,19,3328005,14,19,386371,4095204,1144737,passed,22,3,23,3
cancellation-accuracy,32,74,cancellation,22,6,3,4,5,0.8,0.3,5,2,1,1,6,110,382227,705346,35281090,166986,1430166,1452,129033,1161132,1184,11,3232191,5,11,114520,3730003,2057624,passed,22,6,23,6
cancellation-accuracy,33,75,cancellation,10,3,5,4,3,0.8,0.3,5,2,1,1,2,18,379972,303356,15171486,14193,145002,243,11175,113630,242,6,800265,4,6,11434,1192185,1078476,passed,10,3,11,3
cancellation-accuracy,34,76,cancellation,12,6,5,3,5,0.8,0.3,5,2,1,1,5,54,411876,607494,30400853,52107,377667,707,43287,313766,682,9,2196738,4,9,39441,2648658,1053572,passed,12,2,13,2
cancellation-accuracy,35,77,cancellation,24,6,2,3,6,0.8,0.3,5,2,1,1,6,116,425930,777815,38895649,296820,6570334,23673,245690,5572431,20817,15,3576039,9,15,286289,4291123,2980213,passed,24,3,25,3
cancellation-accuracy,36,78,cancellation,20,5,5,3,4,0.8,0.3,5,2,1,1,6,110,877287,848087,42405667,210379,1860883,2113,167921,1562726,1710,14,3324372,8,14,148389,4351630,1203388,passed,20,3,21,3
cancellation-accuracy,37,79,cancellation,24,4,4,6,3,0.8,0.3,5,2,1,1,3,73,381351,415833,20793291,243036,2400794,3077,180659,1918548,2578,14,2174571,11,14,178952,2736183,1250575,passed,24,6,25,6
cancellation-accuracy,38,80,cancellation,24,3,4,6,5,0.8,0.3,5,2,1,1,5,101,419484,622033,31112637,901132,5695461,13626,827096,5214084,16589,14,3241727,9,14,708456,4371063,2992178,passed,24,2,25,2
cancellation-accuracy,39,81,cancellation,16,4,2,5,6,0.8,0.3,5,2,1,1,6,94,399905,709636,35524080,195927,2551411,3295,151802,2009552,2586,12,2773335,6,12,162385,3337930,1438458,passed,16,3,17,3
cancellation-accuracy,40,82,cancellation,16,5,5,6,4,0.8,0.3,5,2,1,1,7,91,421392,837824,41848972,179758,2087125,3370,146433,1766160,2921,14,3505775,7,14,150491,4079128,1181698,passed,16,2,17,2
cancellation-accuracy,41,83,cancellation,14,6,2,6,3,0.8,0.3,5,2,1,1,4,56,397418,505984,25317337,94551,799077,2320,79488,684172,2290,12,2305186,8,12,77411,2780975,1102646,passed,14,3,15,3
cancellation-accuracy,42,84,cancellation,14,4,3,3,4,0.8,0.3,5,2,1,1,4,38,423238,512263,25631504,23102,251965,392,16549,184502,385,7,1675242,3,7,17290,2116441,1075582,passed,14,4,15,4
cancellation-accuracy,43,85,cancellation,14,3,3,3,6,0.8,0.3,5,2,1,1,5,53,423736,770588,38502157,74432,1060920,1352,59044,910516,1327,12,3108599,7,12,67442,3601111,1230483,passed,14,4,15,4
cancellation-accuracy,44,86,cancellation,18,3,2,3,6,0.8,0.3,5,2,1,1,6,68,444146,811096,40587208,57323,510191,1152,45870,429101,1964,10,3066192,4,10,47297,3558421,1568341,validation_failed,18,3,19,3
cancellation-accuracy,45,87,cancellation,22,4,5,6,6,0.8,0.3,5,2,1,1,2,46,473476,323730,16195020,404372,2984765,1943,334003,2481234,1986,11,1956919,9,11,323462,2754941,3312809,passed,22,4,23,4
cancellation-accuracy,46,88,cancellation,10,3,5,4,5,0.8,0.3,5,2,1,1,1,11,402120,201593,10089541,24758,148071,112,18904,120806,202,6,682155,5,6,20892,1105476,1087935,passed,10,2,11,2
cancellation-accuracy,47,89,cancellation,16,5,2,4,5,0.8,0.3,5,2,1,1,5,61,496703,625726,31314566,79473,874454,378,61328,749420,437,11,2443721,6,11,64463,3005764,1179737,passed,16,5,17,5
cancellation-accuracy,48,90,cancellation,16,4,4,6,6,0.8,0.3,5,2,1,1,3,37,420031,441950,22116021,131145,1593733,4885,105407,1336861,5181,11,1797990,8,11,120495,2340473,1540595,passed,16,3,17,3
cancellation-accuracy,49,91,cancellation,14,5,4,5,4,0.8,0.3,5,2,1,1,6,66,427327,713669,35728514,81779,605067,2437,66308,506523,2689,12,3008391,6,12,65531,3502059,1177319,passed,14,3,15,3
cancellation-accuracy,50,92,cancellation,14,5,5,5,6,0.8,0.3,5,2,1,1,2,30,404884,303796,15187534,74987,559385,1245,56978,453438,1560,6,1222520,4,6,55962,1683776,1245684,passed,14,4,15,4
cancellation-accuracy,51,93,cancellation,20,6,2,3,6,0.8,0.3,5,2,1,1,2,42,390080,318570,15935224,171296,2109518,3298,132017,1738765,3634,13,1994520,11,13,135185,2520812,1642630,passed,20,4,21,4
cancellation-accuracy,52,94,cancellation,16,5,2,4,6,0.8,0.3,5,2,1,1,3,49,361729,404575,20250542,99632,5102021,29391,72687,4005367,23034,10,2057789,7,10,154468,2575909,1293490,passed,16,4,17,4
cancellation-accuracy,53,95,cancellation,22,4,5,5,5,0.8,0.3,5,2,1,1,4,88,435245,522305,26109383,287057,2043257,1080,258832,1847248,1109,10,2565713,6,10,210127,3212164,1973205,passed,22,2,23,2
cancellation-accuracy,54,96,cancellation,18,5,4,3,3,0.8,0.3,5,2,1,1,10,146,407721,1203730,60189047,204168,3498306,3896,166791,2898960,3290,17,4973377,7,17,170203,5554025,1043002,passed,18,2,19,2
cancellation-accuracy,55,97,cancellation,14,6,3,6,4,0.8,0.3,5,2,1,1,4,55,367150,502169,25116449,72815,480993,240,53025,374453,199,9,1967518,5,9,46360,2381662,1013859,passed,14,4,14,4
cancellation-accuracy,56,98,cancellation,14,5,2,6,6,0.8,0.3,5,2,1,1,2,30,393426,302914,15138679,73563,465364,295,61729,408486,220,8,1176789,6,8,53811,1624472,1200378,passed,14,3,15,3
cancellation-accuracy,57,99,cancellation,12,6,3,3,4,0.8,0.3,5,2,1,1,3,35,376087,410629,20536852,51111,480062,178,44680,427167,158,11,1514619,8,11,37564,1929069,1000618,passed,12,2,13,2
cancellation-accuracy,58,100,cancellation,10,3,5,6,6,0.8,0.3,5,2,1,1,3,23,373931,401971,20106618,26096,128609,63,18964,104638,61,6,1186678,3,6,16939,1577764,998727,passed,10,3,11,3
cancellation-accuracy,59,101,cancellation,24,6,3,5,6,0.8,0.3,5,2,1,1,6,132,478196,732836,36644503,211900,1816064,793,161590,1404760,700,9,3120681,3,9,144324,3743858,4235247,passed,24,3,25,3
cancellation-accuracy,60,102,cancellation,10,6,4,5,5,0.8,0.3,5,2,1,1,1,11,369851,200967,10044807,75996,800198,387,66323,729682,393,10,733724,9,10,61837,1166531,1024899,passed,10,2,11,2
cancellation-accuracy,61,103,cancellation,24,4,5,6,4,0.8,0.3,5,2,1,1,3,57,367372,539871,27026579,414801,5202456,2005,354678,4619591,1813,17,2720560,14,17,343713,3434315,1517846,passed,24,2,25,2
cancellation-accuracy,62,104,cancellation,20,4,3,6,5,0.8,0.3,5,2,1,1,3,45,401918,436990,21845757,442200,5782149,3844,394463,5205391,3644,16,2575086,13,16,384745,3363686,1585487,passed,20,1,21,1
cancellation-accuracy,63,105,cancellation,10,4,4,4,3,0.8,0.3,5,2,1,1,1,11,377260,205769,10300504,47354,493031,205,42180,447085,223,12,757016,11,12,36594,1171737,1013468,passed,10,1,11,1
cancellation-accuracy,64,106,cancellation,22,5,5,4,6,0.8,0.3,5,2,1,1,4,62,371188,503485,25157692,98965,989473,423,74202,790836,495,8,2195965,4,8,72398,2640237,2331461,passed,22,3,23,3
cancellation-accuracy,65,107,cancellation,22,3,3,5,5,0.8,0.3,5,2,1,1,9,114,455593,1091658,54570871,245373,1798214,3821,204550,1541396,3050,15,4414512,6,15,180975,5052816,1805123,passed,22,2,23,2
cancellation-accuracy,66,108,cancellation,16,6,3,6,5,0.8,0.3,5,2,1,1,1,17,378290,201046,10047989,51328,379242,570,38135,304624,452,6,785184,5,6,34725,1198591,1276117,passed,16,6,17,6
cancellation-accuracy,67,109,cancellation,22,4,3,4,3,0.8,0.3,5,2,1,1,7,125,394405,934175,46693729,261126,1944260,3583,212657,1679403,3526,18,4050414,11,18,186736,4633420,1114137,passed,22,5,23,5
cancellation-accuracy,68,110,cancellation,10,6,3,6,4,0.8,0.3,5,2,1,1,4,34,385905,503439,25209351,47135,247484,316,39321,210704,602,9,1781984,5,9,31937,2200267,1011515,passed,10,3,10,3
cancellation-accuracy,69,111,cancellation,18,3,2,3,5,0.8,0.3,5,2,1,1,4,50,388729,509921,25469466,45375,297591,626,34663,247647,364,8,1814719,4,8,30876,2234787,1200616,passed,18,3,19,3
cancellation-accuracy,70,112,cancellation,18,6,2,5,4,0.8,0.3,5,2,1,1,4,60,431859,520879,26043150,212757,2339647,3347,182962,2000190,3322,14,2419818,10,14,174497,3027924,1132674,passed,18,2,19,2
cancellation-accuracy,71,113,cancellation,20,3,4,5,3,0.8,0.3,5,2,1,1,2,42,374540,311007,15542387,203401,2248744,955,160099,1907066,730,14,1815287,12,14,151935,2343408,1052975,passed,20,4,21,4
cancellation-accuracy,72,114,cancellation,14,6,4,5,6,0.8,0.3,5,2,1,1,4,40,369881,501177,25049304,68521,876577,400,52931,712674,300,8,1860280,4,8,53784,2284618,1164970,passed,14,2,15,2
cancellation-accuracy,73,115,cancellation,14,3,5,5,5,0.8,0.3,5,2,1,1,1,15,373312,201348,10073514,84840,1004945,1794,62772,791969,1761,8,793889,7,8,65892,1234015,1132963,passed,14,3,15,3
cancellation-accuracy,74,116,cancellation,20,6,2,5,4,0.8,0.3,5,2,1,1,1,21,365220,208986,10465838,164696,1690493,2378,135908,1455286,1642,12,1403129,11,12,122352,1892167,1223371,validation_failed,20,2,21,2
cancellation-accuracy,75,117,cancellation,22,3,2,4,6,0.8,0.3,5,2,1,1,5,94,387309,603732,30185838,228500,2597157,8161,152576,1955126,7196,10,3330814,5,10,182945,3902097,2947642,passed,22,6,23,6
cancellation-accuracy,76,118,cancellation,10,6,5,4,6,0.8,0.3,5,2,1,1,2,20,377813,303694,15196550,34412,270871,408,27640,233173,441,7,916730,5,7,25303,1320529,1004969,passed,10,3,11,3
cancellation-accuracy,77,119,cancellation,14,5,4,5,5,0.8,0.3,5,2,1,1,2,30,364542,302377,15126197,61764,484017,328,41765,376588,391,7,1104526,5,7,44718,1514149,1058649,passed,14,3,15,3
cancellation-accuracy,78,120,cancellation,24,3,4,6,5,0.8,0.3,5,2,1,1,4,69,376237,510720,25571380,212855,1758843,821,172264,1507788,823,12,2088648,8,12,152353,2618102,2441627,passed,24,6,25,6
cancellation-accuracy,79,121,cancellation,14,4,2,6,3,0.8,0.3,5,2,1,1,5,69,396974,653723,32707457,106258,1074910,446,89600,951047,443,14,2386195,9,14,77890,2862233,967407,passed,14,3,15,3
cancellation-accuracy,80,122,cancellation,24,5,4,5,3,0.8,0.3,5,2,1,1,13,253,416332,1461209,73099056,481912,5261380,4292,422483,4678742,4911,22,6389882,9,22,387450,7196349,1367471,passed,24,3,25,3
cancellation-accuracy,81,123,cancellation,22,4,4,5,3,0.8,0.3,5,2,1,1,6,136,450037,733796,36654591,332391,4836819,13155,281553,4190144,12265,18,4120945,12,18,316731,4890701,1184519,passed,22,4,23,4
cancellation-accuracy,82,124,cancellation,22,3,3,6,5,0.8,0.3,5,2,1,1,5,99,390624,725787,36283233,213904,4240520,5554,163552,3279542,4935,12,3515384,7,12,200814,4108302,1870566,passed,22,5,23,5
cancellation-accuracy,83,125,cancellation,20,4,4,6,6,0.8,0.3,5,2,1,1,6,108,412002,721131,36083086,269203,2054027,794,216213,1754928,948,12,3088174,6,12,184748,3685887,2161692,passed,20,3,21,3
cancellation-accuracy,84,126,cancellation,22,6,4,4,6,0.8,0.3,5,2,1,1,5,105,501189,640958,32077754,237646,2772149,1626,204513,2406178,1367,12,2858447,7,12,186873,3547623,2624547,passed,22,3,23,3
cancellation-accuracy,85,127,cancellation,12,3,4,3,3,0.8,0.3,5,2,1,1,3,31,363510,458847,22954476,24016,158889,265,17823,122320,198,8,1515280,5,8,16277,1895454,978789,passed,12,3,13,3
cancellation-accuracy,86,128,cancellation,14,6,3,5,6,0.8,0.3,5,2,1,1,8,98,371047,900918,45001262,182046,1030294,1237,146826,836297,1233,9,3560987,1,9,121973,4054674,1243378,passed,14,2,15,2
cancellation-accuracy,87,129,cancellation,24,6,2,5,3,0.8,0.3,5,2,1,1,6,104,377330,721455,36064242,340776,4672632,3800,268590,3897694,3600,17,3933894,11,17,271690,4585870,1243674,passed,24,4,25,4
cancellation-accuracy,88,130,cancellation,12,4,3,6,5,0.8,0.3,5,2,1,1,2,24,364425,300618,15038908,77575,451386,348,61776,378220,214,8,1139368,6,8,53524,1557798,1017067,passed,12,4,13,4
cancellation-accuracy,89,131,cancellation,16,5,2,6,4,0.8,0.3,5,2,1,1,3,51,375720,409603,20459759,150825,1490683,829,135277,1348715,800,13,1815071,10,13,118843,2310674,1067383,passed,16,2,17,2
cancellation-accuracy,90,132,cancellation,12,5,3,5,5,0.8,0.3,5,2,1,1,3,39,367464,404143,20187903,84649,853803,351,70986,752487,325,11,1757315,8,11,62897,2188309,1004743,passed,12,3,13,3
cancellation-accuracy,91,133,cancellation,12,3,2,4,5,0.8,0.3,5,2,1,1,8,66,422824,935547,46743455,91952,1433530,561,75508,1208769,520,11,3077773,3,11,76202,3578118,984798,passed,12,1,13,1
cancellation-accuracy,92,134,cancellation,16,5,2,6,5,0.8,0.3,5,2,1,1,1,17,361922,201899,10069622,86267,712594,403,70879,621954,331,9,850255,8,9,62473,1275171,1153321,passed,16,4,17,4
cancellation-accuracy,93,135,cancellation,24,6,5,6,3,0.8,0.3,5,2,1,1,13,265,421455,1421329,71051637,641111,6333082,10425,515055,5209271,9053,21,6748377,8,21,485236,7657964,1215422,passed,24,3,25,3
cancellation-accuracy,94,136,cancellation,24,4,4,4,5,0.8,0.3,5,2,1,1,6,124,583886,752111,37623090,271618,3623386,7875,215519,3050322,5688,13,3501273,7,13,225289,4311918,2396682,passed,24,3,25,3
cancellation-accuracy,95,137,cancellation,22,5,3,6,3,0.8,0.3,5,2,1,1,9,137,417255,1037394,51933493,259654,2319301,2786,208936,1928694,2955,16,4341114,7,16,189696,4949608,1124058,passed,22,4,23,4
cancellation-accuracy,96,138,cancellation,14,4,3,4,4,0.8,0.3,5,2,1,1,2,30,377080,308527,15424177,100792,1450122,387,81908,1176158,444,11,1320418,9,11,81772,1780259,999639,passed,14,2,15,2
cancellation-accuracy,97,139,cancellation,18,3,2,3,4,0.8,0.3,5,2,1,1,6,80,664732,794456,39733335,103357,1503293,1064,84864,1254994,863,12,2847367,6,12,83431,3597464,1059295,validation_failed,18,2,19,2
cancellation-accuracy,98,140,cancellation,10,5,5,5,4,0.8,0.3,5,2,1,1,2,19,365388,301181,15065034,19213,99696,60,12412,68502,63,5,849510,3,5,11447,1226590,994316,passed,10,3,10,3
cancellation-accuracy,99,141,cancellation,22,4,3,6,6,0.8,0.3,5,2,1,1,4,74,408028,513329,25700569,193787,1988057,709,156437,1702838,640,10,2268656,6,10,151378,2829096,3134616,passed,22,5,23,5
cancellation-accuracy,100,142,cancellation,20,4,5,6,3,0.8,0.3,5,2,1,1,4,82,377094,520600,26018304,333175,3195193,1225,291039,2598649,1132,16,2542332,12,16,238482,3159269,1054599,passed,20,4,21,4
cancellation-accuracy,101,143,cancellation,22,4,3,4,5,0.8,0.3,5,2,1,1,3,69,355696,403831,20185724,171637,1253217,663,148463,1106853,616,11,2059931,8,11,116522,2532888,1592620,passed,22,3,23,3
cancellation-accuracy,102,144,cancellation,24,3,4,3,5,0.8,0.3,5,2,1,1,3,71,399354,421018,21056653,102473,1852223,1120,77925,1465042,1083,9,2009416,6,9,82203,2492207,1750610,passed,24,8,25,8
cancellation-accuracy,103,145,cancellation,20,4,4,6,5,0.8,0.3,5,2,1,1,2,42,364679,302772,15116683,328678,3607344,1241,235737,2806714,1100,11,1547332,9,11,241999,2156207,1491059,passed,20,6,21,6
cancellation-accuracy,104,146,cancellation,16,5,3,5,3,0.8,0.3,5,2,1,1,1,16,353289,206720,10348554,134596,1480462,736,118407,1306745,581,13,1185859,12,13,104993,1645453,1037258,passed,16,2,16,2
cancellation-accuracy,105,147,cancellation,22,3,5,4,5,0.8,0.3,5,2,1,1,6,120,411877,736421,36799710,276071,3948467,1053,205950,3075560,832,12,2945926,6,12,211280,3570150,1652492,passed,22,6,23,6
cancellation-accuracy,106,148,cancellation,16,6,5,5,6,0.8,0.3,5,2,1,1,1,17,377980,206942,10346602,108905,1027417,506,82308,817768,278,9,1016888,8,9,79104,1474599,1296551,passed,16,3,17,3
cancellation-accuracy,107,149,cancellation,12,3,3,6,4,0.8,0.3,5,2,1,1,6,60,413715,720615,36047890,72454,1800721,8407,57155,1533059,7563,11,2735508,5,11,73981,3224285,1035342,passed,12,2,13,2
cancellation-accuracy,108,150,cancellation,18,5,5,4,3,0.8,0.3,5,2,1,1,4,72,514971,568175,28457505,270928,4352332,1926,246597,4051329,1724,19,2652459,15,19,242002,3411786,1075446,passed,18,1,19,1
cancellation-accuracy,109,151,cancellation,10,5,3,4,3,0.8,0.3,5,2,1,1,4,38,362293,501420,25057831,32097,349580,241,27012,306452,267,10,1591964,6,10,25324,1980259,985153,passed,10,3,11,3
cancellation-accuracy,110,152,cancellation,18,6,5,4,6,0.8,0.3,5,2,1,1,3,55,369316,401020,20033670,128294,1462941,1564,93072,1204746,1526,10,1984680,7,10,95494,2450126,1468935,passed,18,5,19,5
cancellation-accuracy,111,153,cancellation,24,3,2,3,6,0.8,0.3,5,2,1,1,4,76,495901,529982,26512606,151237,941280,1459,124580,797107,1430,10,2332016,6,10,105297,2934045,2562940,passed,24,3,25,3
cancellation-accuracy,112,154,cancellation,12,4,3,4,3,0.8,0.3,5,2,1,1,4,44,369669,526883,26323805,53157,690819,862,45964,602923,871,12,1793445,8,12,46621,2211171,996377,passed,12,2,13,2
cancellation-accuracy,113,155,cancellation,18,4,4,6,3,0.8,0.3,5,2,1,1,6,86,384018,724566,36239608,118710,885356,852,91943,739821,758,13,2758858,7,13,83170,3226843,1022334,passed,18,5,19,5
cancellation-accuracy,114,156,cancellation,18,3,4,4,6,0.8,0.3,5,2,1,1,4,70,374311,512965,25655186,235847,3111823,1043,190500,2491126,1198,10,2192933,6,10,192254,2760549,1524292,passed,18,3,19,3
cancellation-accuracy,115,157,cancellation,10,6,4,6,5,0.8,0.3,5,2,1,1,2,22,401916,302418,15126810,59668,413736,782,52213,350852,434,7,1130497,5,7,42843,1575638,1063255,passed,10,1,11,1
cancellation-accuracy,116,158,cancellation,20,5,2,5,4,0.8,0.3,5,2,1,1,1,21,367866,204183,10217119,110920,924990,1492,88180,785482,1170,10,1198593,9,10,90151,1657451,1191078,passed,20,4,21,4
cancellation-accuracy,117,159,cancellation,16,6,5,6,3,0.8,0.3,5,2,1,1,7,113,401713,836234,41784963,253025,4859844,10184,202768,4096844,10876,17,3449211,10,17,216386,4070093,969034,passed,16,2,17,2
cancellation-accuracy,118,160,cancellation,10,5,5,3,4,0.8,0.3,5,2,1,1,2,20,348963,300372,14984978,17171,163517,61,13451,141017,82,6,797148,4,6,11748,1158248,945973,passed,10,4,11,4
cancellation-accuracy,119,161,cancellation,22,6,5,6,3,0.8,0.3,5,2,1,1,5,101,397615,632012,31580715,351465,8525570,10724,307698,7506586,10110,17,3286545,12,17,335083,4022197,1090101,passed,22,2,23,2
cancellation-accuracy,120,162,cancellation,16,6,4,4,5,0.8,0.3,5,2,1,1,2,34,384215,311052,15536289,109362,2031107,8213,94098,1817480,8664,9,1607998,7,9,101112,2095025,1138527,passed,16,3,17,3
cancellation-accuracy,121,163,cancellation,12,5,5,6,5,0.8,0.3,5,2,1,1,2,26,359340,302976,15160956,117601,1002007,473,104568,896905,440,10,1340643,8,10,86587,1787891,1002251,passed,12,2,13,2
cancellation-accuracy,122,164,cancellation,10,5,3,3,5,0.8,0.3,5,2,1,1,6,50,408905,709319,35469179,25445,177950,101,19742,145052,50,8,2303849,2,8,17320,2730535,1007983,passed,10,2,11,2
cancellation-accuracy,123,165,cancellation,10,5,2,5,3,0.8,0.3,5,2,1,1,2,22,368557,307327,15350797,39657,379252,329,29531,281930,163,8,991205,6,8,29769,1390511,969243,passed,10,3,11,3
cancellation-accuracy,124,166,cancellation,20,4,3,5,4,0.8,0.3,5,2,1,1,1,21,352978,211903,10595716,233319,2316027,1052,194944,2017490,910,13,1504352,12,13,177416,2036442,1166747,passed,20,3,21,3
cancellation-accuracy,125,167,cancellation,12,5,3,6,3,0.8,0.3,5,2,1,1,2,26,365279,301518,15052730,53713,628183,388,43093,529616,245,10,1123661,8,10,45538,1535202,966381,passed,12,4,13,4
cancellation-accuracy,126,168,cancellation,20,6,3,4,6,0.8,0.3,5,2,1,1,3,62,367213,414055,20722867,210533,3165481,1524,178471,2621594,1485,13,2012414,10,13,178383,2559042,1855534,passed,20,3,21,3
cancellation-accuracy,127,169,cancellation,16,4,3,3,6,0.8,0.3,5,2,1,1,3,35,422739,431740,21598956,87819,813681,387,70199,680720,328,11,1717639,8,11,66775,2208176,1132248,passed,16,2,17,2
cancellation-accuracy,128,170,cancellation,14,6,2,3,3,0.8,0.3,5,2,1,1,3,36,374008,404075,20207101,43165,576844,213,37195,486435,169,10,1442568,7,10,34628,1852032,983753,passed,14,4,14,4
cancellation-accuracy,129,171,cancellation,20,3,4,4,5,0.8,0.3,5,2,1,1,6,85,376463,702841,35152147,82065,480354,274,62211,382682,246,8,2514319,2,8,53064,2944337,1394637,passed,20,4,21,4
cancellation-accuracy,130,172,cancellation,14,4,4,6,5,0.8,0.3,5,2,1,1,4,44,363631,507125,25375619,75506,652610,251,62184,559856,247,9,1748395,5,9,56130,2168787,1050420,passed,14,3,15,3
cancellation-accuracy,131,173,cancellation,20,3,5,4,3,0.8,0.3,5,2,1,1,5,103,427380,638807,31892666,191959,3478253,1540,162518,3009387,1220,15,2782260,10,15,162161,3373963,1023098,passed,20,5,21,5
cancellation-accuracy,132,174,cancellation,20,4,2,5,3,0.8,0.3,5,2,1,1,10,160,395472,1148975,57447687,228592,3146273,7511,182717,2699535,6915,17,4633734,7,17,179244,5210762,1038260,passed,20,4,21,4
cancellation-accuracy,133,175,cancellation,18,3,4,6,4,0.8,0.3,5,2,1,1,2,26,373533,317665,15867237,171018,3012775,1347,135991,2531820,1174,13,1431539,11,13,154182,1960946,1108955,passed,18,3,19,3
cancellation-accuracy,134,176,cancellation,10,4,3,3,3,0.8,0.3,5,2,1,1,2,20,361417,302516,15117785,19985,231527,119,16624,191611,67,8,873918,6,8,16628,1252752,978796,passed,10,2,11,2
cancellation-accuracy,135,177,cancellation,12,6,2,5,6,0.8,0.3,5,2,1,1,3,37,366690,410001,20466390,80003,773729,324,69597,690805,358,9,1590812,6,9,64767,2022897,1076345,passed,12,1,13,1
cancellation-accuracy,136,178,cancellation,22,4,5,6,3,0.8,0.3,5,2,1,1,6,112,382138,727510,36354264,255870,2303979,887,194552,1836043,928,15,3538980,9,15,185619,4108057,1082024,passed,22,5,23,5
cancellation-accuracy,137,179,cancellation,12,6,5,5,3,0.8,0.3,5,2,1,1,5,43,367846,605016,30219882,48380,534569,171,37883,439100,125,10,1985132,5,10,35817,2389556,989138,passed,12,2,13,2
cancellation-accuracy,138,180,cancellation,12,5,5,4,4,0.8,0.3,5,2,1,1,2,24,370016,301352,15072260,34752,225055,108,25416,179042,96,7,1073582,5,7,22314,1466240,986531,passed,12,3,13,3
cancellation-accuracy,139,181,cancellation,20,4,3,4,5,0.8,0.3,5,2,1,1,4,72,378414,507940,25401975,129199,1397181,609,111044,1226714,528,10,2143551,6,10,99346,2622454,1523682,passed,20,2,21,2
cancellation-accuracy,140,182,cancellation,20,5,5,4,3,0.8,0.3,5,2,1,1,3,63,372665,410353,20518160,211522,1625033,644,173452,1377289,734,16,2306189,13,16,145619,2825679,1054218,passed,20,6,21,6
cancellation-accuracy,141,183,cancellation,20,3,3,4,3,0.8,0.3,5,2,1,1,5,101,390666,696076,34805511,239273,5070918,2710,218772,4556349,2296,19,3261248,14,19,226850,3882040,1029850,passed,20,1,21,1
cancellation-accuracy,142,184,cancellation,22,3,2,6,6,0.8,0.3,5,2,1,1,3,66,374143,406078,20279014,255031,2482046,1862,199420,2084637,1603,10,2059447,7,10,191412,2625714,3049011,passed,22,4,22,4
cancellation-accuracy,143,185,cancellation,10,4,4,4,5,0.8,0.3,5,2,1,1,3,32,372128,400515,20016909,47635,963390,1513,36199,717424,1390,7,1256532,4,7,47209,1676306,997830,passed,10,3,11,3
cancellation-accuracy,144,186,cancellation,20,3,5,4,5,0.8,0.3,5,2,1,1,3,59,367683,410777,20559028,175250,2411478,1069,139372,1580639,746,10,1949853,7,10,139595,2458081,1425609,passed,20,7,21,7
cancellation-accuracy,145,187,cancellation,16,5,4,6,5,0.8,0.3,5,2,1,1,2,34,362097,302375,15123818,111727,963763,404,83279,811054,307,10,1266974,8,10,79030,1708742,1155353,passed,16,4,17,4
cancellation-accuracy,146,188,cancellation,14,5,3,6,5,0.8,0.3,5,2,1,1,4,36,397522,516076,25830392,73756,461175,161,59147,384816,372,9,1778419,5,9,50681,2227208,1074982,passed,14,2,15,2
cancellation-accuracy,147,189,cancellation,24,3,3,6,6,0.8,0.3,5,2,1,1,5,105,435994,620881,31036828,377739,5861018,1689,335404,5200155,1673,15,2693713,10,15,334139,3465451,4783865,passed,24,3,25,3
cancellation-accuracy,148,190,cancellation,22,3,5,4,3,0.8,0.3,5,2,1,1,9,142,374254,1089462,54440361,215342,3111762,1834,168167,2519149,1654,16,4640289,7,16,167852,5184782,1080874,passed,22,4,23,4
cancellation-accuracy,149,191,cancellation,12,6,2,5,4,0.8,0.3,5,2,1,1,1,13,356836,200187,9995777,26562,283388,800,19655,240603,741,6,737543,5,6,19025,1113795,999560,passed,12,3,13,3
cancellation-accuracy,150,192,cancellation,14,6,3,5,6,0.8,0.3,5,2,1,1,3,43,360187,408164,20436156,91373,780528,376,69194,641528,346,9,1549791,6,9,65384,1975957,1135262,passed,14,2,15,2
cancellation-accuracy,151,193,cancellation,22,5,4,5,4,0.8,0.3,5,2,1,1,3,67,356534,411709,20582303,197780,2658615,964,150664,2173404,738,12,2600585,9,12,152930,3111817,1374977,passed,22,5,23,5
cancellation-accuracy,152,194,cancellation,12,5,4,4,6,0.8,0.3,5,2,1,1,4,34,365678,503616,25186626,41081,227928,147,31041,181154,134,8,1651429,4,8,25944,2043388,1041617,passed,12,3,13,3
cancellation-accuracy,153,195,cancellation,12,6,3,4,6,0.8,0.3,5,2,1,1,3,31,365695,405051,20277022,38612,708200,321,32306,616755,217,8,1269378,5,8,35441,1671085,1061635,passed,12,2,13,2
cancellation-accuracy,154,196,cancellation,18,3,2,6,6,0.8,0.3,5,2,1,1,4,58,377015,505295,25288695,297228,2819872,3152,251036,2437681,3637,12,2360718,8,12,252966,2991707,1624036,passed,18,3,18,3
cancellation-accuracy,155,197,cancellation,12,3,5,3,5,0.8,0.3,5,2,1,1,3,28,447630,423022,21179130,70625,715869,765,53833,556654,514,9,1497647,6,9,52517,1998487,1054045,passed,12,3,13,3
cancellation-accuracy,156,198,cancellation,22,6,3,5,4,0.8,0.3,5,2,1,1,2,46,367575,331062,16595687,150635,1981361,1912,113630,1598362,1742,10,1845384,8,10,118096,2332023,1445320,passed,22,7,23,7
cancellation-accuracy,157,199,cancellation,18,5,2,6,6,0.8,0.3,5,2,1,1,3,49,420517,412508,20643316,121277,1761227,6490,100589,1569901,5759,9,2047005,6,9,110635,2579593,1864621,passed,18,5,19,5
cancellation-accuracy,158,200,cancellation,14,4,2,3,5,0.8,0.3,5,2,1,1,6,69,523856,778496,38893702,65614,691421,402,54538,597281,332,11,2709055,5,11,49998,3283948,1045690,passed,14,2,15,2
cancellation-accuracy,159,201,cancellation,10,4,2,4,3,0.8,0.3,5,2,1,1,2,22,360940,305755,15295796,31747,401592,122,27090,348944,149,10,1024988,8,10,26107,1412636,980128,passed,10,2,11,2
cancellation-accuracy,160,202,cancellation,16,6,2,3,3,0.8,0.3,5,2,1,1,4,50,364824,512432,25593470,56483,430351,270,42697,337180,153,10,1791219,6,10,36757,2193396,989580,validation_failed,16,3,17,3
cancellation-accuracy,161,203,cancellation,18,4,2,5,3,0.8,0.3,5,2,1,1,3,57,382172,425502,21283474,185518,4635148,4370,159763,4125034,3965,16,2565398,13,16,188919,3139935,1044540,passed,18,3,19,3
cancellation-accuracy,162,204,cancellation,12,3,3,4,4,0.8,0.3,5,2,1,1,3,28,377223,410435,20537797,59393,1140875,460,43221,829462,357,9,1546782,6,9,52629,1977668,991491,passed,12,4,13,4
cancellation-accuracy,163,205,cancellation,14,3,4,3,4,0.8,0.3,5,2,1,1,7,66,607758,996056,49830437,100110,889458,528,85222,770803,447,14,3286448,7,14,75451,3971025,1004184,passed,14,1,15,1
cancellation-accuracy,164,206,cancellation,20,5,2,3,5,0.8,0.3,5,2,1,1,6,81,416819,732241,36601858,111931,1009520,557,87972,847989,439,12,2977531,6,12,81697,3476939,1283825,passed,20,3,21,3
cancellation-accuracy,165,207,cancellation,22,5,3,3,5,0.8,0.3,5,2,1,1,6,86,367773,721257,36041756,126043,1390133,821,95468,1150454,677,12,2992761,6,12,91117,3452714,1421803,passed,22,5,23,5
cancellation-accuracy,166,208,cancellation,22,5,4,6,3,0.8,0.3,5,2,1,1,6,106,380353,740491,37000486,359895,3554300,1727,293274,3061603,1461,18,4103518,12,18,268320,4754722,1100349,passed,22,3,23,3
cancellation-accuracy,167,209,cancellation,22,4,2,4,6,0.8,0.3,5,2,1,1,4,86,600543,570420,28491699,163332,6564110,26563,137185,5189997,20642,11,2639668,7,11,208768,3451304,2642801,passed,22,5,23,5
cancellation-accuracy,168,210,cancellation,14,6,2,4,5,0.8,0.3,5,2,1,1,3,27,359140,402244,20099515,35055,366026,231,25812,306797,261,7,1365227,4,7,25482,1750178,1054461,passed,14,5,15,5
cancellation-accuracy,169,211,cancellation,22,5,4,5,3,0.8,0.3,5,2,1,1,6,108,445838,748183,37453466,381026,6767969,3290,334505,6010913,3312,19,3790748,13,19,333918,4574104,1084165,validation_failed,22,2,23,2
cancellation-accuracy,170,212,cancellation,10,4,4,3,5,0.8,0.3,5,2,1,1,3,23,379099,413282,20661333,17900,108874,64,14687,91815,69,6,1126119,3,6,11713,1517317,970708,passed,10,1,11,1
cancellation-accuracy,171,213,cancellation,16,3,2,4,6,0.8,0.3,5,2,1,1,6,64,375869,744866,37232347,91146,974347,879,73327,828391,944,11,2615672,5,11,71048,3063419,1259945,passed,16,3,17,3
cancellation-accuracy,172,214,cancellation,20,4,3,5,6,0.8,0.3,5,2,1,1,5,79,385321,638230,31933513,311115,4791189,5880,232395,3774007,4590,11,2792121,6,11,282589,3461337,2094893,passed,20,5,21,5
cancellation-accuracy,173,215,cancellation,22,5,2,5,4,0.8,0.3,5,2,1,1,2,46,369084,319940,15990256,165556,1869766,844,143342,1636499,656,13,1754013,11,13,135212,2259490,1264575,passed,22,4,23,4
cancellation-accuracy,174,216,cancellation,10,5,5,4,6,0.8,0.3,5,2,1,1,1,11,358708,200816,10034012,42089,514060,927,31052,399968,840,7,633101,6,7,31513,1023813,980658,passed,10,3,11,3
cancellation-accuracy,175,217,cancellation,14,3,3,5,4,0.8,0.3,5,2,1,1,4,42,365020,663042,33154889,88355,1404023,1194,72111,1206905,1129,12,2385490,8,12,75307,2827096,983962,validation_failed,14,2,15,2
cancellation-accuracy,176,218,cancellation,20,5,4,6,3,0.8,0.3,5,2,1,1,4,52,376650,502146,25144794,156006,1446704,769,115267,1188218,456,11,2270386,7,11,113990,2762204,1031480,passed,20,5,21,5
cancellation-accuracy,177,219,cancellation,12,3,3,6,3,0.8,0.3,5,2,1,1,3,31,395677,407453,20374660,61386,550249,211,53424,490795,229,12,1309931,9,12,46024,1752298,978788,passed,12,2,13,2
cancellation-accuracy,178,220,cancellation,16,3,5,3,3,0.8,0.3,5,2,1,1,5,64,452808,675124,33781439,109822,1432349,442,92862,1250476,440,14,2495519,9,14,85950,3035861,1039403,passed,16,3,17,3
cancellation-accuracy,179,221,cancellation,18,5,2,5,4,0.8,0.3,5,2,1,1,1,19,386281,208703,10441070,204616,2582550,3606,185129,2304910,3649,12,1347780,11,12,188016,1923862,1153673,passed,18,2,19,2
cancellation-accuracy,180,222,cancellation,22,4,5,5,5,0.8,0.3,5,2,1,1,7,139,754408,932353,46622405,429391,3209893,3981,351677,2781007,3527,15,4151971,8,15,304377,5212445,1736285,passed,22,3,23,3
cancellation-accuracy,181,223,cancellation,22,4,4,6,6,0.8,0.3,5,2,1,1,7,126,420578,817821,40910925,451246,7634991,7365,381629,6482832,8772,11,3728897,4,11,434131,4584836,3503404,passed,22,2,22,2
cancellation-accuracy,182,224,cancellation,18,4,5,4,5,0.8,0.3,5,2,1,1,5,77,446787,674618,33710355,219189,2682025,2793,186186,2378065,2753,15,3096249,10,15,175143,3719899,1271871,passed,18,3,19,3
cancellation-accuracy,183,225,cancellation,16,3,4,5,6,0.8,0.3,5,2,1,1,7,80,541970,980616,49006512,191627,1951440,4323,166911,1752559,3333,13,3785321,6,13,167313,4496388,1262062,passed,16,1,17,1
cancellation-accuracy,184,226,cancellation,10,5,2,6,4,0.8,0.3,5,2,1,1,3,31,439925,411893,20554836,32979,269205,383,26413,227097,453,7,1307668,4,7,24486,1772483,983786,passed,10,2,11,2
cancellation-accuracy,185,227,cancellation,10,3,2,5,6,0.8,0.3,5,2,1,1,4,32,372057,503857,25199237,27506,180883,430,20625,150430,434,7,1622148,3,7,21888,2016529,1043037,passed,10,3,11,3
cancellation-accuracy,186,228,cancellation,20,3,5,4,3,0.8,0.3,5,2,1,1,7,99,390879,847309,42333262,107592,1047611,1085,79808,819091,1119,12,3177139,5,12,75676,3644752,1054176,passed,20,5,21,5
cancellation-accuracy,187,229,cancellation,12,4,2,6,3,0.8,0.3,5,2,1,1,3,39,408244,406850,20335675,95077,953027,1057,80658,864214,902,13,1563831,10,13,73980,2047130,998533,passed,12,3,13,3
cancellation-accuracy,188,230,cancellation,10,3,2,6,6,0.8,0.3,5,2,1,1,3,20,375584,403839,20201924,28465,203439,279,19601,151092,174,6,1122437,3,6,19127,1517470,1060794,passed,10,3,10,3
cancellation-accuracy,189,231,cancellation,24,3,2,4,6,0.8,0.3,5,2,1,1,1,25,370643,203426,10178022,233766,2289537,3547,186325,1830347,2905,10,1532826,9,10,182146,2088890,3039174,passed,24,4,25,4
cancellation-accuracy,190,232,cancellation,24,4,4,4,4,0.8,0.3,5,2,1,1,3,59,352329,401514,20063934,172968,2029177,1687,127950,1491467,1402,10,1719045,7,10,126262,2198992,1370509,passed,24,6,25,6
cancellation-accuracy,191,233,cancellation,24,6,3,4,3,0.8,0.3,5,2,1,1,8,170,472669,975214,48794391,284583,3450968,1254,218178,2755677,1092,16,4215278,8,16,200439,4890168,1109712,passed,24,5,25,5
cancellation-accuracy,192,234,cancellation,10,6,2,4,6,0.8,0.3,5,2,1,1,3,23,357009,404068,20197840,25735,236589,63,19654,195835,124,7,1169889,4,7,19124,1546423,982740,passed,10,2,11,2
cancellation-accuracy,193,235,cancellation,10,5,3,4,3,0.8,0.3,5,2,1,1,4,33,357466,511431,25566627,42301,427622,106,32297,336975,140,10,1589284,6,10,29255,1976623,944476,passed,10,3,11,3
cancellation-accuracy,194,236,cancellation,12,5,4,4,4,0.8,0.3,5,2,1,1,5,49,352559,602857,30131963,62104,939255,247,50571,728934,136,8,1997935,3,8,48759,2399816,973529,passed,12,3,13,3
cancellation-accuracy,195,237,cancellation,24,3,4,6,3,0.8,0.3,5,2,1,1,6,116,400453,786717,39328551,255628,3002765,850,211976,2579193,738,15,3005727,9,15,188317,3596243,1145749,passed,24,5,25,5
cancellation-accuracy,196,238,cancellation,16,5,4,3,4,0.8,0.3,5,2,1,1,7,119,883683,977441,48944792,258356,3236028,1078,237629,3023404,1081,20,3909096,13,20,199516,4994291,1001597,passed,16,1,17,1
cancellation-accuracy,197,239,cancellation,10,4,2,3,4,0.8,0.3,5,2,1,1,6,50,363935,731395,36530668,39497,307589,97,31808,262380,92,12,2250372,6,12,26668,2641693,938999,passed,10,3,11,3
cancellation-accuracy,198,240,cancellation,24,3,5,5,6,0.8,0.3,5,2,1,1,6,116,370571,713947,35697999,259900,2773916,1182,196780,2329875,1207,13,3112482,7,13,200778,3684901,3938508,passed,24,6,25,6
cancellation-accuracy,199,241,cancellation,18,5,4,6,6,0.8,0.3,5,2,1,1,1,19,362739,201534,10065877,163756,1264453,719,136987,1120238,878,10,1019175,9,10,110209,1492718,1683136,passed,18,3,19,3
cancellation-accuracy,200,242,cancellation,22,6,4,5,6,0.8,0.3,5,2,1,1,3,69,351932,401004,20073232,440678,4781898,1496,361301,4084846,1819,12,2368200,9,12,320811,3042225,2848688,passed,22,5,23,5
cancellation-accuracy,201,243,cancellation,24,4,4,6,5,0.8,0.3,5,2,1,1,2,27,372739,313963,15716278,356741,3292060,1292,275696,2554178,1054,10,1561363,8,10,250780,2185798,2489236,passed,24,4,25,4
cancellation-accuracy,202,244,cancellation,14,5,2,3,6,0.8,0.3,5,2,1,1,2,28,362023,301297,15059731,76328,1144720,450,60390,821994,233,8,1115824,6,8,58659,1537717,1086292,passed,14,3,14,3
cancellation-accuracy,203,245,cancellation,20,6,2,6,5,0.8,0.3,5,2,1,1,1,21,346558,201453,10057907,204286,2499709,1494,148755,2045513,1279,10,1506595,9,10,147260,2001636,1590328,passed,20,5,21,5
cancellation-accuracy,204,246,cancellation,18,5,2,5,4,0.8,0.3,5,2,1,1,5,79,420250,642362,32090296,189478,2282574,882,169114,2013609,882,14,2581371,9,14,147659,3150704,1071399,passed,18,2,19,2
cancellation-accuracy,205,247,cancellation,24,6,2,4,3,0.8,0.3,5,2,1,1,5,120,398795,694805,34726402,493890,7070523,2072,469630,6807745,1925,23,3780670,18,23,393331,4576265,1098591,passed,24,2,24,2
cancellation-accuracy,206,248,cancellation,22,6,5,5,5,0.8,0.3,5,2,1,1,2,44,355136,305268,15231992,160165,1040499,436,143017,939029,648,10,1645644,8,10,106280,2107853,1725172,passed,22,2,23,2
cancellation-accuracy,207,249,cancellation,10,6,5,3,6,0.8,0.3,5,2,1,1,4,32,353208,502666,25114479,29223,155998,118,22202,129180,76,8,1455136,4,8,18050,1826695,963527,passed,10,3,11,3
cancellation-accuracy,208,250,cancellation,22,4,4,3,6,0.8,0.3,5,2,1,1,4,80,438042,545698,27275134,178750,1997782,782,162593,1857961,794,13,2183025,9,13,138758,2761286,1829078,passed,22,3,23,3
cancellation-accuracy,209,251,cancellation,12,6,5,4,6,0.8,0.3,5,2,1,1,7,67,491597,846641,42322792,89310,536998,755,76861,478476,849,10,3005158,3,10,67786,3565337,1039377,passed,12,1,13,1
cancellation-accuracy,210,252,cancellation,16,5,4,4,4,0.8,0.3,5,2,1,1,2,32,388398,303109,15170274,55743,1131822,802,42115,898288,1011,8,1185553,6,8,46042,1621268,1049458,passed,16,3,17,3
cancellation-accuracy,211,253,cancellation,16,4,4,4,3,0.8,0.3,5,2,1,1,6,102,384404,741878,37083296,242865,4306589,1223,224205,3997106,1237,20,3159116,14,20,208641,3754399,961512,passed,16,1,17,1
cancellation-accuracy,212,254,cancellation,22,4,4,5,6,0.8,0.3,5,2,1,1,2,44,372469,305541,15284535,250394,1986990,1018,183159,1631402,672,11,1867153,9,11,163682,2404322,2765027,passed,22,5,23,5
cancellation-accuracy,213,255,cancellation,16,4,5,4,5,0.8,0.3,5,2,1,1,5,47,358666,605652,30273503,56315,498062,156,44638,427881,198,9,1885842,4,9,37893,2282963,1081186,passed,16,3,17,3
cancellation-accuracy,214,256,cancellation,10,5,5,4,3,0.8,0.3,5,2,1,1,6,57,357482,703464,35141849,64054,712523,304,48966,549647,239,11,2335701,5,11,45676,2739610,960904,passed,10,3,11,3
cancellation-accuracy,215,257,cancellation,22,6,4,4,4,0.8,0.3,5,2,1,1,2,46,355960,307571,15375226,146053,1952780,681,114580,1622644,560,10,1785994,8,10,105228,2248326,1329150,passed,22,5,23,5
cancellation-accuracy,216,258,cancellation,24,4,5,4,5,0.8,0.3,5,2,1,1,5,83,351165,610958,30555330,168999,1673518,4425,130324,1357924,3626,11,2290148,6,11,110344,2753667,2102706,passed,24,5,25,5
cancellation-accuracy,217,259,cancellation,10,4,5,6,3,0.8,0.3,5,2,1,1,3,26,356570,402869,20163816,51472,369215,133,44914,331470,170,10,1249621,7,10,36552,1643236,982197,passed,10,2,11,2
cancellation-accuracy,218,260,cancellation,14,6,4,4,5,0.8,0.3,5,2,1,1,2,18,354997,311438,15548960,78472,581600,369,64737,505584,329,11,1239157,9,11,50720,1645739,1044280,passed,14,2,15,2
cancellation-accuracy,219,261,cancellation,10,6,3,5,6,0.8,0.3,5,2,1,1,2,22,352145,300523,14993232,47996,294509,100,34954,229456,147,7,966416,5,7,29572,1348443,977917,passed,10,2,11,2
cancellation-accuracy,220,262,cancellation,20,5,4,6,6,0.8,0.3,5,2,1,1,9,159,810745,1144183,57230747,478364,6974002,2056,390315,6072955,1598,16,5020136,7,16,379150,6211892,2184898,passed,20,2,21,2
cancellation-accuracy,221,263,cancellation,20,6,5,5,6,0.8,0.3,5,2,1,1,2,40,355912,308766,15428987,203443,3240959,2002,166895,2686574,1800,10,1673397,8,10,167925,2198515,2106362,passed,20,4,21,4
cancellation-accuracy,222,264,cancellation,22,6,2,4,4,0.8,0.3,5,2,1,1,4,76,378512,513246,25645137,114397,1234003,739,87090,979343,531,10,2226880,6,10,80908,2687367,1236526,passed,22,4,23,4
cancellation-accuracy,223,265,cancellation,20,6,4,3,6,0.8,0.3,5,2,1,1,8,112,382756,925503,46284889,156091,1307839,470,121873,1071630,314,12,3587898,4,12,101195,4072847,1563446,passed,20,4,21,4
cancellation-accuracy,224,266,cancellation,14,6,5,6,3,0.8,0.3,5,2,1,1,2,18,359835,302436,15111409,96976,604167,378,75520,507498,329,13,1288287,11,13,61018,1709816,961232,passed,14,6,15,6
cancellation-accuracy,225,267,cancellation,12,3,2,6,4,0.8,0.3,5,2,1,1,2,22,356780,308702,15434901,43594,476348,242,36065,395334,246,9,891556,7,9,34077,1282833,959493,passed,12,3,13,3
cancellation-accuracy,226,268,cancellation,24,4,5,3,5,0.8,0.3,5,2,1,1,4,96,429204,542900,27162653,462000,12993396,52296,393551,11431070,45946,14,2728003,10,14,473111,3635645,1795617,passed,24,3,24,3
cancellation-accuracy,227,269,cancellation,18,5,2,4,3,0.8,0.3,5,2,1,1,5,67,371288,612063,30597453,122324,1765788,586,93076,1460844,432,14,2573422,9,14,91798,3037886,992725,passed,18,4,19,4
cancellation-accuracy,228,270,cancellation,10,3,5,6,6,0.8,0.3,5,2,1,1,2,12,361661,302130,15101637,41581,519401,160,29407,405143,73,7,884987,5,7,29709,1276835,992393,passed,10,4,10,4
cancellation-accuracy,229,271,cancellation,12,4,2,4,4,0.8,0.3,5,2,1,1,1,13,364253,200575,10035752,26125,378144,248,21343,317805,206,7,675222,6,7,22291,1062264,1003706,passed,12,3,13,3
cancellation-accuracy,230,272,cancellation,14,6,4,6,5,0.8,0.3,5,2,1,1,5,53,354159,603727,30210438,72193,665473,162,55210,545637,229,9,2082058,4,9,49606,2486396,1056683,passed,14,4,15,4
cancellation-accuracy,231,273,cancellation,24,5,4,6,4,0.8,0.3,5,2,1,1,5,93,372668,608597,30412553,321158,2715714,1348,244887,2253180,1241,14,3222334,9,14,224855,3821378,1687390,passed,24,5,25,5
cancellation-accuracy,232,274,cancellation,14,5,5,4,4,0.8,0.3,5,2,1,1,4,60,394708,509895,25493139,90324,1051360,594,74212,915056,643,11,2201468,7,11,73044,2670150,988576,passed,14,4,15,4
cancellation-accuracy,233,275,cancellation,24,5,4,4,4,0.8,0.3,5,2,1,1,4,76,374324,562335,28144278,283962,3732527,1628,237673,3232053,1562,15,2606175,11,15,228054,3210289,1382438,passed,24,3,25,3
cancellation-accuracy,234,276,cancellation,14,5,2,6,6,0.8,0.3,5,2,1,1,1,15,347786,200804,10029609,177792,1874200,603,149941,1485020,647,10,971659,9,10,131111,1451546,1133741,passed,14,2,15,2
cancellation-accuracy,235,277,cancellation,24,4,4,5,5,0.8,0.3,5,2,1,1,8,129,371954,938061,46931265,308348,2305243,1021,258436,2004727,1018,15,3399104,7,15,207729,3980044,2341816,passed,24,3,25,3
cancellation-accuracy,236,278,cancellation,10,4,4,4,3,0.8,0.3,5,2,1,1,5,42,381526,609438,30495160,39077,365815,142,29458,287693,129,9,1863144,4,9,28824,2274133,981339,passed,10,4,11,4
cancellation-accuracy,237,279,cancellation,12,5,2,6,6,0.8,0.3,5,2,1,1,2,24,384180,312241,15607192,75710,2116169,6840,60982,1897504,7037,9,1362590,7,9,86947,1834549,1051137,passed,12,1,13,1
cancellation-accuracy,238,280,cancellation,20,4,2,3,3,0.8,0.3,5,2,1,1,4,82,431181,567840,28384468,231645,6182395,4797,208840,5628147,5226,20,3216958,16,20,241962,3894196,1014916,passed,20,2,21,2
cancellation-accuracy,239,281,cancellation,18,5,2,6,3,0.8,0.3,5,2,1,1,4,60,381938,503422,25177001,127404,1461842,572,97497,1152241,487,13,2202456,9,13,93215,2678731,1034893,passed,18,5,19,5
cancellation-accuracy,240,282,cancellation,12,3,4,4,4,0.8,0.3,5,2,1,1,4,34,348217,515429,25713665,33982,330746,107,26381,280951,101,9,1592750,5,9,23725,1965113,958738,passed,12,3,13,3
cancellation-accuracy,241,283,cancellation,24,6,3,3,3,0.8,0.3,5,2,1,1,4,100,385626,535665,26782637,262912,2896241,1061,207978,2366526,1080,17,2548586,13,17,187771,3123805,1080366,passed,24,6,25,6
cancellation-accuracy,242,284,cancellation,18,4,2,6,6,0.8,0.3,5,2,1,1,2,34,353911,301563,15057827,175352,1259053,540,152024,1109676,486,10,1267003,8,10,123796,1745405,1647690,passed,18,3,18,3
cancellation-accuracy,243,285,cancellation,12,5,2,3,5,0.8,0.3,5,2,1,1,8,76,370102,911398,45610484,59054,361470,246,50913,320137,217,11,3104615,3,11,39376,3514897,995691,passed,12,1,13,1
cancellation-accuracy,244,286,cancellation,20,6,3,3,3,0.8,0.3,5,2,1,1,7,114,468142,1087136,54366199,289558,3786274,1314,265138,3423087,1536,20,4038364,13,20,229039,4738454,998368,validation_failed,20,1,21,1
cancellation-accuracy,245,287,cancellation,24,6,5,6,5,0.8,0.3,5,2,1,1,7,139,392884,809559,40496553,266628,2176197,841,219637,1862135,987,12,3444105,5,12,188877,4026870,2614183,passed,24,5,25,5
cancellation-accuracy,246,288,cancellation,14,4,2,4,3,0.8,0.3,5,2,1,1,5,67,375126,649669,32475796,91959,1568674,518,80988,1405511,482,15,2503528,10,15,78449,2958651,999619,passed,14,2,15,2
cancellation-accuracy,247,289,cancellation,24,3,4,5,6,0.8,0.3,5,2,1,1,4,78,373673,505514,25259719,230003,1715678,1301,178613,1411821,1076,10,2302137,6,10,174224,2850783,4138791,passed,24,4,25,4
cancellation-accuracy,248,290,cancellation,18,4,4,3,4,0.8,0.3,5,2,1,1,4,64,348320,501317,25064039,88772,939658,621,64863,726496,340,9,2004967,5,9,62157,2416513,1076518,passed,18,6,19,6
cancellation-accuracy,249,291,cancellation,24,4,3,5,6,0.8,0.3,5,2,1,1,2,50,352193,305579,15272687,522951,7964212,3250,403414,6450639,2396,14,2310449,12,14,430306,3095900,4015190,passed,24,7,25,7
cancellation-accuracy,250,292,cancellation,18,5,4,3,4,0.8,0.3,5,2,1,1,6,101,385570,746614,37317114,122782,1883046,585,100558,1634395,550,13,3009228,7,13,98056,3494266,1071068,passed,18,6,19,6
cancellation-accuracy,251,293,cancellation,22,6,3,3,6,0.8,0.3,5,2,1,1,5,90,402860,612675,30658067,276986,2201965,1109,237706,1873312,1049,10,2659433,5,10,210589,3274111,2195037,passed,22,2,23,2
cancellation-accuracy,252,294,cancellation,14,4,3,5,4,0.8,0.3,5,2,1,1,6,78,366119,705071,35233247,84930,733760,405,70901,646972,343,11,2808967,5,11,62510,3238335,1034793,passed,14,2,15,2
cancellation-accuracy,253,295,cancellation,10,6,5,5,3,0.8,0.3,5,2,1,1,7,63,413351,806425,40327781,63534,539415,253,50243,460679,183,12,2944732,5,12,42922,3401684,984764,passed,10,2,11,2
cancellation-accuracy,254,296,cancellation,18,6,2,4,6,0.8,0.3,5,2,1,1,1,19,364375,202724,10143314,94019,610895,613,81650,547427,764,9,1014375,8,9,65423,1444805,1483656,passed,18,3,19,3
cancellation-accuracy,255,297,cancellation,22,3,4,3,3,0.8,0.3,5,2,1,1,6,84,364615,716172,35825032,113536,1183769,1176,89535,970854,1181,13,2893996,7,13,86611,3346798,1053036,passed,22,4,23,4
cancellation-accuracy,256,298,cancellation,18,3,2,3,4,0.8,0.3,5,2,1,1,6,72,424239,727159,36392585,80411,714022,778,64767,591931,697,12,2663003,6,12,57044,3145424,1061248,passed,18,2,19,2
cancellation-accuracy,257,299,cancellation,14,5,3,3,6,0.8,0.3,5,2,1,1,3,27,377493,489939,24508643,86583,1477702,3395,74461,1296433,3363,11,1844988,8,11,78037,2301669,1134035,passed,14,1,15,1
cancellation-accuracy,258,300,cancellation,12,4,3,5,5,0.8,0.3,5,2,1,1,5,57,388257,611234,30580586,70422,891504,563,52186,719972,478,10,2186386,5,10,57874,2633192,1063042,passed,12,4,13,4
cancellation-accuracy,259,301,cancellation,20,3,5,3,5,0.8,0.3,5,2,1,1,2,40,392633,401859,20122688,91223,552244,1256,67295,435486,1136,8,1780514,6,8,58231,2232010,1276289,passed,20,5,21,5
cancellation-accuracy,260,302,cancellation,22,6,2,5,4,0.8,0.3,5,2,1,1,7,121,372753,849793,42479454,265965,2976259,2483,231772,2704789,2382,15,3857651,8,15,208341,4440516,1288536,passed,22,3,23,3
cancellation-accuracy,261,303,cancellation,16,3,4,4,3,0.8,0.3,5,2,1,1,2,34,368611,305194,15267645,84973,1228736,1110,71940,1034614,1032,12,1350063,10,12,67106,1786870,994610,passed,16,4,17,4
cancellation-accuracy,262,304,cancellation,24,5,3,5,6,0.8,0.3,5,2,1,1,4,88,363157,503306,25169669,424489,4434595,1587,351251,3613579,1505,11,2396797,7,11,330414,3091414,4024097,passed,24,6,24,6
cancellation-accuracy,263,305,cancellation,12,6,5,6,6,0.8,0.3,5,2,1,1,4,32,362038,504087,25223769,66599,292224,207,54113,248573,184,8,1703843,4,8,41871,2108163,1069186,passed,12,2,13,2
cancellation-accuracy,264,306,cancellation,10,4,3,5,4,0.8,0.3,5,2,1,1,1,11,355862,200225,10026646,20032,144294,113,15527,119721,64,6,554506,5,6,14047,924800,1005394,passed,10,3,11,3
cancellation-accuracy,265,307,cancellation,20,4,2,6,4,0.8,0.3,5,2,1,1,3,54,375413,405443,20260621,135890,1744173,585,112681,1525394,643,12,1727169,9,12,120894,2224703,1173190,passed,20,6,21,6
cancellation-accuracy,266,308,cancellation,24,5,3,3,6,0.8,0.3,5,2,1,1,2,48,370650,361649,18052857,142579,1522245,1364,117352,1337383,1333,10,1871454,8,10,108970,2352008,2261810,passed,24,5,25,5
cancellation-accuracy,267,309,cancellation,12,6,2,4,4,0.8,0.3,5,2,1,1,4,52,755971,600746,30039756,96541,1047242,1682,88031,969948,1899,14,2060530,10,14,84358,2901974,1075572,passed,12,1,13,1
cancellation-accuracy,268,310,cancellation,22,3,2,4,4,0.8,0.3,5,2,1,1,3,69,377997,408704,20428352,492366,5571822,8680,440627,4827151,10326,18,2859127,15,18,414007,3655177,1302688,passed,22,3,23,3
cancellation-accuracy,269,311,cancellation,18,3,3,5,3,0.8,0.3,5,2,1,1,4,44,359817,502964,25115596,117056,1151144,1339,83943,902642,990,11,2020406,7,11,83894,2465026,1016378,passed,18,5,19,5
cancellation-accuracy,270,312,cancellation,10,3,5,5,4,0.8,0.3,5,2,1,1,3,26,363599,438869,21918094,32694,262047,138,28006,231307,137,8,1342684,5,8,23651,1730373,1002485,passed,10,1,11,1
cancellation-accuracy,271,313,cancellation,10,5,5,6,6,0.8,0.3,5,2,1,1,2,20,368305,305716,15315337,54722,395812,192,44858,351279,139,9,978758,7,9,38327,1385937,1027728,passed,10,3,11,3
cancellation-accuracy,272,314,cancellation,10,4,3,6,5,0.8,0.3,5,2,1,1,3,29,381882,408255,20419719,52151,534676,441,45399,479012,619,9,1385700,6,9,42504,1810686,1069446,passed,10,1,11,1
cancellation-accuracy,273,315,cancellation,12,6,3,5,6,0.8,0.3,5,2,1,1,3,25,380988,401583,20114910,41481,263762,436,31219,216745,606,7,1409577,4,7,29927,1820843,1105235,passed,12,3,13,3
cancellation-accuracy,274,316,cancellation,20,5,5,3,3,0.8,0.3,5,2,1,1,5,87,689174,917530,45899396,230553,3715181,4627,181600,3167563,3895,17,3734910,12,17,189937,4616059,1130198,passed,20,4,21,4
cancellation-accuracy,275,317,cancellation,24,5,4,6,6,0.8,0.3,5,2,1,1,2,50,389818,308379,15398639,633108,5772840,9603,519114,4891911,9674,11,1647109,9,11,489006,2527447,5439832,passed,24,5,25,5
cancellation-accuracy,276,318,cancellation,16,5,4,3,5,0.8,0.3,5,2,1,1,5,79,366211,627089,31383436,104771,998978,1223,91259,870740,1040,11,2394430,6,11,76534,2838027,1068911,passed,16,3,17,3
cancellation-accuracy,277,319,cancellation,12,6,5,4,5,0.8,0.3,5,2,1,1,4,40,416285,528307,26391117,59262,755736,275,47061,644182,234,9,1907272,5,9,43892,2368348,1008015,passed,12,2,13,2
cancellation-accuracy,278,320,cancellation,20,5,4,3,4,0.8,0.3,5,2,1,1,7,117,563277,966467,48294275,278440,2944300,2490,242579,2579880,2089,16,4068485,9,16,202395,4836178,1095802,passed,20,1,21,1
cancellation-accuracy,279,321,cancellation,18,5,2,6,4,0.8,0.3,5,2,1,1,4,54,370438,502600,25112929,55756,418781,317,40247,332223,208,7,1890173,3,7,42038,2303126,1121123,passed,18,5,19,5
cancellation-accuracy,280,322,cancellation,10,4,3,3,4,0.8,0.3,5,2,1,1,2,22,413099,316002,15791483,27910,301255,107,24118,264606,125,9,953556,7,9,20286,1387597,993621,validation_failed,10,2,11,2
cancellation-accuracy,281,323,cancellation,10,5,2,3,5,0.8,0.3,5,2,1,1,2,20,347966,301218,15057836,17321,156981,84,12278,120638,40,6,852289,4,6,11507,1212059,952556,passed,10,3,11,3
cancellation-accuracy,282,324,cancellation,12,3,2,6,3,0.8,0.3,5,2,1,1,3,37,347817,402552,20111613,56655,493897,220,45966,427372,167,11,1234821,8,11,39187,1622487,978250,passed,12,3,13,3
cancellation-accuracy,283,325,cancellation,24,4,3,6,6,0.8,0.3,5,2,1,1,6,116,359019,706713,35354545,401348,2576786,1395,296387,2058440,1078,13,3284640,7,13,265752,3910487,4101542,passed,24,5,25,5
cancellation-accuracy,284,326,cancellation,12,3,2,4,6,0.8,0.3,5,2,1,1,1,13,354198,206193,10294688,48467,589934,276,43711,538980,323,9,680337,8,9,45171,1080500,1024130,passed,12,1,13,1
cancellation-accuracy,285,327,cancellation,16,4,2,3,5,0.8,0.3,5,2,1,1,4,56,478498,542605,27134415,56980,296215,198,45783,246900,168,9,1716228,5,9,35275,2230492,1045206,passed,16,1,17,1
cancellation-accuracy,286,328,cancellation,18,5,5,4,6,0.8,0.3,5,2,1,1,1,19,348975,208562,10418256,182068,1728005,857,136363,1365109,699,10,1123729,9,10,132817,1606367,1390190,passed,18,3,19,3
cancellation-accuracy,287,329,cancellation,12,5,2,4,3,0.8,0.3,5,2,1,1,6,70,401656,722983,36174973,84029,1008517,376,67491,851640,305,14,2398560,8,14,62437,2864113,968473,passed,12,2,13,2
cancellation-accuracy,288,330,cancellation,20,3,2,6,3,0.8,0.3,5,2,1,1,10,151,459903,1429990,71491274,338495,5613834,1714,265623,4452740,1703,18,5716983,8,18,281339,6461208,1073063,passed,20,3,21,3
cancellation-accuracy,289,331,cancellation,18,4,2,5,3,0.8,0.3,5,2,1,1,6,82,375280,706883,35382517,192504,2508116,1343,140818,1918971,899,13,3116250,7,13,155821,3648515,1048190,passed,18,5,19,5
cancellation-accuracy,290,332,cancellation,24,3,2,5,3,0.8,0.3,5,2,1,1,5,69,392846,688087,34365056,253961,2810026,1105,211497,2420888,1082,17,2916351,12,17,193296,3504402,1105406,passed,24,4,25,4
cancellation-accuracy,291,333,cancellation,18,3,3,6,6,0.8,0.3,5,2,1,1,5,62,374093,612758,30649331,79276,540490,229,57884,438299,201,8,2045836,3,8,52213,2472513,1651560,passed,18,6,19,6
cancellation-accuracy,292,334,cancellation,14,5,4,3,6,0.8,0.3,5,2,1,1,2,30,370857,303152,15131023,72406,548653,221,51873,437669,249,9,1156650,7,9,45940,1574084,1079504,passed,14,6,15,6
cancellation-accuracy,293,335,cancellation,22,3,3,4,3,0.8,0.3,5,2,1,1,3,67,351368,417986,20906851,200757,3043558,838,174573,2662912,762,17,2292083,14,17,159558,2805240,1052556,passed,22,3,23,3
cancellation-accuracy,294,336,cancellation,16,3,5,4,3,0.8,0.3,5,2,1,1,1,17,357954,203797,10206617,59726,545172,240,48041,453243,163,10,896490,9,10,40310,1295430,965343,passed,16,5,17,5
cancellation-accuracy,295,337,cancellation,18,5,3,3,6,0.8,0.3,5,2,1,1,6,66,387869,764726,38187574,86637,570360,348,73225,497051,271,10,2587639,4,10,56272,3032513,1351844,passed,18,2,19,2
cancellation-accuracy,296,338,cancellation,24,3,3,6,4,0.8,0.3,5,2,1,1,5,98,364888,610825,30505875,367870,5427093,8434,258872,4291916,7913,14,3361404,9,14,287954,4015676,1533990,passed,24,7,25,7
cancellation-accuracy,297,339,cancellation,22,6,4,3,5,0.8,0.3,5,2,1,1,4,78,361189,538530,26911539,113300,1009936,440,86156,804263,420,9,2406674,5,9,76897,2845582,1572300,passed,22,4,23,4
cancellation-accuracy,298,340,cancellation,18,4,4,4,6,0.8,0.3,5,2,1,1,4,70,353017,513699,25648040,225272,2669616,854,185749,2223733,746,13,2241160,9,13,165615,2761345,1470834,passed,18,3,19,3
cancellation-accuracy,299,341,cancellation,16,4,5,6,5,0.8,0.3,5,2,1,1,4,56,366122,503328,25146769,139356,2074450,482,108064,1681755,425,11,1936169,7,11,107270,2410834,1140349,passed,16,3,17,3
