scenario,runIndex,seed,generator,numOfStates,numOfCalls,numOfLocals,numOfReturns,numOfStackSymbols,density,acceptingStatesDensity,numOfModules,secondDvpaNumOfStates,useSrs,useEquivalenceCheckToValidateOutput,equivalenceQueryCount,equivalenceQueryHypothesisStatesTotal,equivalenceQueryTimeUs,equivalenceQueryTargetMembershipQueryCount,equivalenceQueryTargetMembershipQuerySymbolsTotal,membershipQueryCount,membershipQuerySymbolsTotal,membershipQueryTimeUs,stackContentQueryCount,stackContentQuerySymbolsTotal,stackContentQueryTimeUs,srsCheckCount,srsCheckTimeUs,srsCounterexampleCount,automataGeneratedCount,automataGenerationTimeUs,learnerTimeUs,outputValidationTimeUs,status,targetNumOfStates,targetAcceptingStates,hypothesisNumOfStates,hypothesisAcceptingStates
commutation-accuracy,0,42,commutative,20,5,2,4,3,0.8,0.3,5,5,0,1,9,108,793510,221012,11045561,58428,340478,116,39997,240327,155,0,0,0,9,35426,829413,1402946,validation_failed,20,14,20,13
commutation-accuracy,1,43,commutative,20,2,5,3,3,0.8,0.3,5,4,0,1,7,73,397948,108095,5409754,28487,150649,60,18206,106617,108,0,0,0,7,15977,414231,1105494,passed,20,11,17,10
commutation-accuracy,2,44,commutative,20,5,3,3,3,0.8,0.3,5,5,0,1,9,107,379296,109013,5453851,54417,252719,126,36917,180007,92,0,0,0,9,27996,407644,1116299,passed,20,11,21,11
commutation-accuracy,3,45,commutative,20,4,5,2,3,0.8,0.3,5,5,0,1,10,111,370725,105803,5297572,56453,283451,133,40783,213589,90,0,0,0,10,29752,400899,1110560,passed,20,14,21,14
commutation-accuracy,4,46,commutative,25,3,2,2,3,0.8,0.3,5,5,0,1,5,20,383725,110047,5495720,2146,6929,2,1690,5766,11,0,0,0,5,1436,385319,947735,passed,25,13,6,5
commutation-accuracy,5,47,commutative,10,4,5,2,3,0.8,0.3,5,5,0,1,5,32,383223,104710,5235956,7601,30132,21,5202,21090,5,0,0,0,5,4066,387430,946204,passed,10,6,11,6
commutation-accuracy,6,48,commutative,10,5,3,2,3,0.8,0.3,5,2,0,1,7,44,403328,111984,5586822,11375,59125,62,8289,44626,18,0,0,0,7,6433,409983,933097,passed,10,7,11,7
commutation-accuracy,7,49,commutative,4,3,2,3,3,0.8,0.3,5,2,0,1,2,5,352282,100944,5044327,353,813,0,233,570,0,0,0,0,2,284,352608,937836,passed,4,3,3,2
commutation-accuracy,8,50,commutative,24,2,5,3,3,0.8,0.3,5,4,0,1,10,108,757611,212814,10651716,46809,282206,180,36925,231048,127,0,0,0,10,29021,787197,1015246,passed,24,9,19,8
commutation-accuracy,9,51,commutative,6,3,3,2,3,0.8,0.3,5,3,0,1,4,17,367184,100657,5031453,2053,5993,0,1487,4557,17,0,0,0,4,1180,368447,936175,passed,6,4,7,4
commutation-accuracy,10,52,commutative,24,2,5,3,3,0.8,0.3,5,4,0,1,8,99,435390,124552,6216162,48615,214651,108,32088,147052,89,0,0,0,8,26441,462304,1313717,passed,24,15,21,14
commutation-accuracy,11,53,commutative,15,3,3,3,3,0.8,0.3,5,3,0,1,10,92,644857,180078,9024274,37412,306756,125,29018,246511,116,0,0,0,10,23911,669664,997320,passed,15,7,16,7
commutation-accuracy,12,54,commutative,9,3,4,5,3,0.8,0.3,5,3,0,1,5,30,364601,101809,5081816,10858,35733,45,7153,23968,21,0,0,0,5,5919,370652,961538,passed,9,7,10,7
commutation-accuracy,13,55,commutative,12,4,5,2,3,0.8,0.3,5,3,0,1,7,58,363432,100495,5019053,20267,87905,92,13544,60544,27,0,0,0,7,10479,374177,960519,passed,12,8,13,8
commutation-accuracy,14,56,commutative,30,2,5,2,3,0.8,0.3,5,5,0,1,9,107,701195,197141,9846284,47083,282676,125,34576,205203,205,0,0,0,9,27973,729777,1617243,validation_failed,30,28,23,20
commutation-accuracy,15,57,commutative,4,4,3,4,3,0.8,0.3,5,2,0,1,1,2,360368,100000,4993790,140,277,2,82,173,0,0,0,0,1,115,360517,943247,passed,4,3,2,1
commutation-accuracy,16,58,commutative,6,2,5,3,3,0.8,0.3,5,3,0,1,5,24,367098,103312,5170130,4547,15075,13,3381,11812,41,0,0,0,5,2662,369892,958236,passed,6,4,7,4
commutation-accuracy,17,59,commutative,25,2,3,5,3,0.8,0.3,5,5,0,1,14,140,582482,168022,8382321,94213,1257709,342,73283,1027629,288,0,0,0,14,69198,652851,1585441,validation_failed,25,9,23,8
commutation-accuracy,18,60,commutative,15,3,4,4,3,0.8,0.3,5,5,0,1,8,73,418254,119545,5987335,28826,129825,69,21204,100494,38,0,0,0,8,15970,434532,975706,passed,15,9,16,9
commutation-accuracy,19,61,commutative,12,4,4,2,3,0.8,0.3,5,4,0,1,6,36,404068,109150,5437408,8739,35899,15,6573,27160,20,0,0,0,6,4858,409158,947552,passed,12,8,9,6
commutation-accuracy,20,62,commutative,25,2,3,3,3,0.8,0.3,5,5,0,1,11,89,1005962,279486,13984265,31389,177053,152,24515,140664,37,0,0,0,11,19808,1026380,1035865,validation_failed,25,17,15,8
commutation-accuracy,21,63,commutative,8,2,5,5,3,0.8,0.3,5,2,0,1,6,32,570258,157522,7883690,8480,43088,28,6281,33282,18,0,0,0,6,5352,575855,1044749,validation_failed,8,5,8,5
commutation-accuracy,22,64,commutative,15,4,5,4,3,0.8,0.3,5,3,0,1,7,38,412046,114249,5712304,12891,68538,24,9860,55162,29,0,0,0,7,7528,419788,990489,validation_failed,15,11,11,6
commutation-accuracy,23,65,commutative,15,3,5,2,3,0.8,0.3,5,5,0,1,7,65,421800,115077,5736712,21552,88315,56,15591,65950,27,0,0,0,7,11229,433259,1023128,passed,15,7,16,7
commutation-accuracy,24,66,commutative,9,2,5,5,3,0.8,0.3,5,3,0,1,5,29,362001,100196,5015325,9216,35470,11,7197,29340,76,0,0,0,5,5904,368045,985697,passed,9,5,10,5
commutation-accuracy,25,67,commutative,18,3,4,3,3,0.8,0.3,5,3,0,1,7,76,615906,170407,8511950,30638,149528,71,20651,105777,148,0,0,0,7,17588,633864,1022202,validation_failed,18,12,18,11
commutation-accuracy,26,68,commutative,12,4,5,2,3,0.8,0.3,5,2,0,1,8,68,407003,111864,5600548,22893,120157,49,16420,90366,55,0,0,0,8,12537,419836,975466,passed,12,7,13,7
commutation-accuracy,27,69,commutative,10,5,3,5,3,0.8,0.3,5,5,0,1,5,21,422374,110121,5498118,4838,16493,17,3604,12747,24,0,0,0,5,2923,425463,1007429,passed,10,7,6,5
commutation-accuracy,28,70,commutative,30,4,4,2,3,0.8,0.3,5,5,0,1,11,158,610510,165422,8266158,95935,595934,321,71036,459900,464,0,0,0,11,63090,674570,1309999,passed,30,26,25,20
commutation-accuracy,29,71,commutative,10,3,5,5,3,0.8,0.3,5,2,0,1,8,45,500263,138892,6926071,18747,92865,54,14069,71976,97,0,0,0,8,11452,512069,978457,validation_failed,10,6,9,5
commutation-accuracy,30,72,commutative,8,5,4,4,3,0.8,0.3,5,4,0,1,5,28,389371,100622,5043920,9293,37163,81,6160,25986,58,0,0,0,5,5180,394727,1044645,passed,8,5,9,5
commutation-accuracy,31,73,commutative,8,4,4,4,3,0.8,0.3,5,2,0,1,6,32,429336,107776,5397216,9335,36742,126,7035,28726,75,0,0,0,6,5709,435253,1077427,passed,8,5,9,5
commutation-accuracy,32,74,commutative,12,5,3,3,3,0.8,0.3,5,2,0,1,7,41,453900,107018,5360600,12933,64315,154,9609,49622,83,0,0,0,7,7969,462284,1093401,passed,12,9,9,6
commutation-accuracy,33,75,commutative,4,2,5,3,3,0.8,0.3,5,2,0,1,3,11,406490,101594,5066319,1531,4542,70,1026,3116,0,0,0,0,3,1097,407660,1027487,passed,4,3,5,3
commutation-accuracy,34,76,commutative,24,5,5,2,3,0.8,0.3,5,4,0,1,14,186,836843,222987,11161046,136423,909132,452,105450,722368,414,0,0,0,14,87587,925421,1600608,passed,24,9,25,9
commutation-accuracy,35,77,commutative,6,5,2,2,3,0.8,0.3,5,3,0,1,4,19,402446,104672,5222858,2421,8171,13,1780,6271,8,0,0,0,4,1559,404146,988373,passed,6,5,7,5
commutation-accuracy,36,78,commutative,20,4,5,2,3,0.8,0.3,5,4,0,1,11,144,1032907,279244,13949876,73227,343333,224,52383,258969,202,0,0,0,11,42406,1076010,1073245,passed,20,8,21,8
commutation-accuracy,37,79,commutative,12,3,4,5,3,0.8,0.3,5,2,0,1,9,66,691852,187222,9370225,26836,147827,199,20638,115490,41,0,0,0,9,17941,710295,997041,validation_failed,12,10,12,9
commutation-accuracy,38,80,commutative,16,2,4,5,3,0.8,0.3,5,4,0,1,8,77,764502,206179,10280424,34159,213618,88,24504,156765,102,0,0,0,8,22244,787163,1125008,passed,16,7,17,7
commutation-accuracy,39,81,commutative,10,3,2,4,3,0.8,0.3,5,5,0,1,5,36,422608,111305,5556705,7845,33045,24,5534,24378,12,0,0,0,5,4895,427679,1020672,passed,10,6,11,6
commutation-accuracy,40,82,commutative,9,4,5,5,3,0.8,0.3,5,3,0,1,6,35,383544,101297,5053018,14358,59367,44,10360,44248,45,0,0,0,6,9035,392792,994566,passed,9,8,10,8
commutation-accuracy,41,83,commutative,10,5,2,5,3,0.8,0.3,5,2,0,1,6,40,431048,109835,5489024,12627,48171,13,9197,37010,43,0,0,0,6,7731,438991,981076,passed,10,6,11,6
commutation-accuracy,42,84,commutative,12,3,3,2,3,0.8,0.3,5,2,0,1,7,46,461104,122577,6124163,9377,47096,35,7081,36993,25,0,0,0,7,6169,467575,988558,passed,12,8,11,7
commutation-accuracy,43,85,commutative,9,2,3,2,3,0.8,0.3,5,3,0,1,3,9,470429,126016,6313443,718,2860,3,506,2113,8,0,0,0,3,630,471223,993011,passed,9,5,4,1
commutation-accuracy,44,86,commutative,10,2,2,2,3,0.8,0.3,5,2,0,1,3,9,401148,109570,5476684,674,2014,9,480,1509,0,0,0,0,3,533,401797,973016,validation_failed,10,7,4,3
commutation-accuracy,45,87,commutative,8,3,5,5,3,0.8,0.3,5,4,0,1,5,29,380049,103656,5200759,8303,30033,26,5668,21431,28,0,0,0,5,4864,385077,980032,passed,8,6,9,6
commutation-accuracy,46,88,commutative,12,2,5,3,3,0.8,0.3,5,2,0,1,7,44,569172,156200,7798227,12079,49783,36,9101,39152,29,0,0,0,7,7309,576763,997301,validation_failed,12,7,11,6
commutation-accuracy,47,89,commutative,15,4,2,3,3,0.8,0.3,5,5,0,1,8,78,555249,150828,7551939,24916,120690,97,17989,88905,40,0,0,0,8,14902,570556,1024038,passed,15,7,16,7
commutation-accuracy,48,90,commutative,30,3,4,5,3,0.8,0.3,5,5,0,1,11,158,1143557,306253,15313400,106956,575124,333,80742,456296,366,0,0,0,11,67109,1211394,1528449,validation_failed,30,10,24,9
commutation-accuracy,49,91,commutative,10,4,4,4,3,0.8,0.3,5,2,0,1,7,51,498177,134550,6718641,16545,69296,49,12190,52968,36,0,0,0,7,10657,509118,1011454,passed,10,6,11,6
commutation-accuracy,50,92,commutative,8,4,5,4,3,0.8,0.3,5,4,0,1,7,41,420362,113177,5671836,14045,94673,53,10152,75434,43,0,0,0,7,9489,430142,987413,passed,8,5,9,5
commutation-accuracy,51,93,commutative,12,5,2,2,3,0.8,0.3,5,3,0,1,8,60,612547,166775,8325775,16955,118561,35,12444,87534,57,0,0,0,8,10731,623606,996104,passed,12,6,13,6
commutation-accuracy,52,94,commutative,16,4,2,3,3,0.8,0.3,5,4,0,1,9,97,416350,111062,5548525,35287,141626,130,24657,103245,85,0,0,0,9,20376,437093,1032391,passed,16,7,17,7
commutation-accuracy,53,95,commutative,6,3,5,4,3,0.8,0.3,5,3,0,1,5,23,382160,102072,5127991,6351,27606,19,4488,20688,33,0,0,0,5,4101,386389,983474,passed,6,4,7,4
commutation-accuracy,54,96,commutative,12,4,4,2,3,0.8,0.3,5,3,0,1,8,67,451825,114923,5759119,22319,118903,83,16090,89044,38,0,0,0,8,13155,465354,1038998,passed,12,9,13,9
commutation-accuracy,55,97,commutative,20,5,3,5,3,0.8,0.3,5,5,0,1,10,118,597845,156929,7860418,79207,629360,328,58392,467156,357,0,0,0,10,57098,655640,1499466,passed,20,16,21,16
commutation-accuracy,56,98,commutative,15,4,2,5,3,0.8,0.3,5,3,0,1,10,90,491670,129179,6459804,43024,194799,121,31995,153198,86,0,0,0,10,26857,518977,1019905,passed,15,7,16,7
commutation-accuracy,57,99,commutative,6,5,3,2,3,0.8,0.3,5,2,0,1,5,21,406095,103316,5155847,3515,17344,13,2648,13430,0,0,0,0,5,2209,408458,1010555,passed,6,5,7,5
commutation-accuracy,58,100,commutative,10,2,5,5,3,0.8,0.3,5,5,0,1,5,33,375922,102498,5113715,11759,44973,61,7794,31998,20,0,0,0,5,6924,382995,1003525,passed,10,6,11,6
commutation-accuracy,59,101,commutative,15,5,3,4,3,0.8,0.3,5,5,0,1,7,66,743211,195128,9763852,24299,99989,68,17078,72686,82,0,0,0,7,15486,759041,1051952,validation_failed,15,7,15,7
commutation-accuracy,60,102,commutative,25,5,4,4,3,0.8,0.3,5,5,0,1,9,125,600489,157969,7906481,79944,426184,128,55482,300204,275,0,0,0,9,46408,647369,1640915,passed,25,17,26,17
commutation-accuracy,61,103,commutative,8,3,5,5,3,0.8,0.3,5,4,0,1,5,31,378439,101545,5073313,8787,30633,39,6232,22938,24,0,0,0,5,5083,383665,1000101,passed,8,5,9,5
commutation-accuracy,62,104,commutative,8,3,3,5,3,0.8,0.3,5,4,0,1,4,14,414190,110996,5549442,2369,10592,11,1717,8348,0,0,0,0,4,1522,415815,1006648,passed,8,7,5,4
commutation-accuracy,63,105,commutative,12,3,4,3,3,0.8,0.3,5,2,0,1,7,55,591874,157817,7880208,17709,90082,340,12347,63359,189,0,0,0,7,11274,603554,1028540,passed,12,9,13,9
commutation-accuracy,64,106,commutative,10,4,5,3,3,0.8,0.3,5,2,0,1,7,44,493674,125807,6286496,13513,58032,166,10028,43986,63,0,0,0,7,8542,502556,1007813,passed,10,7,11,7
commutation-accuracy,65,107,commutative,25,2,3,4,3,0.8,0.3,5,5,0,1,9,143,531500,131205,6554799,66404,396860,895,45519,272596,825,0,0,0,9,45825,577907,1305471,passed,25,16,26,16
commutation-accuracy,66,108,commutative,20,5,3,5,3,0.8,0.3,5,4,0,1,14,170,915293,259156,12944167,174427,858425,380,139537,709941,426,0,0,0,14,99815,1016090,1383725,passed,20,17,21,17
commutation-accuracy,67,109,commutative,15,3,3,3,3,0.8,0.3,5,5,0,1,7,71,468795,129107,6447884,19558,78888,35,13933,58473,44,0,0,0,7,10995,480051,974805,passed,15,7,16,7
commutation-accuracy,68,110,commutative,12,5,3,5,3,0.8,0.3,5,3,0,1,9,78,605573,169136,8471065,34401,139213,125,27093,113819,128,0,0,0,9,19835,625846,950693,passed,12,6,13,6
commutation-accuracy,69,111,commutative,10,2,2,2,3,0.8,0.3,5,5,0,1,4,15,366727,102756,5129577,1285,3795,21,917,2834,0,0,0,0,4,885,367722,951922,passed,10,6,5,3
commutation-accuracy,70,112,commutative,12,5,2,4,3,0.8,0.3,5,2,0,1,9,68,688998,189830,9497294,25560,112026,120,19466,88906,48,0,0,0,9,15412,704826,1002652,validation_failed,12,7,12,7
commutation-accuracy,71,113,commutative,24,2,4,4,3,0.8,0.3,5,4,0,1,12,161,492975,136357,6794876,109306,558175,330,76581,399636,232,0,0,0,12,63378,557078,1255726,validation_failed,24,14,24,13
commutation-accuracy,72,114,commutative,15,5,4,4,3,0.8,0.3,5,5,0,1,8,72,413808,115658,5789559,31876,136147,106,23917,105223,95,0,0,0,8,18103,432256,994378,passed,15,12,16,12
commutation-accuracy,73,115,commutative,6,2,5,4,3,0.8,0.3,5,2,0,1,5,24,356411,100475,5026389,5361,21260,1,3835,16027,6,0,0,0,5,3071,359654,961534,passed,6,5,7,5
commutation-accuracy,74,116,commutative,20,5,2,4,3,0.8,0.3,5,4,0,1,9,61,644649,171623,8579232,25016,155251,93,21486,137428,72,0,0,0,9,16215,661397,972855,validation_failed,20,8,12,3
commutation-accuracy,75,117,commutative,30,2,2,3,3,0.8,0.3,5,5,0,1,7,46,485048,131056,6561268,12754,79965,20,9885,66072,43,0,0,0,7,7805,493119,1135321,validation_failed,30,18,14,5
commutation-accuracy,76,118,commutative,18,5,5,3,3,0.8,0.3,5,3,0,1,10,97,565435,141772,7091556,62473,431193,741,46773,336504,1031,0,0,0,10,40628,606766,1138972,passed,18,13,19,13
commutation-accuracy,77,119,commutative,9,4,4,4,3,0.8,0.3,5,3,0,1,6,37,456439,121715,6081101,10942,38614,25,7849,28802,21,0,0,0,6,6657,463342,997607,passed,9,7,10,7
commutation-accuracy,78,120,commutative,20,2,4,5,3,0.8,0.3,5,4,0,1,7,70,445753,122980,6125914,29638,117639,266,21555,87541,145,0,0,0,7,17382,463432,1107686,passed,20,14,16,9
commutation-accuracy,79,121,commutative,12,3,2,5,3,0.8,0.3,5,3,0,1,5,31,411691,112335,5614296,9280,39974,38,6259,27647,95,0,0,0,5,5490,417340,989831,passed,12,6,10,5
commutation-accuracy,80,122,commutative,24,4,4,4,3,0.8,0.3,5,4,0,1,13,184,921510,244944,12266028,119062,699732,920,90572,541126,875,0,0,0,13,72905,995347,1603032,validation_failed,24,9,24,9
commutation-accuracy,81,123,commutative,16,3,4,4,3,0.8,0.3,5,4,0,1,10,86,466272,118102,5908290,40679,234089,628,30189,183142,910,0,0,0,10,26745,493544,1158949,passed,16,7,17,7
commutation-accuracy,82,124,commutative,18,2,3,5,3,0.8,0.3,5,3,0,1,5,27,727130,195763,9791759,5678,20769,23,4154,16570,1,0,0,0,5,3609,730932,1006893,validation_failed,18,8,8,4
commutation-accuracy,83,125,commutative,10,3,4,5,3,0.8,0.3,5,5,0,1,8,49,398044,105159,5261203,18517,70197,63,14258,56542,35,0,0,0,8,12362,410687,1011804,passed,10,7,11,7
commutation-accuracy,84,126,commutative,8,5,4,3,3,0.8,0.3,5,2,0,1,7,40,397197,101404,5079097,11737,45587,201,8728,34795,38,0,0,0,7,8989,406407,1029166,passed,8,6,9,6
commutation-accuracy,85,127,commutative,10,2,4,2,3,0.8,0.3,5,5,0,1,4,14,403786,102461,5103462,1461,4619,1,1078,3633,9,0,0,0,4,975,404872,1053473,passed,10,7,5,4
commutation-accuracy,86,128,commutative,12,5,3,4,3,0.8,0.3,5,4,0,1,7,53,522441,140918,7046437,21725,110320,200,15587,83532,303,0,0,0,7,14253,537143,982967,passed,12,6,13,6
commutation-accuracy,87,129,commutative,16,5,2,4,3,0.8,0.3,5,4,0,1,8,62,413337,110472,5527143,22674,89361,90,17663,73034,32,0,0,0,8,13961,427635,991035,validation_failed,16,7,14,7
commutation-accuracy,88,130,commutative,24,3,3,5,3,0.8,0.3,5,4,0,1,5,36,404208,110831,5549289,10159,60290,22,7327,44416,35,0,0,0,5,6381,410767,1098299,validation_failed,24,12,13,10
commutation-accuracy,89,131,commutative,12,4,2,5,3,0.8,0.3,5,3,0,1,5,20,699058,189369,9482228,6393,49170,51,5324,43223,38,0,0,0,5,5256,704610,993782,validation_failed,12,9,7,4
commutation-accuracy,90,132,commutative,8,4,3,4,3,0.8,0.3,5,4,0,1,7,40,409510,112942,5622417,11923,74819,46,9060,57649,33,0,0,0,7,7768,417581,982275,passed,8,7,9,7
commutation-accuracy,91,133,commutative,8,2,2,3,3,0.8,0.3,5,2,0,1,3,9,575578,151347,7560224,806,2889,2,572,2252,0,0,0,0,3,650,576371,984118,validation_failed,8,5,4,3
commutation-accuracy,92,134,commutative,8,4,2,5,3,0.8,0.3,5,4,0,1,3,13,356878,100359,5017734,2277,8198,13,1451,5477,8,0,0,0,3,1366,358332,965030,passed,8,5,7,4
commutation-accuracy,93,135,commutative,12,5,5,5,3,0.8,0.3,5,3,0,1,8,66,516932,139610,6968419,32435,171409,76,23713,130524,88,0,0,0,8,18851,536147,1027432,passed,12,6,13,6
commutation-accuracy,94,136,commutative,18,3,4,3,3,0.8,0.3,5,3,0,1,7,75,421242,107748,5390815,27863,245502,229,19926,178355,301,0,0,0,7,18061,439634,1124362,passed,18,13,19,13
commutation-accuracy,95,137,commutative,10,4,3,5,3,0.8,0.3,5,5,0,1,7,48,445249,116930,5850589,15733,69326,94,11861,54301,144,0,0,0,7,9937,455427,1038519,passed,10,7,11,7
commutation-accuracy,96,138,commutative,12,3,3,3,3,0.8,0.3,5,4,0,1,5,28,388416,103575,5161709,5361,21059,26,3821,15681,67,0,0,0,5,3709,392268,998363,passed,12,6,9,5
commutation-accuracy,97,139,commutative,9,2,2,2,3,0.8,0.3,5,3,0,1,6,27,418914,109508,5490217,3343,20080,15,2560,16249,22,0,0,0,6,2354,421496,1032638,passed,9,7,7,5
commutation-accuracy,98,140,commutative,6,4,5,4,3,0.8,0.3,5,2,0,1,4,17,382762,100669,5045596,4249,15654,43,2909,10997,34,0,0,0,4,2541,385426,1030033,passed,6,4,7,4
commutation-accuracy,99,141,commutative,16,3,3,5,3,0.8,0.3,5,4,0,1,7,57,404115,109770,5486937,24607,175387,199,18220,131114,217,0,0,0,7,16153,420609,1029634,passed,16,7,13,3
commutation-accuracy,100,142,commutative,16,3,5,5,3,0.8,0.3,5,4,0,1,8,79,743471,199967,9995160,44497,216136,306,33227,168684,318,0,0,0,8,26712,770601,1042770,passed,16,7,17,7
commutation-accuracy,101,143,commutative,16,3,3,3,3,0.8,0.3,5,4,0,1,10,107,486668,130771,6535236,54595,310541,523,37449,222444,402,0,0,0,10,33125,520288,1031151,passed,16,10,17,10
commutation-accuracy,102,144,commutative,12,2,4,2,3,0.8,0.3,5,4,0,1,8,44,595929,160183,8003037,9909,64886,40,8100,53263,68,0,0,0,8,6589,603009,999571,passed,12,6,9,5
commutation-accuracy,103,145,commutative,10,3,4,5,3,0.8,0.3,5,5,0,1,7,50,428931,111655,5590009,20047,79256,293,15238,64108,185,0,0,0,7,14624,443918,1014365,passed,10,6,11,6
commutation-accuracy,104,146,commutative,12,4,3,4,3,0.8,0.3,5,2,0,1,7,50,386696,105014,5249629,15957,64979,217,11644,48659,199,0,0,0,7,9754,396688,1025564,passed,12,9,13,9
commutation-accuracy,105,147,commutative,18,2,5,3,3,0.8,0.3,5,3,0,1,10,73,391304,104812,5244747,28777,127633,240,22584,104347,496,0,0,0,10,18340,410080,1026401,passed,18,10,13,8
commutation-accuracy,106,148,commutative,12,5,5,4,3,0.8,0.3,5,4,0,1,6,47,447727,118526,5926032,19215,111984,235,12931,76451,185,0,0,0,6,11691,459675,1021362,passed,12,8,13,8
commutation-accuracy,107,149,commutative,15,2,3,5,3,0.8,0.3,5,5,0,1,4,17,381436,100978,5051304,4508,32555,39,2954,23400,35,0,0,0,4,2953,384556,1013527,passed,15,11,6,3
commutation-accuracy,108,150,commutative,12,4,5,3,3,0.8,0.3,5,4,0,1,8,63,514497,135840,6795565,24539,126469,278,17873,98027,297,0,0,0,8,15463,530454,1010270,passed,12,6,13,6
commutation-accuracy,109,151,commutative,20,4,3,3,3,0.8,0.3,5,5,0,1,12,141,540117,143937,7212157,78263,369069,920,64169,317185,779,0,0,0,12,47905,588641,1090826,passed,20,8,21,8
commutation-accuracy,110,152,commutative,8,5,5,3,3,0.8,0.3,5,4,0,1,4,20,379789,100519,5022121,4647,15403,31,3421,11816,28,0,0,0,4,2819,382724,1023374,passed,8,5,9,5
commutation-accuracy,111,153,commutative,12,2,2,2,3,0.8,0.3,5,3,0,1,5,29,397323,104471,5223505,3789,14147,55,2628,10097,57,0,0,0,5,2435,399902,1025033,passed,12,8,9,6
commutation-accuracy,112,154,commutative,30,3,3,3,3,0.8,0.3,5,5,0,1,11,113,430713,114970,5754884,49526,239608,569,36382,185647,1733,0,0,0,11,33390,464659,1022620,validation_failed,30,10,16,7
commutation-accuracy,113,155,commutative,18,3,4,5,3,0.8,0.3,5,3,0,1,8,73,405011,110402,5522409,34175,146971,51,24808,110475,113,0,0,0,8,19274,424549,1027693,passed,18,10,19,10
commutation-accuracy,114,156,commutative,15,2,4,3,3,0.8,0.3,5,5,0,1,8,74,535624,148759,7445227,24786,115316,72,17379,82595,40,0,0,0,8,14269,550210,974505,passed,15,11,16,11
commutation-accuracy,115,157,commutative,24,5,4,5,3,0.8,0.3,5,4,0,1,14,186,578514,156994,7858306,170509,915629,468,132148,720205,388,0,0,0,14,104897,684244,1622507,passed,24,9,25,9
commutation-accuracy,116,158,commutative,20,4,2,4,3,0.8,0.3,5,4,0,1,7,41,536911,151314,7540468,10552,37437,21,8106,29797,10,0,0,0,7,6286,543439,980478,validation_failed,20,8,10,6
commutation-accuracy,117,159,commutative,8,5,5,5,3,0.8,0.3,5,2,0,1,6,34,383840,104053,5199248,12015,53745,37,8895,40886,52,0,0,0,6,7114,391171,971991,passed,8,7,9,7
commutation-accuracy,118,160,commutative,10,4,5,2,3,0.8,0.3,5,5,0,1,7,51,440914,120007,6002927,14183,68985,39,10326,53714,33,0,0,0,7,8108,449277,995458,passed,10,6,11,6
commutation-accuracy,119,161,commutative,12,5,5,5,3,0.8,0.3,5,3,0,1,6,49,374977,101181,5061466,21047,91318,48,14578,63725,52,0,0,0,6,11842,387078,1071112,passed,12,6,13,6
commutation-accuracy,120,162,commutative,24,5,4,3,3,0.8,0.3,5,4,0,1,9,113,501337,132692,6653396,53371,270044,183,37626,194004,170,0,0,0,9,32031,533790,1166292,passed,24,9,21,8
commutation-accuracy,121,163,commutative,20,4,5,5,3,0.8,0.3,5,5,0,1,11,104,504640,135113,6762152,77809,317838,213,62705,266033,290,0,0,0,11,45388,550620,1217142,passed,20,8,21,8
commutation-accuracy,122,164,commutative,9,4,3,2,3,0.8,0.3,5,3,0,1,5,24,374097,103381,5172989,4457,21241,9,3458,17297,28,0,0,0,5,2997,377296,970348,passed,9,5,7,4
commutation-accuracy,123,165,commutative,9,4,2,4,3,0.8,0.3,5,3,0,1,5,25,558051,151976,7624189,5909,28542,43,4067,21061,18,0,0,0,5,3889,562156,966153,passed,9,7,7,5
commutation-accuracy,124,166,commutative,8,3,3,4,3,0.8,0.3,5,2,0,1,7,40,531010,148648,7449494,12133,51458,59,8923,39506,30,0,0,0,7,7516,538845,970267,passed,8,6,9,6
commutation-accuracy,125,167,commutative,30,4,3,5,3,0.8,0.3,5,5,0,1,12,147,588469,161541,8072278,101420,741418,282,77974,580057,369,0,0,0,12,66673,656005,3314360,validation_failed,30,10,24,7
commutation-accuracy,126,168,commutative,15,5,3,3,3,0.8,0.3,5,5,0,1,7,68,376955,102556,5145434,26440,104621,78,17028,69183,91,0,0,0,7,15509,392751,1051571,passed,15,9,16,9
commutation-accuracy,127,169,commutative,24,3,3,2,3,0.8,0.3,5,4,0,1,7,43,450000,118963,5932970,14185,56969,60,10874,42449,29,0,0,0,7,9087,459426,980562,validation_failed,24,9,11,5
commutation-accuracy,128,170,commutative,16,5,2,2,3,0.8,0.3,5,4,0,1,10,99,456612,124064,6200467,40599,289258,117,29930,221691,148,0,0,0,10,25567,482792,1078121,passed,16,10,17,10
commutation-accuracy,129,171,commutative,20,2,4,3,3,0.8,0.3,5,4,0,1,11,123,446607,122368,6120724,55151,312129,272,39764,228296,207,0,0,0,11,36090,483368,1160897,passed,20,11,21,11
commutation-accuracy,130,172,commutative,15,3,4,5,3,0.8,0.3,5,3,0,1,9,87,404255,112218,5599275,48968,326835,107,34441,258365,98,0,0,0,9,32590,437345,990178,passed,15,7,16,7
commutation-accuracy,131,173,commutative,30,2,5,3,3,0.8,0.3,5,5,0,1,9,143,624877,169437,8470680,67278,310922,110,46301,219587,254,0,0,0,9,37598,663002,1255003,validation_failed,30,18,30,18
commutation-accuracy,132,174,commutative,12,3,2,4,3,0.8,0.3,5,2,0,1,5,24,495498,133186,6656115,4621,17210,23,3301,12823,14,0,0,0,5,2984,498708,1010151,validation_failed,12,11,7,5
commutation-accuracy,133,175,commutative,9,2,4,5,3,0.8,0.3,5,3,0,1,3,9,391543,101680,5074905,1298,3434,1,895,2539,0,0,0,0,3,828,392470,994476,passed,9,5,4,3
commutation-accuracy,134,176,commutative,4,3,3,2,3,0.8,0.3,5,2,0,1,3,10,360174,101141,5067537,957,2855,1,656,2047,6,0,0,0,3,656,360911,971022,passed,4,3,5,3
commutation-accuracy,135,177,commutative,4,5,2,4,3,0.8,0.3,5,2,0,1,3,11,359353,100463,5038653,1479,3986,1,1011,2861,0,0,0,0,3,922,360350,969040,passed,4,3,5,3
commutation-accuracy,136,178,commutative,6,3,5,5,3,0.8,0.3,5,2,0,1,5,21,399283,106228,5326684,5971,28886,7,4253,22199,24,0,0,0,5,3887,403343,982342,passed,6,4,7,4
commutation-accuracy,137,179,commutative,16,5,5,4,3,0.8,0.3,5,4,0,1,7,67,366086,102053,5093999,37609,138815,86,24819,94099,68,0,0,0,7,19715,386037,1112966,passed,16,12,17,12
commutation-accuracy,138,180,commutative,12,4,5,3,3,0.8,0.3,5,3,0,1,7,54,372587,102565,5138102,17597,63961,37,12348,47067,42,0,0,0,7,10178,382978,976902,passed,12,8,13,8
commutation-accuracy,139,181,commutative,12,3,3,3,3,0.8,0.3,5,4,0,1,6,45,387103,107256,5358039,10541,41307,35,7582,31032,40,0,0,0,6,6833,394171,985544,passed,12,6,13,6
commutation-accuracy,140,182,commutative,20,4,5,3,3,0.8,0.3,5,4,0,1,8,101,408038,107676,5396348,53413,260387,298,35440,179973,89,0,0,0,8,31668,440167,1100451,passed,20,14,21,14
commutation-accuracy,141,183,commutative,30,2,3,3,3,0.8,0.3,5,5,0,1,9,148,445873,121119,6068529,75046,454203,272,53550,337280,132,0,0,0,9,46636,493065,1257897,validation_failed,30,10,30,10
commutation-accuracy,142,184,commutative,10,2,2,5,3,0.8,0.3,5,5,0,1,10,67,553794,153377,7648288,23427,184154,69,17924,145210,70,0,0,0,10,15857,570217,972564,passed,10,6,11,6
commutation-accuracy,143,185,commutative,6,3,4,3,3,0.8,0.3,5,3,0,1,4,18,366581,102297,5109617,3469,12043,3,2332,8373,23,0,0,0,4,2163,368859,983965,passed,6,5,7,5
commutation-accuracy,144,186,commutative,4,2,5,3,3,0.8,0.3,5,2,0,1,4,15,360134,100003,4995754,2871,16380,25,1797,8840,0,0,0,0,4,1712,362164,965749,passed,4,3,5,3
commutation-accuracy,145,187,commutative,4,4,4,5,3,0.8,0.3,5,2,0,1,4,16,373953,100025,5001614,3719,13913,11,2470,9842,0,0,0,0,4,2182,376241,986258,passed,4,3,5,3
commutation-accuracy,146,188,commutative,16,4,3,5,3,0.8,0.3,5,4,0,1,8,81,490625,131434,6579997,41843,181006,128,31936,143321,143,0,0,0,8,26442,517528,1018629,passed,16,7,17,7
commutation-accuracy,147,189,commutative,8,2,3,5,3,0.8,0.3,5,2,0,1,5,24,374955,102418,5125422,6185,24645,33,4256,17919,28,0,0,0,5,4017,379156,991594,passed,8,6,7,5
commutation-accuracy,148,190,commutative,20,2,5,3,3,0.8,0.3,5,4,0,1,4,14,427348,111582,5577487,1997,6384,12,1446,4855,1,0,0,0,4,1368,428870,1001569,passed,20,14,5,4
commutation-accuracy,149,191,commutative,6,5,2,4,3,0.8,0.3,5,3,0,1,4,14,387252,108988,5445509,2273,7831,13,1647,5911,0,0,0,0,4,1453,388825,973487,passed,6,4,5,3
commutation-accuracy,150,192,commutative,10,5,3,4,3,0.8,0.3,5,2,0,1,6,39,375114,104262,5196426,11187,46414,36,8137,35140,19,0,0,0,6,6607,381922,987232,validation_failed,10,7,11,7
commutation-accuracy,151,193,commutative,10,4,4,4,3,0.8,0.3,5,2,0,1,9,63,495536,138193,6901333,25917,145435,89,19310,114003,43,0,0,0,9,15946,511937,987132,passed,10,8,11,8
commutation-accuracy,152,194,commutative,9,4,4,3,3,0.8,0.3,5,3,0,1,4,12,381074,100871,5037775,2006,9256,17,1408,6965,9,0,0,0,4,1377,382584,1006035,passed,9,5,4,1
commutation-accuracy,153,195,commutative,15,5,3,3,3,0.8,0.3,5,3,0,1,7,62,381818,104798,5228169,22704,86669,130,15434,61137,213,0,0,0,7,12777,394842,1010370,passed,15,7,16,7
commutation-accuracy,154,196,commutative,24,2,2,5,3,0.8,0.3,5,4,0,1,13,158,862646,226869,11362116,101096,637351,903,75149,496122,1074,0,0,0,13,68232,931670,1808593,validation_failed,24,12,24,11
commutation-accuracy,155,197,commutative,12,2,5,2,3,0.8,0.3,5,4,0,1,9,72,396373,107981,5393817,22565,130525,84,16263,92590,79,0,0,0,9,13472,410235,988083,passed,12,6,13,6
commutation-accuracy,156,198,commutative,12,5,3,4,3,0.8,0.3,5,4,0,1,4,14,459662,126863,6350420,2403,7308,14,1786,5803,9,0,0,0,4,1602,461413,977008,passed,12,10,5,2
commutation-accuracy,157,199,commutative,8,4,2,5,3,0.8,0.3,5,4,0,1,6,31,486808,133209,6651682,7774,42019,45,5893,33804,126,0,0,0,6,5280,492320,1010584,validation_failed,8,5,8,5
commutation-accuracy,158,200,commutative,20,3,2,2,3,0.8,0.3,5,5,0,1,5,27,384028,103555,5191258,3865,14819,54,2938,11800,41,0,0,0,5,2531,386735,1044164,passed,20,8,9,5
commutation-accuracy,159,201,commutative,12,3,2,3,3,0.8,0.3,5,3,0,1,5,32,399312,103101,5150228,5552,20524,43,3920,14996,72,0,0,0,5,3321,402822,1002731,passed,12,8,10,7
commutation-accuracy,160,202,commutative,12,5,2,2,3,0.8,0.3,5,3,0,1,7,58,917552,244046,12210331,13065,54493,161,9592,41889,107,0,0,0,7,7748,925643,1009056,passed,12,6,13,6
commutation-accuracy,161,203,commutative,6,3,2,4,3,0.8,0.3,5,3,0,1,5,23,379045,102277,5116661,5213,27107,22,3490,18981,42,0,0,0,5,3483,382725,999616,passed,6,4,7,4
commutation-accuracy,162,204,commutative,20,2,3,3,3,0.8,0.3,5,4,0,1,7,57,428139,113618,5686587,16827,73300,128,11688,52752,182,0,0,0,7,10935,439441,965599,passed,20,16,13,10
commutation-accuracy,163,205,commutative,8,2,4,2,3,0.8,0.3,5,2,0,1,2,5,375684,100800,5031998,321,809,2,205,555,0,0,0,0,2,385,376148,968424,passed,8,5,3,1
commutation-accuracy,164,206,commutative,16,4,2,2,3,0.8,0.3,5,4,0,1,3,10,414587,115711,5806641,893,3153,2,630,2377,10,0,0,0,3,659,415358,952864,passed,16,10,5,4
commutation-accuracy,165,207,commutative,9,4,3,2,3,0.8,0.3,5,3,0,1,7,44,456235,120039,5999397,10466,42004,42,8034,33077,50,0,0,0,7,7125,463696,955893,passed,9,8,10,8
commutation-accuracy,166,208,commutative,18,4,4,5,3,0.8,0.3,5,3,0,1,6,28,517950,140528,7039232,7765,29181,10,5891,22846,25,0,0,0,6,4871,523077,983840,passed,18,10,7,2
commutation-accuracy,167,209,commutative,12,3,2,3,3,0.8,0.3,5,4,0,1,8,63,430662,116193,5799688,19635,127284,73,15316,97764,59,0,0,0,8,12516,443623,1029522,passed,12,6,13,6
commutation-accuracy,168,210,commutative,4,5,2,3,3,0.8,0.3,5,2,0,1,2,5,368356,101216,5060221,419,1158,3,282,829,0,0,0,0,2,392,368828,989228,passed,4,3,3,1
commutation-accuracy,169,211,commutative,8,4,4,4,3,0.8,0.3,5,2,0,1,6,36,381164,105825,5276289,9851,36524,21,7055,27840,61,0,0,0,6,5725,387084,982356,passed,8,5,9,5
commutation-accuracy,170,212,commutative,8,3,4,2,3,0.8,0.3,5,4,0,1,5,30,378569,102492,5122578,5347,21708,2,3645,15428,6,0,0,0,5,2970,381698,996577,passed,8,5,9,5
commutation-accuracy,171,213,commutative,12,2,2,3,3,0.8,0.3,5,3,0,1,3,9,390567,109724,5492545,804,2231,1,550,1642,0,0,0,0,3,611,391308,970558,passed,12,6,4,3
commutation-accuracy,172,214,commutative,20,3,3,4,3,0.8,0.3,5,5,0,1,9,100,403442,111522,5585697,49789,317607,166,35047,217482,83,0,0,0,9,29839,433702,1210192,passed,20,8,21,8
commutation-accuracy,173,215,commutative,25,4,2,4,3,0.8,0.3,5,5,0,1,12,173,554480,152346,7613094,98912,619468,295,72155,458633,244,0,0,0,12,61502,616744,1469740,passed,25,9,26,9
commutation-accuracy,174,216,commutative,30,4,5,3,3,0.8,0.3,5,5,0,1,11,204,395900,110732,5522913,152655,746348,394,102378,510858,350,0,0,0,11,82809,479384,2088808,passed,30,18,31,18
commutation-accuracy,175,217,commutative,4,2,3,4,3,0.8,0.3,5,2,0,1,3,8,363542,100026,5014567,1023,3644,3,694,2434,0,0,0,0,3,756,364432,972538,passed,4,3,3,1
commutation-accuracy,176,218,commutative,25,4,4,5,3,0.8,0.3,5,5,0,1,13,184,1396304,380182,18987420,161302,779443,387,124156,628483,399,0,0,0,13,101394,1498653,1643363,passed,25,9,26,9
commutation-accuracy,177,219,commutative,18,2,3,5,3,0.8,0.3,5,3,0,1,9,91,421092,111123,5562964,39621,171526,193,29630,136083,87,0,0,0,9,25995,447482,1033809,passed,18,8,19,8
commutation-accuracy,178,220,commutative,12,2,5,2,3,0.8,0.3,5,4,0,1,7,57,414481,107874,5385429,15657,75119,82,10628,52762,144,0,0,0,7,12330,427185,981938,passed,12,6,13,6
commutation-accuracy,179,221,commutative,9,4,2,4,3,0.8,0.3,5,3,0,1,5,31,385247,107727,5398138,6762,29155,49,4743,21066,0,0,0,0,5,4103,389522,955191,passed,9,5,10,5
commutation-accuracy,180,222,commutative,12,3,5,4,3,0.8,0.3,5,4,0,1,5,40,372401,103406,5184611,12369,51833,43,8639,37549,19,0,0,0,5,7163,379770,976484,passed,12,9,13,9
commutation-accuracy,181,223,commutative,24,3,4,5,3,0.8,0.3,5,4,0,1,10,126,519019,140366,7018686,87354,474543,455,62789,356553,216,0,0,0,10,57054,576700,1338709,validation_failed,24,9,24,9
commutation-accuracy,182,224,commutative,8,3,5,3,3,0.8,0.3,5,4,0,1,5,27,398465,105969,5299534,5915,25493,14,4196,18868,8,0,0,0,5,3599,402230,1002414,passed,8,5,9,5
commutation-accuracy,183,225,commutative,18,2,4,4,3,0.8,0.3,5,3,0,1,12,124,557054,150866,7546148,67241,376995,252,49000,284053,166,0,0,0,12,41472,599161,1047503,passed,18,10,19,10
commutation-accuracy,184,226,commutative,10,4,2,5,3,0.8,0.3,5,5,0,1,6,38,437322,118265,5922225,11025,46200,31,8360,36361,25,0,0,0,6,6953,444515,965885,passed,10,6,11,6
commutation-accuracy,185,227,commutative,25,2,2,4,3,0.8,0.3,5,5,0,1,9,118,677118,188883,9453409,53283,407520,202,36180,283026,141,0,0,0,9,32977,710618,1241728,passed,25,13,21,11
commutation-accuracy,186,228,commutative,10,2,5,3,3,0.8,0.3,5,2,0,1,5,27,398256,107201,5369507,5351,24866,37,3849,18906,31,0,0,0,5,3240,401656,1009802,passed,10,8,9,6
commutation-accuracy,187,229,commutative,10,3,2,5,3,0.8,0.3,5,2,0,1,7,40,601558,165273,8242091,11343,60613,44,8726,48932,74,0,0,0,7,8246,610229,981466,passed,10,6,9,4
commutation-accuracy,188,230,commutative,20,2,2,5,3,0.8,0.3,5,4,0,1,7,54,395973,102925,5142190,15793,66051,38,11677,50545,36,0,0,0,7,10057,406311,1006259,passed,20,11,13,9
commutation-accuracy,189,231,commutative,12,2,2,3,3,0.8,0.3,5,4,0,1,9,70,521247,139906,6992727,19607,131809,137,14632,102463,48,0,0,0,9,13528,535298,975176,passed,12,6,13,6
commutation-accuracy,190,232,commutative,20,3,4,3,3,0.8,0.3,5,4,0,1,9,113,380471,104323,5197474,59619,283787,182,41540,207632,199,0,0,0,9,34361,415236,1286621,passed,20,14,21,14
commutation-accuracy,191,233,commutative,15,5,3,3,3,0.8,0.3,5,5,0,1,11,105,591254,157015,7862589,46814,253637,193,36166,203589,192,0,0,0,11,29335,621189,980186,passed,15,7,16,7
commutation-accuracy,192,234,commutative,6,5,2,3,3,0.8,0.3,5,3,0,1,5,22,410163,113207,5682043,3763,19245,2,2767,14580,28,0,0,0,5,2523,412868,973966,passed,6,4,7,4
commutation-accuracy,193,235,commutative,12,4,3,3,3,0.8,0.3,5,2,0,1,9,69,395861,107754,5381759,23163,129912,70,17068,99258,75,0,0,0,9,14105,410338,1016735,passed,12,8,13,8
commutation-accuracy,194,236,commutative,8,4,4,3,3,0.8,0.3,5,4,0,1,5,30,367125,101919,5098383,6353,27468,27,4504,20160,36,0,0,0,5,3864,371147,973131,passed,8,5,9,5
commutation-accuracy,195,237,commutative,12,2,4,5,3,0.8,0.3,5,3,0,1,6,44,378743,106263,5304222,15211,58090,17,10853,43599,42,0,0,0,6,8765,387710,982258,passed,12,8,13,8
commutation-accuracy,196,238,commutative,15,4,4,2,3,0.8,0.3,5,3,0,1,9,87,458502,125187,6252223,37584,165236,70,28180,128786,111,0,0,0,9,20559,479465,998686,passed,15,7,16,7
commutation-accuracy,197,239,commutative,15,3,2,2,3,0.8,0.3,5,3,0,1,9,67,679914,185401,9274967,16301,90986,89,12503,73080,33,0,0,0,9,10548,690917,999180,validation_failed,15,7,13,6
commutation-accuracy,198,240,commutative,8,2,5,4,3,0.8,0.3,5,4,0,1,5,26,379163,101731,5099986,6449,27493,9,4606,20574,28,0,0,0,5,3976,383294,995900,passed,8,6,9,6
commutation-accuracy,199,241,commutative,8,4,4,5,3,0.8,0.3,5,2,0,1,6,35,505044,134725,6755025,11231,54420,49,8034,40929,33,0,0,0,6,6806,512097,992344,passed,8,5,9,5
commutation-accuracy,200,242,commutative,18,5,4,4,3,0.8,0.3,5,3,0,1,8,85,541872,149035,7445832,45107,214360,109,33779,170660,221,0,0,0,8,26542,568802,1039301,passed,18,10,19,10
commutation-accuracy,201,243,commutative,12,3,4,5,3,0.8,0.3,5,3,0,1,8,64,370143,103644,5189986,30101,150202,124,22103,115238,92,0,0,0,8,18192,388676,996233,passed,12,9,13,9
commutation-accuracy,202,244,commutative,6,4,2,2,3,0.8,0.3,5,3,0,1,3,9,402562,108583,5431273,752,1987,2,531,1473,0,0,0,0,3,568,403250,975335,passed,6,5,4,2
commutation-accuracy,203,245,commutative,9,5,2,5,3,0.8,0.3,5,3,0,1,4,19,372105,103068,5150816,4075,17839,34,2843,12775,8,0,0,0,4,2440,374677,983739,validation_failed,9,5,7,4
commutation-accuracy,204,246,commutative,10,4,2,4,3,0.8,0.3,5,2,0,1,6,42,416417,113806,5691200,10627,41899,46,7426,30227,25,0,0,0,6,6325,422976,992209,passed,10,7,11,7
commutation-accuracy,205,247,commutative,15,5,2,3,3,0.8,0.3,5,3,0,1,7,56,381862,103789,5185653,19717,83150,49,13737,60411,150,0,0,0,7,15923,398104,998654,passed,15,11,13,9
commutation-accuracy,206,248,commutative,20,5,5,4,3,0.8,0.3,5,5,0,1,12,148,784485,216331,10806389,105647,553996,348,77821,418204,326,0,0,0,12,61833,847025,1182131,passed,20,11,21,11
commutation-accuracy,207,249,commutative,15,5,5,2,3,0.8,0.3,5,3,0,1,10,94,633762,172768,8646395,35795,212065,104,26861,162076,102,0,0,0,10,21774,656055,1067304,validation_failed,15,9,15,9
commutation-accuracy,208,250,commutative,18,3,4,2,3,0.8,0.3,5,3,0,1,11,117,413209,111710,5583711,46031,217625,164,33614,165274,152,0,0,0,11,27620,441338,1019405,passed,18,10,19,10
commutation-accuracy,209,251,commutative,6,5,5,3,3,0.8,0.3,5,3,0,1,5,20,419720,117512,5878610,4050,12738,1,3102,10213,0,0,0,0,5,2414,422292,957409,validation_failed,6,5,6,4
commutation-accuracy,210,252,commutative,10,4,4,3,3,0.8,0.3,5,5,0,1,7,47,422939,115945,5796723,16169,81321,22,11515,60626,58,0,0,0,7,9600,432869,972485,passed,10,6,11,6
commutation-accuracy,211,253,commutative,9,3,4,3,3,0.8,0.3,5,3,0,1,5,24,378310,102484,5134293,5239,21069,11,3539,14296,28,0,0,0,5,3000,381465,983819,passed,9,5,7,4
commutation-accuracy,212,254,commutative,9,3,4,4,3,0.8,0.3,5,3,0,1,7,42,433395,113737,5672146,14696,63137,42,11805,53194,93,0,0,0,7,10946,444660,978748,passed,9,5,10,5
commutation-accuracy,213,255,commutative,18,3,5,3,3,0.8,0.3,5,3,0,1,4,26,442049,122923,6135589,5253,18746,2,3538,13170,17,0,0,0,4,2940,445145,972885,validation_failed,18,8,11,6
commutation-accuracy,214,256,commutative,18,4,5,3,3,0.8,0.3,5,3,0,1,9,95,402560,112227,5612538,44541,221663,141,32023,161779,95,0,0,0,9,25078,428056,1097942,passed,18,10,19,10
commutation-accuracy,215,257,commutative,15,5,4,3,3,0.8,0.3,5,3,0,1,5,30,370199,103436,5168597,8490,35121,26,5788,24583,8,0,0,0,5,4741,375092,970005,passed,15,11,10,7
commutation-accuracy,216,258,commutative,12,3,5,3,3,0.8,0.3,5,3,0,1,9,69,726678,196737,9833139,22777,99482,63,16920,75533,67,0,0,0,9,13800,740952,1010617,validation_failed,12,8,13,8
commutation-accuracy,217,259,commutative,12,3,5,5,3,0.8,0.3,5,3,0,1,10,80,719689,196892,9842431,36139,152578,160,28568,127027,146,0,0,0,10,22372,742569,996596,passed,12,6,13,6
commutation-accuracy,218,260,commutative,12,5,4,3,3,0.8,0.3,5,4,0,1,6,45,376460,101599,5074959,15953,61966,52,11447,45947,19,0,0,0,6,8805,385463,1017399,passed,12,10,13,10
commutation-accuracy,219,261,commutative,25,5,3,4,3,0.8,0.3,5,5,0,1,9,132,389678,106121,5290712,81064,369354,231,54148,257706,289,0,0,0,9,46129,436280,2210736,passed,25,13,26,13
commutation-accuracy,220,262,commutative,18,4,4,5,3,0.8,0.3,5,3,0,1,9,91,485582,128925,6445520,53761,242935,296,40367,189133,180,0,0,0,9,34642,520756,1185003,passed,18,14,19,14
commutation-accuracy,221,263,commutative,18,5,5,4,3,0.8,0.3,5,3,0,1,8,90,558603,150312,7496454,52505,227534,223,35781,158552,92,0,0,0,8,29076,588096,1178770,passed,18,12,19,12
commutation-accuracy,222,264,commutative,4,5,2,3,3,0.8,0.3,5,2,0,1,4,14,384436,102228,5095141,1895,8212,2,1433,6253,14,0,0,0,4,1290,385883,966937,passed,4,3,5,3
commutation-accuracy,223,265,commutative,4,5,4,2,3,0.8,0.3,5,2,0,1,3,11,373355,100167,5003519,1273,4755,1,901,3456,19,0,0,0,3,808,374249,974188,passed,4,3,5,3
commutation-accuracy,224,266,commutative,6,5,5,5,3,0.8,0.3,5,2,0,1,4,19,374971,103643,5164724,4625,18640,2,3371,14290,26,0,0,0,4,2721,377805,969504,passed,6,5,7,5
commutation-accuracy,225,267,commutative,12,2,2,5,3,0.8,0.3,5,4,0,1,8,60,391130,105056,5254393,23567,106300,69,16888,78755,67,0,0,0,8,13841,405260,997892,passed,12,6,13,6
commutation-accuracy,226,268,commutative,15,3,5,2,3,0.8,0.3,5,5,0,1,7,62,403252,111330,5572597,21936,113726,62,15770,84773,46,0,0,0,7,12423,415960,980141,passed,15,9,16,9
commutation-accuracy,227,269,commutative,4,4,2,3,3,0.8,0.3,5,2,0,1,2,5,359466,100273,5002899,397,918,1,262,637,0,0,0,0,2,328,359851,964474,passed,4,3,3,2
commutation-accuracy,228,270,commutative,12,2,5,5,3,0.8,0.3,5,4,0,1,6,41,364841,102190,5100767,14368,68893,47,9873,48385,54,0,0,0,6,8186,373209,983932,validation_failed,12,6,12,6
commutation-accuracy,229,271,commutative,8,3,2,3,3,0.8,0.3,5,2,0,1,7,39,399539,111762,5591321,8429,41469,9,6474,32208,16,0,0,0,7,5243,404986,952197,passed,8,7,9,7
commutation-accuracy,230,272,commutative,8,5,4,5,3,0.8,0.3,5,2,0,1,5,26,390584,110007,5504813,6929,26680,36,5000,20150,0,0,0,0,5,4034,394765,961463,passed,8,6,9,6
commutation-accuracy,231,273,commutative,15,4,4,5,3,0.8,0.3,5,5,0,1,10,95,557554,155103,7750600,59914,245430,175,45989,193953,154,0,0,0,10,34162,592224,1026830,passed,15,13,16,13
commutation-accuracy,232,274,commutative,6,4,5,3,3,0.8,0.3,5,3,0,1,4,17,372784,100564,5054546,3609,20170,71,2466,15288,0,0,0,0,4,2521,375445,994966,passed,6,4,7,4
commutation-accuracy,233,275,commutative,8,4,4,3,3,0.8,0.3,5,2,0,1,5,25,376333,103015,5138131,4851,18539,13,3527,14071,22,0,0,0,5,2813,379317,1000931,passed,8,6,7,5
commutation-accuracy,234,276,commutative,15,4,2,5,3,0.8,0.3,5,5,0,1,9,74,770821,209271,10471180,28526,139899,239,21876,111506,155,0,0,0,9,18842,790186,1062398,validation_failed,15,9,14,9
commutation-accuracy,235,277,commutative,10,3,4,4,3,0.8,0.3,5,2,0,1,5,31,373132,102599,5127647,8883,40071,49,5923,28140,38,0,0,0,5,5056,378346,989766,passed,10,7,11,7
commutation-accuracy,236,278,commutative,8,3,4,3,3,0.8,0.3,5,4,0,1,4,24,396561,102577,5134274,3963,14536,19,2701,10379,18,0,0,0,4,2412,399108,1016329,passed,8,5,9,5
commutation-accuracy,237,279,commutative,10,4,2,5,3,0.8,0.3,5,2,0,1,8,58,843121,227334,11340646,24137,106355,197,18037,81092,138,0,0,0,8,14859,858423,1019961,passed,10,6,11,6
commutation-accuracy,238,280,commutative,24,3,2,2,3,0.8,0.3,5,4,0,1,9,87,617691,163360,8174183,24611,135695,185,17492,99583,135,0,0,0,9,15993,634278,1042201,validation_failed,24,21,15,11
commutation-accuracy,239,281,commutative,10,4,2,5,3,0.8,0.3,5,2,0,1,7,44,629783,164356,8211683,13811,81036,81,10138,61979,71,0,0,0,7,8962,639077,978647,passed,10,6,11,6
commutation-accuracy,240,282,commutative,15,2,4,3,3,0.8,0.3,5,3,0,1,6,51,698600,184587,9250830,13117,57917,27,8929,40858,40,0,0,0,6,7624,706533,1003278,validation_failed,15,11,15,10
commutation-accuracy,241,283,commutative,8,5,3,2,3,0.8,0.3,5,4,0,1,4,14,393086,107089,5361778,1871,9840,11,1384,7468,6,0,0,0,4,1324,394604,984581,passed,8,5,5,1
commutation-accuracy,242,284,commutative,10,3,2,5,3,0.8,0.3,5,5,0,1,5,34,369649,101603,5092597,10791,51833,29,8074,40609,41,0,0,0,5,8018,377908,965868,passed,10,6,11,6
commutation-accuracy,243,285,commutative,20,4,2,2,3,0.8,0.3,5,5,0,1,8,96,531684,148727,7428838,30999,149497,87,21477,106163,49,0,0,0,8,17609,549757,1021636,passed,20,8,21,8
commutation-accuracy,244,286,commutative,20,5,3,2,3,0.8,0.3,5,5,0,1,6,39,473210,126255,6311346,10429,38782,49,7924,29573,21,0,0,0,6,5971,479430,1018972,validation_failed,20,17,13,12
commutation-accuracy,245,287,commutative,12,5,5,5,3,0.8,0.3,5,4,0,1,8,62,392584,101966,5102894,30499,152116,221,22018,112979,89,0,0,0,8,23831,416808,1068333,passed,12,6,13,6
commutation-accuracy,246,288,commutative,15,3,2,3,3,0.8,0.3,5,5,0,1,9,78,467078,127871,6399596,26706,134635,102,20204,102183,165,0,0,0,9,16524,484071,997357,passed,15,13,16,13
commutation-accuracy,247,289,commutative,12,2,4,4,3,0.8,0.3,5,3,0,1,8,60,386139,105924,5308054,25681,136659,77,18438,103426,59,0,0,0,8,14745,401210,1012117,passed,12,8,13,8
commutation-accuracy,248,290,commutative,12,3,4,2,3,0.8,0.3,5,3,0,1,5,33,368021,101108,5057718,7055,30666,37,4996,22602,12,0,0,0,5,4224,372418,969509,passed,12,10,13,10
commutation-accuracy,249,291,commutative,8,3,3,4,3,0.8,0.3,5,4,0,1,5,28,388160,105127,5250984,5559,22329,39,3990,16918,0,0,0,0,5,3327,391647,967708,passed,8,5,9,5
commutation-accuracy,250,292,commutative,15,4,4,2,3,0.8,0.3,5,3,0,1,9,70,469981,131349,6564182,27102,228195,102,20542,182688,63,0,0,0,9,17501,488058,1001900,passed,15,11,16,11
commutation-accuracy,251,293,commutative,8,5,3,2,3,0.8,0.3,5,4,0,1,6,32,362746,100982,5063107,7037,24546,34,5222,18864,11,0,0,0,6,3905,366814,953925,passed,8,5,9,5
commutation-accuracy,252,294,commutative,10,3,3,4,3,0.8,0.3,5,2,0,1,9,57,506557,141802,7081906,24585,207910,86,19230,168784,187,0,0,0,9,17020,524130,972829,passed,10,9,11,9
commutation-accuracy,253,295,commutative,30,5,5,4,3,0.8,0.3,5,5,0,1,10,139,458246,126453,6314321,115813,593045,344,81224,427564,320,0,0,0,10,65430,524188,5789897,passed,30,15,31,15
commutation-accuracy,254,296,commutative,8,5,2,3,3,0.8,0.3,5,2,0,1,6,35,361013,101653,5092589,8241,34633,21,5915,26433,13,0,0,0,6,4735,365923,964109,passed,8,5,9,5
commutation-accuracy,255,297,commutative,6,2,4,2,3,0.8,0.3,5,2,0,1,3,11,376910,100907,5037554,1245,5084,11,805,3518,0,0,0,0,3,1261,378267,968660,passed,6,4,5,3
commutation-accuracy,256,298,commutative,12,2,2,2,3,0.8,0.3,5,4,0,1,4,19,375121,104132,5194596,1851,6862,7,1295,5007,18,0,0,0,4,1205,376431,976185,passed,12,6,7,4
commutation-accuracy,257,299,commutative,15,4,3,2,3,0.8,0.3,5,5,0,1,5,44,388068,100568,5024983,10594,53595,54,6897,35860,17,0,0,0,5,6609,394835,1044312,passed,15,9,16,9
commutation-accuracy,258,300,commutative,18,3,3,4,3,0.8,0.3,5,3,0,1,8,52,774909,208206,10419025,18162,82635,61,13265,63649,74,0,0,0,8,13114,788403,1029109,validation_failed,18,8,12,6
commutation-accuracy,259,301,commutative,15,2,5,2,3,0.8,0.3,5,5,0,1,6,37,393175,109745,5482764,7326,27937,11,5574,22069,22,0,0,0,6,4263,397647,989338,validation_failed,15,7,12,5
commutation-accuracy,260,302,commutative,9,5,2,4,3,0.8,0.3,5,3,0,1,6,39,380768,104472,5226189,13604,64226,29,9581,46485,65,0,0,0,6,8069,389028,980752,passed,9,7,10,7
commutation-accuracy,261,303,commutative,9,2,4,3,3,0.8,0.3,5,3,0,1,5,33,449400,125748,6294373,7930,33618,2,5052,21854,7,0,0,0,5,4378,453974,970842,passed,9,7,10,7
commutation-accuracy,262,304,commutative,12,4,3,4,3,0.8,0.3,5,2,0,1,10,84,834918,232529,11627911,37589,225067,129,27825,171612,143,0,0,0,10,23473,858954,986871,passed,12,7,13,7
commutation-accuracy,263,305,commutative,4,5,5,5,3,0.8,0.3,5,2,0,1,4,14,367874,100759,5040055,3231,9073,2,2363,7021,26,0,0,0,4,2088,370074,980087,passed,4,3,5,3
commutation-accuracy,264,306,commutative,18,3,3,4,3,0.8,0.3,5,3,0,1,8,78,452081,125946,6302535,30344,126277,116,23187,102050,115,0,0,0,8,18132,470563,1022677,validation_failed,18,10,18,9
commutation-accuracy,265,307,commutative,16,3,2,5,3,0.8,0.3,5,4,0,1,9,90,684495,185682,9280064,48105,370669,192,33109,259848,155,0,0,0,9,35797,720894,1049258,passed,16,7,17,7
commutation-accuracy,266,308,commutative,9,4,3,2,3,0.8,0.3,5,3,0,1,7,46,406520,112843,5625729,10370,55071,61,7742,41837,14,0,0,0,7,6467,413290,958640,passed,9,7,10,7
commutation-accuracy,267,309,commutative,10,5,2,3,3,0.8,0.3,5,5,0,1,6,42,370956,102122,5104152,12019,55423,34,9200,44633,65,0,0,0,6,7255,378401,982431,passed,10,7,11,7
commutation-accuracy,268,310,commutative,6,2,2,3,3,0.8,0.3,5,2,0,1,4,14,382184,103063,5144861,1525,5876,11,1071,4323,11,0,0,0,4,1176,383499,1015877,passed,6,4,5,3
commutation-accuracy,269,311,commutative,12,2,3,4,3,0.8,0.3,5,3,0,1,6,27,423064,103344,5171042,6585,27674,14,5396,23696,11,0,0,0,6,5013,428314,987635,passed,12,6,7,2
commutation-accuracy,270,312,commutative,25,2,5,4,3,0.8,0.3,5,5,0,1,5,32,417195,105076,5254988,8692,40944,31,5796,29959,22,0,0,0,5,6289,423702,986171,passed,25,16,10,5
commutation-accuracy,271,313,commutative,12,4,5,5,3,0.8,0.3,5,3,0,1,6,43,389644,108398,5431020,16779,66821,41,11789,48604,59,0,0,0,6,9899,399767,1006349,passed,12,6,13,6
commutation-accuracy,272,314,commutative,24,3,3,5,3,0.8,0.3,5,4,0,1,10,148,789489,210404,10533498,85761,538505,409,60917,383542,282,0,0,0,10,57208,847431,1527102,passed,24,18,25,18
commutation-accuracy,273,315,commutative,24,5,3,4,3,0.8,0.3,5,4,0,1,9,85,791285,209534,10498426,37391,196151,96,27441,149554,147,0,0,0,9,22690,814511,1207792,validation_failed,24,14,17,10
commutation-accuracy,274,316,commutative,4,4,5,2,3,0.8,0.3,5,2,0,1,3,8,368013,100033,5003311,923,4559,2,655,3440,0,0,0,0,3,675,368790,992320,passed,4,3,3,1
commutation-accuracy,275,317,commutative,16,4,4,5,3,0.8,0.3,5,4,0,1,6,62,419195,108958,5448508,30843,175064,160,20453,119370,95,0,0,0,6,18690,438142,1146394,passed,16,10,17,10
commutation-accuracy,276,318,commutative,15,4,4,2,3,0.8,0.3,5,3,0,1,8,68,415417,109667,5488735,21938,118501,112,16488,92602,120,0,0,0,8,17444,433243,978127,passed,15,9,16,9
commutation-accuracy,277,319,commutative,16,5,5,3,3,0.8,0.3,5,4,0,1,8,79,475189,133752,6692718,33105,211389,70,24080,156356,57,0,0,0,8,19278,494844,1006881,passed,16,7,17,7
commutation-accuracy,278,320,commutative,18,4,4,2,3,0.8,0.3,5,3,0,1,9,88,371558,103905,5199634,34832,161766,68,26028,123286,133,0,0,0,9,19900,391855,976041,validation_failed,18,13,18,13
commutation-accuracy,279,321,commutative,10,4,2,5,3,0.8,0.3,5,2,0,1,7,40,379426,105398,5273517,11865,51118,45,9139,41584,42,0,0,0,7,7577,387304,995241,validation_failed,10,6,9,5
commutation-accuracy,280,322,commutative,12,3,3,2,3,0.8,0.3,5,2,0,1,5,22,557163,153640,7681089,3621,16315,12,2556,11970,9,0,0,0,5,2318,559698,972090,validation_failed,12,7,7,2
commutation-accuracy,281,323,commutative,8,4,2,2,3,0.8,0.3,5,2,0,1,6,34,535364,144439,7210810,5621,23237,27,4331,18810,62,0,0,0,6,3491,539098,977957,passed,8,5,9,5
commutation-accuracy,282,324,commutative,12,2,2,5,3,0.8,0.3,5,2,0,1,9,63,359894,100747,5048629,31239,245078,136,22235,182911,127,0,0,0,9,23252,383714,997894,passed,12,10,13,10
commutation-accuracy,283,325,commutative,8,3,3,5,3,0.8,0.3,5,4,0,1,7,39,485048,129976,6497219,10887,51941,51,8305,40936,46,0,0,0,7,7061,492357,975559,passed,8,5,9,5
commutation-accuracy,284,326,commutative,15,2,2,3,3,0.8,0.3,5,3,0,1,10,85,638584,174224,8708161,24155,103555,231,18600,82547,144,0,0,0,10,15598,654621,1009445,validation_failed,15,7,15,7
commutation-accuracy,285,327,commutative,8,3,2,2,3,0.8,0.3,5,2,0,1,8,44,710762,191881,9597854,8483,38606,41,6773,32828,79,0,0,0,8,5566,716641,1002347,passed,8,5,9,5
commutation-accuracy,286,328,commutative,12,4,5,3,3,0.8,0.3,5,3,0,1,8,58,461056,124307,6214193,20009,111772,319,15140,87106,184,0,0,0,8,13419,474875,992373,passed,12,10,13,10
commutation-accuracy,287,329,commutative,6,4,2,3,3,0.8,0.3,5,3,0,1,2,5,367166,100011,4995694,487,1651,3,334,1112,0,0,0,0,2,386,367614,991408,passed,6,5,3,1
commutation-accuracy,288,330,commutative,20,2,2,5,3,0.8,0.3,5,4,0,1,2,5,410850,100476,5008825,503,1390,3,325,1009,0,0,0,0,2,568,411491,1023081,passed,20,8,3,1
commutation-accuracy,289,331,commutative,12,3,2,4,3,0.8,0.3,5,3,0,1,8,56,418114,114597,5728936,20157,104440,156,14890,79828,160,0,0,0,8,12750,431226,1051973,validation_failed,12,6,13,6
commutation-accuracy,290,332,commutative,20,2,2,4,3,0.8,0.3,5,5,0,1,11,137,985783,266264,13309726,66058,373335,479,47733,285214,508,0,0,0,11,42287,1028806,1113905,validation_failed,20,16,20,15
commutation-accuracy,291,333,commutative,16,2,3,5,3,0.8,0.3,5,4,0,1,7,59,552912,149630,7459341,23555,101024,220,17802,77894,243,0,0,0,7,15231,568457,1150033,validation_failed,16,14,17,14
commutation-accuracy,292,334,commutative,15,4,4,2,3,0.8,0.3,5,3,0,1,9,79,394021,104151,5214539,26164,106863,207,19834,84387,174,0,0,0,9,14646,408987,1019972,passed,15,7,16,7
commutation-accuracy,293,335,commutative,8,2,3,3,3,0.8,0.3,5,4,0,1,2,5,380861,101736,5096953,379,888,2,246,627,12,0,0,0,2,343,381273,1006672,passed,8,5,3,2
commutation-accuracy,294,336,commutative,8,2,5,3,3,0.8,0.3,5,2,0,1,7,40,449064,115304,5769407,10273,46878,85,7639,36758,37,0,0,0,7,6175,455529,1012954,passed,8,5,9,5
commutation-accuracy,295,337,commutative,25,4,3,2,3,0.8,0.3,5,5,0,1,10,129,958928,255761,12801819,55409,308633,641,40914,234314,418,0,0,0,10,33509,993103,1403511,validation_failed,25,16,25,16
commutation-accuracy,296,338,commutative,18,2,3,5,3,0.8,0.3,5,3,0,1,7,49,676389,177667,8906970,14874,77280,270,11325,62291,114,0,0,0,7,10115,686918,1048126,validation_failed,18,8,12,7
commutation-accuracy,297,339,commutative,12,5,4,2,3,0.8,0.3,5,3,0,1,6,47,541857,143938,7195661,12769,67914,128,8889,48056,174,0,0,0,6,7507,549688,998865,passed,12,10,13,10
commutation-accuracy,298,340,commutative,18,3,4,3,3,0.8,0.3,5,3,0,1,8,87,555957,149442,7455318,38387,226001,455,27636,173420,478,0,0,0,8,23677,580234,1070267,passed,18,15,19,15
commutation-accuracy,299,341,commutative,16,3,5,5,3,0.8,0.3,5,4,0,1,9,87,434079,116748,5842315,51963,415664,860,38251,308405,467,0,0,0,9,34879,469502,1189330,passed,16,14,17,14
commutation-accuracy,0,42,commutative,20,5,2,4,3,0.8,0.3,5,5,1,1,3,28,383392,418630,20960949,72342,647770,930,53025,480228,477,10,2449424,7,10,47415,2882656,1333908,passed,20,14,21,14
commutation-accuracy,1,43,commutative,20,2,5,3,3,0.8,0.3,5,4,1,1,1,17,357052,200689,10021588,17537,109565,101,11183,72738,23,5,673693,4,5,10581,1041722,1116926,passed,20,11,17,10
commutation-accuracy,2,44,commutative,20,5,3,3,3,0.8,0.3,5,5,1,1,1,21,365051,218912,10931410,50089,377105,307,37632,306703,138,9,1458394,8,9,32422,1856643,1150944,passed,20,11,21,11
commutation-accuracy,3,45,commutative,20,4,5,2,3,0.8,0.3,5,5,1,1,1,21,357930,216050,10804016,56453,371656,267,40736,287523,91,9,1351785,8,9,33777,1744260,1151530,passed,20,14,21,14
commutation-accuracy,4,46,commutative,25,3,2,2,3,0.8,0.3,5,5,1,1,5,20,440533,618213,30867318,2204,7790,0,1717,6402,7,5,1783690,0,5,1598,2226049,978552,passed,25,13,6,5
commutation-accuracy,5,47,commutative,10,4,5,2,3,0.8,0.3,5,5,1,1,1,11,357121,273960,13710328,13611,107112,80,9716,84129,30,7,854526,6,7,8934,1220930,977261,passed,10,6,11,6
commutation-accuracy,6,48,commutative,10,5,3,2,3,0.8,0.3,5,2,1,1,4,23,388511,605352,30270129,9151,50976,161,6441,37344,114,6,1864341,2,6,5859,2259009,984393,passed,10,7,11,7
commutation-accuracy,7,49,commutative,4,3,2,3,3,0.8,0.3,5,2,1,1,2,5,386810,300161,14991900,355,964,2,234,682,1,2,714855,0,2,294,1102040,1001123,passed,4,3,3,2
commutation-accuracy,8,50,commutative,24,2,5,3,3,0.8,0.3,5,4,1,1,5,49,617086,739431,36969908,35354,365165,513,27778,304249,384,9,2472370,4,9,26808,3117084,1133291,validation_failed,24,9,18,8
commutation-accuracy,9,51,commutative,6,3,3,2,3,0.8,0.3,5,3,1,1,3,15,386494,415645,20766283,3077,12213,264,2241,9187,10,5,1150240,2,5,2255,1539228,1052910,passed,6,4,7,4
commutation-accuracy,10,52,commutative,24,2,5,3,3,0.8,0.3,5,4,1,1,3,59,426557,466703,23346217,50452,307280,727,33759,224198,465,8,2123691,5,8,31671,2582656,1424776,passed,24,15,21,14
commutation-accuracy,11,53,commutative,15,3,3,3,3,0.8,0.3,5,3,1,1,4,25,377551,525982,26325001,27712,359275,553,21239,264512,348,8,2150577,4,8,21680,2551004,1046880,passed,15,7,16,7
commutation-accuracy,12,54,commutative,9,3,4,5,3,0.8,0.3,5,3,1,1,2,20,371650,320304,16027162,14230,82153,211,9766,61092,126,6,1020241,4,6,9352,1401577,1043479,passed,9,7,10,7
commutation-accuracy,13,55,commutative,12,4,5,2,3,0.8,0.3,5,3,1,1,1,13,371518,202301,10100538,24298,212000,283,17573,159411,246,8,816218,7,8,15733,1204407,1017188,passed,12,8,13,8
commutation-accuracy,14,56,commutative,30,2,5,2,3,0.8,0.3,5,5,1,1,7,103,761585,1061316,53096084,53974,336355,130,39813,249553,153,10,4286845,3,10,32550,5081777,1869032,validation_failed,30,28,23,20
commutation-accuracy,15,57,commutative,4,4,3,4,3,0.8,0.3,5,2,1,1,1,2,354690,200000,10007736,140,277,2,82,173,0,1,332460,0,1,125,687320,946967,passed,4,3,2,1
commutation-accuracy,16,58,commutative,6,2,5,3,3,0.8,0.3,5,3,1,1,4,20,438422,526602,26331167,4450,13366,3,3333,10563,1,5,1412600,1,5,2610,1853852,978604,passed,6,4,7,4
commutation-accuracy,17,59,commutative,25,2,3,5,3,0.8,0.3,5,5,1,1,4,35,367471,563847,28183234,121297,1218812,495,95729,984985,519,13,2939099,9,13,91974,3400056,1246757,passed,25,9,26,9
commutation-accuracy,18,60,commutative,15,3,4,4,3,0.8,0.3,5,5,1,1,4,47,384556,628313,31415204,23859,114347,65,17404,86789,73,7,2295212,3,7,14206,2694341,1008677,passed,15,9,16,9
commutation-accuracy,19,61,commutative,12,4,4,2,3,0.8,0.3,5,4,1,1,3,23,548457,443906,22202792,8204,37828,30,6265,28857,39,6,1160536,3,6,5639,1714958,955221,passed,12,8,9,6
commutation-accuracy,20,62,commutative,25,2,3,3,3,0.8,0.3,5,5,1,1,3,57,528481,547208,27366922,95720,1267061,372,75826,1026666,328,14,2312857,11,14,73253,2916139,1583538,validation_failed,25,17,25,16
commutation-accuracy,21,63,commutative,8,2,5,5,3,0.8,0.3,5,2,1,1,2,11,353254,303015,15161301,7030,48882,29,4877,35552,16,5,789887,3,5,4606,1148003,992342,passed,8,5,9,5
commutation-accuracy,22,64,commutative,15,4,5,4,3,0.8,0.3,5,3,1,1,6,39,435213,731348,36602886,28647,142476,336,21506,108702,81,8,2659497,2,8,18570,3113841,1000385,validation_failed,15,11,15,10
commutation-accuracy,23,65,commutative,15,3,5,2,3,0.8,0.3,5,5,1,1,4,44,388022,521604,26081802,23981,148546,104,17932,116090,121,7,2164580,3,7,14562,2567643,1041695,passed,15,7,16,7
commutation-accuracy,24,66,commutative,9,2,5,5,3,0.8,0.3,5,3,1,1,1,10,363762,201697,10076387,10222,47533,27,7885,38604,21,5,526024,4,5,6660,896691,954587,passed,9,5,10,5
commutation-accuracy,25,67,commutative,18,3,4,3,3,0.8,0.3,5,3,1,1,3,45,593208,468575,23405747,33504,219754,215,22934,155730,133,8,1496576,5,8,21887,2112196,1011226,validation_failed,18,12,19,12
commutation-accuracy,26,68,commutative,12,4,5,2,3,0.8,0.3,5,2,1,1,4,37,517181,556924,27867733,30727,162219,71,23136,129611,76,10,1886525,6,10,18567,2423155,983746,passed,12,7,13,7
commutation-accuracy,27,69,commutative,10,5,3,5,3,0.8,0.3,5,5,1,1,4,15,372992,506334,25304197,3064,10148,11,2220,7660,13,4,1414271,0,4,1904,1789338,971388,passed,10,7,6,5
commutation-accuracy,28,70,commutative,30,4,4,2,3,0.8,0.3,5,5,1,1,1,25,360654,437928,21899654,118074,1280136,518,92057,1039730,409,12,2480069,11,12,79634,2922586,1329610,passed,30,26,25,20
commutation-accuracy,29,71,commutative,10,3,5,5,3,0.8,0.3,5,2,1,1,6,39,674670,857889,42936796,20159,111900,56,15168,88029,39,8,2323410,2,8,12155,3010716,959551,passed,10,6,11,6
commutation-accuracy,30,72,commutative,8,5,4,4,3,0.8,0.3,5,4,1,1,1,9,350779,208693,10446829,9481,66071,79,6310,43990,18,5,441412,4,5,5711,798243,968780,passed,8,5,9,5
commutation-accuracy,31,73,commutative,8,4,4,4,3,0.8,0.3,5,2,1,1,2,11,379698,316071,15820565,14491,85782,37,10910,68645,57,8,849994,6,8,9190,1239297,984271,passed,8,5,9,5
commutation-accuracy,32,74,commutative,12,5,3,3,3,0.8,0.3,5,2,1,1,4,25,364472,503150,25146332,6686,26876,22,4683,18691,23,5,1380647,1,5,4058,1749408,963606,passed,12,9,9,6
commutation-accuracy,33,75,commutative,4,2,5,3,3,0.8,0.3,5,2,1,1,1,5,356157,202906,10151624,1541,7955,42,1051,4543,0,3,379870,2,3,1138,737311,970532,passed,4,3,5,3
commutation-accuracy,34,76,commutative,24,5,5,2,3,0.8,0.3,5,4,1,1,1,25,412204,262832,13154827,76796,654281,234,57249,509776,282,10,1943325,9,10,49999,2406653,1588844,passed,24,9,25,9
commutation-accuracy,35,77,commutative,6,5,2,2,3,0.8,0.3,5,3,1,1,2,9,368531,304392,15200298,3156,13595,12,2403,10840,6,5,729270,3,5,2038,1099996,1005876,passed,6,5,7,5
commutation-accuracy,36,78,commutative,20,4,5,2,3,0.8,0.3,5,4,1,1,5,76,610962,810948,40592226,53445,373099,993,36723,286034,684,9,2989697,4,9,36552,3637870,1125082,passed,20,8,21,8
commutation-accuracy,37,79,commutative,12,3,4,5,3,0.8,0.3,5,2,1,1,5,29,428396,662395,33151184,18597,93012,164,14204,73862,209,8,2204644,3,8,12046,2645674,1012556,validation_failed,12,10,10,7
commutation-accuracy,38,80,commutative,16,2,4,5,3,0.8,0.3,5,4,1,1,8,72,454684,924868,46207677,29812,203403,82,22153,155873,123,8,3343574,0,8,19653,3818444,1093365,validation_failed,16,7,16,7
commutation-accuracy,39,81,commutative,10,3,2,4,3,0.8,0.3,5,5,1,1,3,22,373707,419353,20950073,15734,104317,99,12134,87083,110,8,1212008,5,8,10735,1596819,1025555,passed,10,6,11,6
commutation-accuracy,40,82,commutative,9,4,5,5,3,0.8,0.3,5,3,1,1,1,10,380736,276259,13804566,24037,175229,398,19931,158565,255,8,968233,7,8,18080,1368443,1069080,passed,9,8,10,8
commutation-accuracy,41,83,commutative,10,5,2,5,3,0.8,0.3,5,2,1,1,2,13,378551,319745,15984340,16144,88617,257,12033,69587,149,7,989664,5,7,10946,1379504,1012629,passed,10,6,11,6
commutation-accuracy,42,84,commutative,12,3,3,2,3,0.8,0.3,5,2,1,1,4,24,446910,526908,26332758,5432,34973,92,3680,24819,71,5,1623760,1,5,3713,2074665,1018662,passed,12,8,11,7
commutation-accuracy,43,85,commutative,9,2,3,2,3,0.8,0.3,5,3,1,1,3,9,431949,414965,20738853,708,2337,18,501,1754,0,3,1060112,0,3,584,1492803,1011741,passed,9,5,4,1
commutation-accuracy,44,86,commutative,10,2,2,2,3,0.8,0.3,5,2,1,1,3,9,418857,412316,20634856,674,2257,15,480,1703,3,3,1087301,0,3,579,1506891,1022193,validation_failed,10,7,4,3
commutation-accuracy,45,87,commutative,8,3,5,5,3,0.8,0.3,5,4,1,1,2,11,385094,320654,16055670,15166,81623,320,11528,64573,318,7,972242,5,7,10080,1367819,1070021,passed,8,6,9,6
commutation-accuracy,46,88,commutative,12,2,5,3,3,0.8,0.3,5,2,1,1,6,47,774439,806923,40354250,13264,49460,148,9556,37128,60,7,2349616,1,7,7979,3132434,1011597,validation_failed,12,7,11,6
commutation-accuracy,47,89,commutative,15,4,2,3,3,0.8,0.3,5,5,1,1,2,18,382523,338081,16909909,27569,341950,378,20849,285396,371,9,1382947,7,9,21661,1788013,1043848,passed,15,7,16,7
commutation-accuracy,48,90,commutative,30,3,4,5,3,0.8,0.3,5,5,1,1,8,111,590689,959477,47906244,70101,339199,156,52707,265400,255,10,3732066,2,10,43582,4367090,1451732,validation_failed,30,10,23,9
commutation-accuracy,49,91,commutative,10,4,4,4,3,0.8,0.3,5,2,1,1,3,22,392217,498270,24948547,13809,89774,45,10260,69194,30,7,1538043,4,7,9679,1940289,957334,passed,10,6,11,6
commutation-accuracy,50,92,commutative,8,4,5,4,3,0.8,0.3,5,4,1,1,1,9,365205,207681,10389884,9211,49160,45,6193,35761,32,5,523363,4,5,5705,894477,981487,passed,8,5,9,5
commutation-accuracy,51,93,commutative,12,5,2,2,3,0.8,0.3,5,3,1,1,2,25,404288,321211,16047715,11725,110521,158,8066,78127,86,6,1000462,4,6,9077,1414384,960812,passed,12,6,13,6
commutation-accuracy,52,94,commutative,16,4,2,3,3,0.8,0.3,5,4,1,1,2,30,368446,368228,18420623,45014,424657,506,35323,334165,117,11,1819893,9,11,30873,2221049,1007989,passed,16,7,17,7
commutation-accuracy,53,95,commutative,6,3,5,4,3,0.8,0.3,5,3,1,1,1,7,361901,200305,10009124,6259,51338,63,4697,37141,34,5,448270,4,5,4281,814838,962874,passed,6,4,7,4
commutation-accuracy,54,96,commutative,12,4,4,2,3,0.8,0.3,5,3,1,1,4,42,383290,651921,32620004,28587,172611,86,23040,143574,132,10,2320778,6,10,18471,2723113,1022171,passed,12,9,13,9
commutation-accuracy,55,97,commutative,20,5,3,5,3,0.8,0.3,5,5,1,1,2,23,370347,307682,15398019,58427,627314,333,41809,467449,179,8,2042524,6,8,43145,2456996,1481078,passed,20,16,21,16
commutation-accuracy,56,98,commutative,15,4,2,5,3,0.8,0.3,5,3,1,1,2,31,520102,345984,17299627,57726,503171,849,41522,357315,406,10,1462874,8,10,41762,2028019,1013750,passed,15,7,16,7
commutation-accuracy,57,99,commutative,6,5,3,2,3,0.8,0.3,5,2,1,1,3,13,381136,407744,20392797,3567,18850,18,2663,14036,19,5,1103995,2,5,2472,1487866,1002936,passed,6,5,7,5
commutation-accuracy,58,100,commutative,10,2,5,5,3,0.8,0.3,5,5,1,1,2,22,365488,304252,15207573,20867,307999,403,14532,254033,282,6,1009655,4,6,16990,1393234,1012932,passed,10,6,11,6
commutation-accuracy,59,101,commutative,15,5,3,4,3,0.8,0.3,5,5,1,1,3,21,371482,430724,21541405,38543,265847,337,29987,218707,273,10,1677433,7,10,26397,2076002,1040872,passed,15,7,16,7
commutation-accuracy,60,102,commutative,25,5,4,4,3,0.8,0.3,5,5,1,1,2,28,366542,328063,16392855,74418,532414,728,55303,413817,664,10,2387568,8,10,51332,2806374,2301010,validation_failed,25,17,26,17
commutation-accuracy,61,103,commutative,8,3,5,5,3,0.8,0.3,5,4,1,1,3,18,383298,442748,22146937,17960,83623,72,13712,66386,45,8,1325046,5,8,10713,1719567,978063,passed,8,5,9,5
commutation-accuracy,62,104,commutative,8,3,3,5,3,0.8,0.3,5,4,1,1,4,14,384544,502210,25112304,2437,10174,10,1788,7869,10,4,1445301,0,4,1709,1831740,980506,passed,8,7,5,4
commutation-accuracy,63,105,commutative,12,3,4,3,3,0.8,0.3,5,2,1,1,1,13,378390,204487,10231807,14377,72938,35,10177,52253,29,7,525954,6,7,8416,913077,1024630,passed,12,9,13,9
commutation-accuracy,64,106,commutative,10,4,5,3,3,0.8,0.3,5,2,1,1,3,23,495950,441696,22132635,14777,87445,49,10827,67832,21,7,1359563,4,7,9168,1865036,979082,passed,10,7,11,7
commutation-accuracy,65,107,commutative,25,2,3,4,3,0.8,0.3,5,5,1,1,5,58,716398,706092,35257183,23889,160566,103,15870,109901,11,6,2533555,1,6,15704,3266251,1417039,validation_failed,25,16,20,11
commutation-accuracy,66,108,commutative,20,5,3,5,3,0.8,0.3,5,4,1,1,1,21,375215,263326,13167730,141202,986300,587,111273,824937,498,14,2624760,13,14,95927,3097087,1445875,passed,20,17,21,17
commutation-accuracy,67,109,commutative,15,3,3,3,3,0.8,0.3,5,5,1,1,7,79,546985,936871,46874046,25377,100518,39,18429,76026,54,8,3117504,1,8,14682,3679645,967941,passed,15,7,16,7
commutation-accuracy,68,110,commutative,12,5,3,5,3,0.8,0.3,5,3,1,1,3,18,364037,559490,27943667,38462,223712,90,30489,182045,85,10,2021132,7,10,23299,2409018,959025,passed,12,6,13,6
commutation-accuracy,69,111,commutative,10,2,2,2,3,0.8,0.3,5,5,1,1,2,7,381822,300446,15030491,800,2878,2,549,2061,11,3,682261,1,3,582,1064762,965836,passed,10,6,5,3
commutation-accuracy,70,112,commutative,12,5,2,4,3,0.8,0.3,5,2,1,1,3,26,354595,406089,20320476,19329,150921,59,13693,112616,21,7,1461274,4,7,12450,1828654,990600,passed,12,7,13,7
commutation-accuracy,71,113,commutative,24,2,4,4,3,0.8,0.3,5,4,1,1,9,122,722570,1170160,58578494,106201,835042,940,77383,587195,450,13,4264830,4,13,65590,5056896,1205548,passed,24,14,25,14
commutation-accuracy,72,114,commutative,15,5,4,4,3,0.8,0.3,5,5,1,1,3,25,363937,518720,25955073,39738,243134,120,29482,189307,128,9,2116975,6,9,23709,2505104,997345,passed,15,12,16,12
commutation-accuracy,73,115,commutative,6,2,5,4,3,0.8,0.3,5,2,1,1,2,9,360552,301285,15059511,5432,72061,51,3853,54570,59,5,776735,3,5,3911,1141897,961237,passed,6,5,7,5
commutation-accuracy,74,116,commutative,20,5,2,4,3,0.8,0.3,5,4,1,1,6,39,413715,714016,35732503,27060,122732,82,23017,106414,99,9,2362220,3,9,17225,2793574,1020236,passed,20,8,13,3
commutation-accuracy,75,117,commutative,30,2,2,3,3,0.8,0.3,5,5,1,1,3,28,415916,429059,21453982,34881,346460,191,27925,281050,175,12,1488339,9,12,25242,1930453,1066628,passed,30,18,16,7
commutation-accuracy,76,118,commutative,18,5,5,3,3,0.8,0.3,5,3,1,1,1,19,375952,202466,10146328,55723,412580,347,42377,308799,163,9,1136059,8,9,33991,1547365,1190059,passed,18,13,19,13
commutation-accuracy,77,119,commutative,9,4,4,4,3,0.8,0.3,5,3,1,1,2,12,379886,314036,15705090,13857,67727,48,10457,53799,1,7,923742,5,7,9031,1312973,964055,passed,9,7,10,7
commutation-accuracy,78,120,commutative,20,2,4,5,3,0.8,0.3,5,4,1,1,2,29,400452,334149,16732916,28759,224311,151,20430,165320,152,7,1505164,5,7,21810,1927957,1076921,passed,20,14,16,9
commutation-accuracy,79,121,commutative,12,3,2,5,3,0.8,0.3,5,3,1,1,2,17,388893,308911,15428099,14527,102884,89,11589,86642,60,7,808542,5,7,9932,1207754,980800,passed,12,6,10,5
commutation-accuracy,80,122,commutative,24,4,4,4,3,0.8,0.3,5,4,1,1,6,57,460120,768059,38385392,66948,430849,216,50016,331734,184,10,3363775,4,10,41225,3865822,1475034,validation_failed,24,9,22,9
commutation-accuracy,81,123,commutative,16,3,4,4,3,0.8,0.3,5,4,1,1,1,17,384151,210865,10532791,32343,508520,250,26746,453280,173,7,1080173,6,7,26813,1492320,1148448,passed,16,7,17,7
commutation-accuracy,82,124,commutative,18,2,3,5,3,0.8,0.3,5,3,1,1,5,27,522955,636474,31863511,5608,23739,43,4019,18507,22,5,1842870,0,5,3896,2370016,1051471,validation_failed,18,8,8,4
commutation-accuracy,83,125,commutative,10,3,4,5,3,0.8,0.3,5,5,1,1,5,37,421562,645884,32292216,17833,69753,130,13226,54765,28,7,2373108,2,7,12237,2807395,1076730,passed,10,7,11,7
commutation-accuracy,84,126,commutative,8,5,4,3,3,0.8,0.3,5,2,1,1,2,11,372934,302214,15089026,12048,80697,116,8911,63980,95,7,864613,5,7,9427,1247459,994559,passed,8,6,9,6
commutation-accuracy,85,127,commutative,10,2,4,2,3,0.8,0.3,5,5,1,1,4,14,433259,514096,25732173,1419,5056,2,1038,3937,9,4,1389795,0,4,1094,1824347,989162,passed,10,7,5,4
commutation-accuracy,86,128,commutative,12,5,3,4,3,0.8,0.3,5,4,1,1,2,16,364121,309062,15455258,28875,183946,113,21044,138325,82,8,1262045,6,8,17180,1643797,994925,passed,12,6,13,6
commutation-accuracy,87,129,commutative,16,5,2,4,3,0.8,0.3,5,4,1,1,3,32,702691,570057,28519098,38174,205845,132,27263,157319,56,9,1838871,6,9,23116,2565202,1018889,validation_failed,16,7,16,7
commutation-accuracy,88,130,commutative,24,3,3,5,3,0.8,0.3,5,4,1,1,6,52,655864,786104,39321174,27306,199036,66,19448,141909,49,7,2403531,1,7,16890,3076715,1295878,passed,24,12,25,12
commutation-accuracy,89,131,commutative,12,4,2,5,3,0.8,0.3,5,3,1,1,4,16,369441,700171,34987200,33795,289574,188,29184,266819,201,11,2234074,7,11,27726,2632827,959776,passed,12,9,10,6
commutation-accuracy,90,132,commutative,8,4,3,4,3,0.8,0.3,5,4,1,1,2,11,368871,306305,15320029,9643,59042,47,6967,46011,51,6,886310,4,6,6568,1262061,987558,passed,8,7,9,7
commutation-accuracy,91,133,commutative,8,2,2,3,3,0.8,0.3,5,2,1,1,3,9,731019,497805,24871150,788,2550,2,550,1938,2,3,1084328,0,3,614,1816124,957481,validation_failed,8,5,4,3
commutation-accuracy,92,134,commutative,8,4,2,5,3,0.8,0.3,5,4,1,1,3,15,383684,408941,20454676,6544,29512,19,4875,23484,28,6,1148287,3,6,4079,1536272,982265,passed,8,5,7,4
commutation-accuracy,93,135,commutative,12,5,5,5,3,0.8,0.3,5,3,1,1,2,15,360540,328622,16425107,29531,198501,175,21610,156582,104,8,1521235,6,8,20842,1903051,973462,passed,12,6,13,6
commutation-accuracy,94,136,commutative,18,3,4,3,3,0.8,0.3,5,3,1,1,4,32,380713,547711,27383504,48516,335992,242,37995,271552,194,11,2301823,7,11,32660,2716456,1022577,passed,18,13,19,13
commutation-accuracy,95,137,commutative,10,4,3,5,3,0.8,0.3,5,5,1,1,3,22,398711,472282,23644802,14718,75601,89,10374,56564,62,6,1633287,3,6,9716,2042021,984087,passed,10,7,11,7
commutation-accuracy,96,138,commutative,12,3,3,3,3,0.8,0.3,5,4,1,1,2,11,350705,352864,17641328,6070,38503,15,4214,28490,28,5,897697,3,5,3811,1252381,962763,passed,12,6,9,5
commutation-accuracy,97,139,commutative,9,2,2,2,3,0.8,0.3,5,3,1,1,2,9,368458,301188,15044962,2214,11930,40,1724,9451,4,5,743284,3,5,1974,1113960,987513,passed,9,7,7,5
commutation-accuracy,98,140,commutative,6,4,5,4,3,0.8,0.3,5,2,1,1,3,13,371726,401073,20058277,5629,32856,59,4000,23688,1,5,1055107,2,5,3598,1430707,984925,passed,6,4,7,4
commutation-accuracy,99,141,commutative,16,3,3,5,3,0.8,0.3,5,4,1,1,6,43,439708,841012,42021257,38434,305043,164,31963,270002,124,9,3071097,3,9,26563,3537954,1045134,passed,16,7,13,3
commutation-accuracy,100,142,commutative,16,3,5,5,3,0.8,0.3,5,4,1,1,3,36,427094,447091,22375401,54895,395431,218,42496,319917,188,9,1782169,6,9,39494,2249300,1042241,passed,16,7,17,7
commutation-accuracy,101,143,commutative,16,3,3,3,3,0.8,0.3,5,4,1,1,5,52,458821,632317,31616625,35803,191373,132,25228,141723,72,9,2502939,4,9,21738,2984143,1000069,passed,16,10,17,10
commutation-accuracy,102,144,commutative,12,2,4,2,3,0.8,0.3,5,4,1,1,4,19,376217,507619,25395638,6257,46883,29,4458,35227,30,6,1500294,2,6,5041,1881845,986059,passed,12,6,9,5
commutation-accuracy,103,145,commutative,10,3,4,5,3,0.8,0.3,5,5,1,1,6,41,442246,758040,37937830,21888,105177,125,15845,83050,63,7,2548201,1,7,15266,3006150,982686,passed,10,6,11,6
commutation-accuracy,104,146,commutative,12,4,3,4,3,0.8,0.3,5,2,1,1,3,20,364781,496236,24832399,20874,102326,117,16044,84281,31,8,1822547,5,8,14137,2201835,1026769,passed,12,9,13,9
commutation-accuracy,105,147,commutative,18,2,5,3,3,0.8,0.3,5,3,1,1,7,62,424928,814223,40707898,20396,77874,56,14731,58717,83,8,2801018,1,8,11687,3238094,998292,passed,18,10,13,8
commutation-accuracy,106,148,commutative,12,5,5,4,3,0.8,0.3,5,4,1,1,1,13,378641,203183,10184742,23905,158711,118,16641,117190,53,7,887528,6,7,16379,1282964,996583,passed,12,8,13,8
commutation-accuracy,107,149,commutative,15,2,3,5,3,0.8,0.3,5,5,1,1,3,13,363564,401757,20107384,4837,85643,51,3313,59024,10,4,1127954,1,4,3515,1496140,1019788,passed,15,11,6,3
commutation-accuracy,108,150,commutative,12,4,5,3,3,0.8,0.3,5,4,1,1,1,13,385905,204110,10191232,19969,125637,85,14692,97283,60,7,600387,6,7,12284,998916,1033290,passed,12,6,13,6
commutation-accuracy,109,151,commutative,20,4,3,3,3,0.8,0.3,5,5,1,1,2,38,384204,327978,16389080,58964,412520,381,47149,355787,193,11,1753754,9,11,40586,2179540,1039636,passed,20,8,21,8
commutation-accuracy,110,152,commutative,8,5,5,3,3,0.8,0.3,5,4,1,1,2,11,361634,301166,15032841,4743,32410,25,3332,24327,12,4,776448,2,4,3202,1141491,945586,passed,8,5,9,5
commutation-accuracy,111,153,commutative,12,2,2,2,3,0.8,0.3,5,3,1,1,3,18,376424,485729,24285693,3817,16720,16,2701,12118,8,5,1347168,2,5,2583,1726391,959459,passed,12,8,9,6
commutation-accuracy,112,154,commutative,30,3,3,3,3,0.8,0.3,5,5,1,1,3,34,351986,440158,22010157,30811,203239,180,22115,162708,59,8,1674310,5,8,19333,2046110,1005908,validation_failed,30,10,16,7
commutation-accuracy,113,155,commutative,18,3,4,5,3,0.8,0.3,5,3,1,1,6,63,498253,805717,40326681,34585,161638,111,25116,126198,393,8,2853320,2,8,21909,3373916,1083501,validation_failed,18,10,17,9
commutation-accuracy,114,156,commutative,15,2,4,3,3,0.8,0.3,5,5,1,1,6,57,517776,744601,37261454,29727,201746,397,22354,161554,199,9,2429567,3,9,20083,2968030,981750,passed,15,11,16,11
commutation-accuracy,115,157,commutative,24,5,4,5,3,0.8,0.3,5,4,1,1,4,49,481389,612043,30554175,96778,550723,1264,68266,405206,692,10,3149567,6,10,61552,3693117,1976607,validation_failed,24,9,22,9
commutation-accuracy,116,158,commutative,20,4,2,4,3,0.8,0.3,5,4,1,1,5,28,447153,681689,34081498,23986,135510,51,18700,109456,70,9,2374047,4,9,16527,2838184,1020360,validation_failed,20,8,14,7
commutation-accuracy,117,159,commutative,8,5,5,5,3,0.8,0.3,5,2,1,1,3,18,361470,435436,21770665,11074,71375,46,8129,55363,28,6,1181677,3,6,8322,1551734,947329,passed,8,7,9,7
commutation-accuracy,118,160,commutative,10,4,5,2,3,0.8,0.3,5,5,1,1,1,11,365846,203905,10204519,10956,63073,71,7639,45413,28,6,567761,5,6,6613,940449,951376,passed,10,6,11,6
commutation-accuracy,119,161,commutative,12,5,5,5,3,0.8,0.3,5,3,1,1,1,13,357353,204626,10207679,25787,188031,212,20065,170161,90,7,897964,6,7,16931,1273768,1019940,passed,12,6,13,6
commutation-accuracy,120,162,commutative,24,5,4,3,3,0.8,0.3,5,4,1,1,2,23,356965,331790,16589845,51378,492771,239,37290,391448,90,9,1992911,7,9,33580,2384328,1094784,passed,24,9,21,8
commutation-accuracy,121,163,commutative,20,4,5,5,3,0.8,0.3,5,5,1,1,6,49,408606,793396,39630424,123374,570816,393,100225,483698,335,13,3443014,7,13,75001,3927587,1202735,passed,20,8,21,8
commutation-accuracy,122,164,commutative,9,4,3,2,3,0.8,0.3,5,3,1,1,3,16,376321,401687,20072928,4479,17456,42,3464,13212,0,5,1053775,2,5,2853,1433157,970453,passed,9,5,7,4
commutation-accuracy,123,165,commutative,9,4,2,4,3,0.8,0.3,5,3,1,1,1,7,357183,206016,10274311,3906,25879,44,2958,19282,0,4,368065,3,4,2720,728178,957432,passed,9,7,7,5
commutation-accuracy,124,166,commutative,8,3,3,4,3,0.8,0.3,5,2,1,1,3,15,359116,494268,24703179,6485,25204,9,4450,18038,11,5,1389059,2,5,4006,1752357,955432,passed,8,6,9,6
commutation-accuracy,125,167,commutative,30,4,3,5,3,0.8,0.3,5,5,1,1,4,41,402461,542561,27147054,189114,2306202,1667,143973,1814736,1316,13,3414710,9,13,157671,3976405,2322011,passed,30,10,31,10
commutation-accuracy,126,168,commutative,15,5,3,3,3,0.8,0.3,5,5,1,1,1,16,366493,249782,12475500,25734,188288,403,18525,144212,422,7,1222451,6,7,17285,1606880,1073605,passed,15,9,16,9
commutation-accuracy,127,169,commutative,24,3,3,2,3,0.8,0.3,5,4,1,1,2,13,375616,337120,16842208,18508,250716,692,16016,251366,744,8,985229,6,8,14034,1378820,1017846,validation_failed,24,9,12,6
commutation-accuracy,128,170,commutative,16,5,2,2,3,0.8,0.3,5,4,1,1,4,47,409176,513597,25694297,32816,405343,278,24779,317235,513,9,2060697,5,9,25008,2495873,1103687,passed,16,10,17,10
commutation-accuracy,129,171,commutative,20,2,4,3,3,0.8,0.3,5,4,1,1,2,23,368120,313552,15703850,57838,554010,1686,40225,423304,686,11,1987044,9,11,42085,2398412,1147504,passed,20,11,21,11
commutation-accuracy,130,172,commutative,15,3,4,5,3,0.8,0.3,5,3,1,1,5,33,381508,626007,31357988,52993,467217,670,38941,370197,618,10,2408325,5,10,37451,2827960,1106764,passed,15,7,16,7
commutation-accuracy,131,173,commutative,30,2,5,3,3,0.8,0.3,5,5,1,1,5,94,895381,792098,39600065,62217,296394,728,42122,206132,770,8,2753398,3,8,36917,3686237,1445806,validation_failed,30,18,30,18
commutation-accuracy,132,174,commutative,12,3,2,4,3,0.8,0.3,5,2,1,1,3,13,400658,410435,20524450,3251,13538,77,2277,9976,37,4,1046086,1,4,2327,1449255,1000635,validation_failed,12,11,8,6
commutation-accuracy,133,175,commutative,9,2,4,5,3,0.8,0.3,5,3,1,1,3,9,370793,401423,20065670,1230,3624,3,824,2626,5,3,1048620,0,3,887,1420411,988908,passed,9,5,4,3
commutation-accuracy,134,176,commutative,4,3,3,2,3,0.8,0.3,5,2,1,1,3,10,368134,400515,20063721,983,2661,10,677,1914,18,3,1042522,0,3,674,1411445,1034784,passed,4,3,5,3
commutation-accuracy,135,177,commutative,4,5,2,4,3,0.8,0.3,5,2,1,1,2,7,376125,300474,15023087,1476,5120,203,1009,3679,16,3,726411,1,3,1417,1104061,1025552,passed,4,3,5,3
commutation-accuracy,136,178,commutative,6,3,5,5,3,0.8,0.3,5,2,1,1,3,16,384071,401805,20076905,4920,16140,32,3861,12320,19,4,1114114,1,4,3542,1501914,1011416,passed,6,4,7,4
commutation-accuracy,137,179,commutative,16,5,5,4,3,0.8,0.3,5,4,1,1,1,17,366605,210771,10543174,40496,280543,870,30658,206319,822,8,909590,7,8,27899,1305907,1134052,passed,16,12,17,12
commutation-accuracy,138,180,commutative,12,4,5,3,3,0.8,0.3,5,3,1,1,2,15,371688,327642,16388860,13023,69217,135,9190,50068,66,6,984301,4,6,9737,1366055,974415,passed,12,8,13,8
commutation-accuracy,139,181,commutative,12,3,3,3,3,0.8,0.3,5,4,1,1,2,15,379076,409417,20447373,11733,80147,70,8157,64367,36,6,1329873,4,6,7782,1717089,1026426,passed,12,6,13,6
commutation-accuracy,140,182,commutative,20,4,5,3,3,0.8,0.3,5,4,1,1,1,21,358784,211378,10571821,54195,414704,1021,39661,316666,745,9,1153002,8,9,38575,1550982,1099620,passed,20,14,21,14
commutation-accuracy,141,183,commutative,30,2,3,3,3,0.8,0.3,5,5,1,1,3,61,482349,548161,27400565,128186,1097358,696,96219,886236,332,13,3053108,10,13,90377,3627963,1304755,validation_failed,30,10,30,10
commutation-accuracy,142,184,commutative,10,2,2,5,3,0.8,0.3,5,5,1,1,6,42,416061,712359,35615209,19608,123064,112,15148,97405,69,9,2272233,3,9,13785,2702632,971828,passed,10,6,11,6
commutation-accuracy,143,185,commutative,6,3,4,3,3,0.8,0.3,5,3,1,1,1,7,358796,203901,10194942,3442,21479,28,2387,15976,0,4,389898,3,4,2168,751119,976978,passed,6,5,7,5
commutation-accuracy,144,186,commutative,4,2,5,3,3,0.8,0.3,5,2,1,1,1,5,357801,201266,10073721,2496,12248,26,1716,7942,7,4,348097,3,4,1581,707637,974316,passed,4,3,5,3
commutation-accuracy,145,187,commutative,4,4,4,5,3,0.8,0.3,5,2,1,1,1,5,361868,200376,10023591,3378,13688,30,2364,9196,0,4,342766,3,4,2136,706910,961396,passed,4,3,5,3
commutation-accuracy,146,188,commutative,16,4,3,5,3,0.8,0.3,5,4,1,1,4,29,389706,558570,27977976,47476,263879,118,36747,205136,142,9,1989440,5,9,29399,2409516,965543,passed,16,7,17,7
commutation-accuracy,147,189,commutative,8,2,3,5,3,0.8,0.3,5,2,1,1,3,16,356172,401000,20026059,4162,17291,25,3236,12877,8,4,1022508,1,4,2712,1381590,945804,passed,8,6,7,5
commutation-accuracy,148,190,commutative,20,2,5,3,3,0.8,0.3,5,4,1,1,4,14,409707,515662,25767230,2013,7339,32,1436,5576,0,4,1385728,0,4,1396,1797014,948376,passed,20,14,5,4
commutation-accuracy,149,191,commutative,6,5,2,4,3,0.8,0.3,5,3,1,1,3,11,363432,400189,20017291,1643,5913,11,1162,4451,1,3,1052945,0,3,1096,1417581,963766,passed,6,4,5,3
commutation-accuracy,150,192,commutative,10,5,3,4,3,0.8,0.3,5,2,1,1,3,22,435742,448953,22427538,15531,81335,47,11553,65248,45,7,1311140,4,7,9799,1756998,978230,passed,10,7,11,7
commutation-accuracy,151,193,commutative,10,4,4,4,3,0.8,0.3,5,2,1,1,3,24,399907,460286,23026011,15508,116947,82,11212,92917,53,7,1426664,4,7,10720,1837724,989658,validation_failed,10,8,10,7
commutation-accuracy,152,194,commutative,9,4,4,3,3,0.8,0.3,5,3,1,1,3,10,363670,401957,20123854,2107,29071,46,1954,24770,0,4,1054623,1,4,1761,1420823,964196,passed,9,5,4,1
commutation-accuracy,153,195,commutative,15,5,3,3,3,0.8,0.3,5,3,1,1,2,32,361533,365885,18291417,38268,180290,219,28638,137872,100,8,1285933,6,8,24217,1672266,968830,passed,15,7,16,7
commutation-accuracy,154,196,commutative,24,2,2,5,3,0.8,0.3,5,4,1,1,11,145,944326,1426196,71288154,107177,613675,1016,79323,469581,638,13,5151358,2,13,69221,6166028,1797375,validation_failed,24,12,23,10
commutation-accuracy,155,197,commutative,12,2,5,2,3,0.8,0.3,5,4,1,1,4,29,363612,545369,27221409,19107,189251,125,14739,142450,87,8,2086095,4,8,12423,2463344,963779,passed,12,6,13,6
commutation-accuracy,156,198,commutative,12,5,3,4,3,0.8,0.3,5,4,1,1,4,14,485664,526681,26324738,2507,9327,11,1886,7449,3,4,1387431,0,4,1549,1874829,985013,passed,12,10,5,2
commutation-accuracy,157,199,commutative,8,4,2,5,3,0.8,0.3,5,4,1,1,2,9,385530,305706,15281412,7822,38959,96,6264,33025,98,7,730751,5,7,5544,1122042,1042843,validation_failed,8,5,7,4
commutation-accuracy,158,200,commutative,20,3,2,2,3,0.8,0.3,5,5,1,1,4,23,440711,551708,27586019,5361,25683,56,4038,20567,52,6,1590918,2,6,3840,2035748,964026,passed,20,8,9,5
commutation-accuracy,159,201,commutative,12,3,2,3,3,0.8,0.3,5,3,1,1,3,19,372206,416347,20824347,5942,24971,8,4252,18239,28,5,1304526,2,5,3626,1680650,966529,passed,12,8,10,7
commutation-accuracy,160,202,commutative,12,5,2,2,3,0.8,0.3,5,3,1,1,8,57,700827,982892,49127128,14533,58856,18,11568,48731,68,8,3049628,0,8,10105,3761088,1013567,passed,12,6,13,6
commutation-accuracy,161,203,commutative,6,3,2,4,3,0.8,0.3,5,3,1,1,3,18,402920,405786,20300888,4987,24064,3,3503,17885,201,5,1075333,2,5,3539,1481996,983193,passed,6,4,7,4
commutation-accuracy,162,204,commutative,20,2,3,3,3,0.8,0.3,5,4,1,1,9,69,665554,1072665,53649456,22411,113851,231,16530,88143,280,9,3431769,0,9,15780,4113800,1006972,passed,20,16,13,10
commutation-accuracy,163,205,commutative,8,2,4,2,3,0.8,0.3,5,2,1,1,2,5,397337,307710,15385466,331,784,2,216,551,6,2,703844,0,2,269,1101531,982928,passed,8,5,3,1
commutation-accuracy,164,206,commutative,16,4,2,2,3,0.8,0.3,5,4,1,1,3,10,401394,407230,20378329,893,2911,32,630,2175,5,3,1055920,0,3,625,1458080,1016545,passed,16,10,5,4
commutation-accuracy,165,207,commutative,9,4,3,2,3,0.8,0.3,5,3,1,1,2,12,373707,309390,15452939,5835,33549,65,4180,23905,41,5,820658,3,5,3731,1198373,994947,passed,9,8,10,8
commutation-accuracy,166,208,commutative,18,4,4,5,3,0.8,0.3,5,3,1,1,4,17,601742,562369,28088571,3616,12859,76,2672,10361,13,4,1508746,0,4,2409,2113122,1002560,validation_failed,18,10,6,2
commutation-accuracy,167,209,commutative,12,3,2,3,3,0.8,0.3,5,4,1,1,2,14,373345,303263,15165199,23576,178188,464,18506,146673,260,9,1203040,7,9,17254,1594270,1000078,passed,12,6,13,6
commutation-accuracy,168,210,commutative,4,5,2,3,3,0.8,0.3,5,2,1,1,2,5,383803,304455,15222194,421,1247,10,283,890,1,2,692335,0,2,342,1076583,962098,passed,4,3,3,1
commutation-accuracy,169,211,commutative,8,4,4,4,3,0.8,0.3,5,2,1,1,2,11,363226,365378,18264218,11944,61232,65,8909,50010,28,7,1000672,5,7,7645,1371797,969851,passed,8,5,9,5
commutation-accuracy,170,212,commutative,8,3,4,2,3,0.8,0.3,5,4,1,1,2,11,359078,303372,15166096,5384,30116,24,3655,21861,9,5,798509,3,5,3270,1161025,997155,passed,8,5,9,5
commutation-accuracy,171,213,commutative,12,2,2,3,3,0.8,0.3,5,3,1,1,3,9,448745,426133,21258641,780,2123,2,526,1534,0,3,1027475,0,3,599,1476961,978390,passed,12,6,4,3
commutation-accuracy,172,214,commutative,20,3,3,4,3,0.8,0.3,5,5,1,1,1,21,382663,213277,10655635,43594,439516,211,33071,329418,72,8,1088272,7,8,30815,1502477,1251166,passed,20,8,21,8
commutation-accuracy,173,215,commutative,25,4,2,4,3,0.8,0.3,5,5,1,1,6,99,428235,815171,40742114,107059,679547,376,77453,520836,381,11,4341007,5,11,67632,4838210,1461507,passed,25,9,26,9
commutation-accuracy,174,216,commutative,30,4,5,3,3,0.8,0.3,5,5,1,1,2,56,385679,321611,16063729,106303,2024453,3692,82811,1767069,3355,10,2207926,8,10,96034,2690848,2196796,passed,30,18,31,18
commutation-accuracy,175,217,commutative,4,2,3,4,3,0.8,0.3,5,2,1,1,3,8,387567,400018,19982832,1007,3284,0,686,2302,13,3,1054390,0,3,756,1442828,986254,passed,4,3,3,1
commutation-accuracy,176,218,commutative,25,4,4,5,3,0.8,0.3,5,5,1,1,6,98,657707,1069668,53493286,173005,1009583,1788,137131,837026,1831,15,4976914,9,15,114046,5749980,1699965,passed,25,9,26,9
commutation-accuracy,177,219,commutative,18,2,3,5,3,0.8,0.3,5,3,1,1,5,51,424000,699740,34987455,56307,323743,241,42651,254989,184,11,2823462,6,11,36836,3285096,1042654,passed,18,8,19,8
commutation-accuracy,178,220,commutative,12,2,5,2,3,0.8,0.3,5,4,1,1,4,44,395361,510229,25487571,16670,395346,1592,11464,172383,469,7,1690265,3,7,9749,2102830,988007,passed,12,6,13,6
commutation-accuracy,179,221,commutative,9,4,2,4,3,0.8,0.3,5,3,1,1,5,31,374932,602048,30118974,6790,26064,11,4782,19153,2,5,1822642,0,5,4143,2201945,981691,passed,9,5,10,5
commutation-accuracy,180,222,commutative,12,3,5,4,3,0.8,0.3,5,4,1,1,3,27,389992,415269,20760113,19701,120946,269,14624,95118,263,7,1466975,4,7,14575,1872010,990777,passed,12,9,13,9
commutation-accuracy,181,223,commutative,24,3,4,5,3,0.8,0.3,5,4,1,1,1,25,368663,247304,12375446,151837,2005300,713,110000,1599312,919,13,1958362,12,13,128051,2456481,1297984,passed,24,9,25,9
commutation-accuracy,182,224,commutative,8,3,5,3,3,0.8,0.3,5,4,1,1,4,24,448428,506366,25361357,6154,27930,31,4453,22324,148,5,1494177,1,5,4112,1946989,1018806,passed,8,5,9,5
commutation-accuracy,183,225,commutative,18,2,4,4,3,0.8,0.3,5,3,1,1,3,31,382264,469691,23442435,49524,497241,501,36105,389536,271,10,2264371,7,10,35841,2683720,1054953,passed,18,10,19,10
commutation-accuracy,184,226,commutative,10,4,2,5,3,0.8,0.3,5,5,1,1,4,25,372632,530119,26491768,14978,107504,117,11098,82072,216,7,1720002,3,7,10571,2103579,1018686,passed,10,6,11,6
commutation-accuracy,185,227,commutative,25,2,2,4,3,0.8,0.3,5,5,1,1,4,30,394452,577843,28887138,51175,796728,1346,35998,579717,919,10,2841587,6,10,43750,3281793,1290779,passed,25,13,21,11
commutation-accuracy,186,228,commutative,10,2,5,3,3,0.8,0.3,5,2,1,1,5,28,544828,643516,32186666,5623,22981,43,4004,16904,78,5,1905259,0,5,3492,2453848,1041826,passed,10,8,9,6
commutation-accuracy,187,229,commutative,10,3,2,5,3,0.8,0.3,5,2,1,1,4,19,393043,513694,25692684,8023,49398,66,5925,38337,76,6,1556258,2,6,6071,1955648,1017647,passed,10,6,9,4
commutation-accuracy,188,230,commutative,20,2,2,5,3,0.8,0.3,5,4,1,1,2,15,369571,338715,16950122,12701,79133,62,9179,60874,26,6,1149233,4,6,8228,1527429,1026341,passed,20,11,13,9
commutation-accuracy,189,231,commutative,12,2,2,3,3,0.8,0.3,5,4,1,1,9,70,681553,1084924,54281733,19553,124191,101,15104,99453,68,9,3431954,0,9,14175,4128300,979423,passed,12,6,13,6
commutation-accuracy,190,232,commutative,20,3,4,3,3,0.8,0.3,5,4,1,1,2,22,378757,361732,18143783,51965,387111,232,35621,287872,105,9,2016742,7,9,32401,2428577,1477765,validation_failed,20,14,20,14
commutation-accuracy,191,233,commutative,15,5,3,3,3,0.8,0.3,5,5,1,1,3,33,373084,420904,21062618,34978,219742,110,25076,165384,105,9,1734522,6,9,21349,2129498,1009029,passed,15,7,16,7
commutation-accuracy,192,234,commutative,6,5,2,3,3,0.8,0.3,5,3,1,1,4,16,395344,503020,25158254,3914,35077,32,2907,27016,16,5,1438685,1,5,3183,1837525,974718,passed,6,4,7,4
commutation-accuracy,193,235,commutative,12,4,3,3,3,0.8,0.3,5,2,1,1,3,26,374191,417395,20846735,17601,97158,95,12193,72250,99,7,1566285,4,7,10931,1951852,989003,passed,12,8,13,8
commutation-accuracy,194,236,commutative,8,4,4,3,3,0.8,0.3,5,4,1,1,3,18,375651,518589,25929838,8322,50198,46,6047,39447,31,6,1619185,3,6,5504,2000624,977370,passed,8,5,9,5
commutation-accuracy,195,237,commutative,12,2,4,5,3,0.8,0.3,5,3,1,1,4,41,359990,653990,32682836,32424,189940,180,25824,163192,137,9,2278001,5,9,22133,2660636,975287,passed,12,8,13,8
commutation-accuracy,196,238,commutative,15,4,4,2,3,0.8,0.3,5,3,1,1,2,31,419272,332467,16632024,30128,178866,117,22782,143205,123,8,1195066,6,8,18442,1633275,980117,passed,15,7,16,7
commutation-accuracy,197,239,commutative,15,3,2,2,3,0.8,0.3,5,3,1,1,6,40,523397,740509,37065675,7986,37106,46,5888,28463,22,6,2189662,0,6,4906,2718286,983406,validation_failed,15,7,14,7
commutation-accuracy,198,240,commutative,8,2,5,4,3,0.8,0.3,5,4,1,1,4,24,390077,508738,25415977,6490,25268,4,4625,18714,21,5,1465848,1,5,4663,1860815,966114,passed,8,6,9,6
commutation-accuracy,199,241,commutative,8,4,4,5,3,0.8,0.3,5,2,1,1,2,11,364290,310639,15541396,12806,71901,59,9957,60145,59,7,861660,5,7,8463,1234773,962834,passed,8,5,9,5
commutation-accuracy,200,242,commutative,18,5,4,4,3,0.8,0.3,5,3,1,1,2,23,375464,312949,15636882,45453,341152,229,34804,282978,89,8,1380982,6,8,29536,1786841,1026835,passed,18,10,19,10
commutation-accuracy,201,243,commutative,12,3,4,5,3,0.8,0.3,5,3,1,1,3,30,384913,409330,20444974,19275,87804,98,13935,65425,57,7,1288325,4,7,11671,1685188,976718,passed,12,9,13,9
commutation-accuracy,202,244,commutative,6,4,2,2,3,0.8,0.3,5,3,1,1,2,6,367731,300680,15038580,420,1186,2,273,802,11,2,693887,0,2,328,1062029,1012425,passed,6,5,4,2
commutation-accuracy,203,245,commutative,9,5,2,5,3,0.8,0.3,5,3,1,1,3,15,386839,420537,21013512,18936,107005,110,14920,86445,43,9,1421131,6,9,12287,1820647,986785,passed,9,5,10,5
commutation-accuracy,204,246,commutative,10,4,2,4,3,0.8,0.3,5,2,1,1,2,13,354420,301859,15084931,10655,83083,43,7473,63920,23,6,880846,4,6,6945,1242498,980777,passed,10,7,11,7
commutation-accuracy,205,247,commutative,15,5,2,3,3,0.8,0.3,5,3,1,1,2,18,364679,357977,17888446,24333,117876,100,16737,86188,42,8,1067029,6,8,14016,1446108,967749,passed,15,11,13,9
commutation-accuracy,206,248,commutative,20,5,5,4,3,0.8,0.3,5,5,1,1,1,21,358632,205709,10267147,75884,579369,276,59913,464809,292,10,1604143,9,10,51914,2015934,1194139,passed,20,11,21,11
commutation-accuracy,207,249,commutative,15,5,5,2,3,0.8,0.3,5,3,1,1,3,21,391210,403901,20188033,27165,157813,130,19819,119045,40,8,1752760,5,8,16358,2160851,1071488,passed,15,9,16,9
commutation-accuracy,208,250,commutative,18,3,4,2,3,0.8,0.3,5,3,1,1,1,19,372604,201531,10079268,24359,236349,141,16254,156346,45,7,926633,6,7,15077,1315057,1020845,passed,18,10,19,10
commutation-accuracy,209,251,commutative,6,5,5,3,3,0.8,0.3,5,3,1,1,4,21,448958,530994,26586760,7035,42370,11,5418,33732,0,6,1490800,2,6,4407,1944470,1045382,passed,6,5,7,5
commutation-accuracy,210,252,commutative,10,4,4,3,3,0.8,0.3,5,5,1,1,1,11,367404,227249,11368961,16541,94732,178,12644,74105,93,7,667213,6,7,11532,1046499,1068771,passed,10,6,11,6
commutation-accuracy,211,253,commutative,9,3,4,3,3,0.8,0.3,5,3,1,1,1,7,386520,201512,10063858,3712,15713,34,2931,12976,40,4,407833,3,4,2486,796993,1022594,passed,9,5,7,4
commutation-accuracy,212,254,commutative,9,3,4,4,3,0.8,0.3,5,3,1,1,2,12,371420,310638,15544670,9745,46402,231,7289,35840,235,5,876471,3,5,6597,1254747,1006960,passed,9,5,10,5
commutation-accuracy,213,255,commutative,18,3,5,3,3,0.8,0.3,5,3,1,1,4,35,548791,556984,27803032,9686,37494,6,6867,27843,133,5,1661367,1,5,5793,2216234,998787,passed,18,8,13,6
commutation-accuracy,214,256,commutative,18,4,5,3,3,0.8,0.3,5,3,1,1,2,21,372961,342019,17128881,52810,414832,492,36208,306933,299,9,1723637,7,9,33834,2130989,1112980,passed,18,10,19,10
commutation-accuracy,215,257,commutative,15,5,4,3,3,0.8,0.3,5,3,1,1,3,22,362696,405940,20307808,10879,78975,86,7908,59216,27,6,1163312,3,6,7028,1533303,999430,passed,15,11,10,7
commutation-accuracy,216,258,commutative,12,3,5,3,3,0.8,0.3,5,3,1,1,6,41,515032,731348,36546789,9896,39232,115,6980,28918,119,6,2389751,0,6,7165,2912303,1015921,validation_failed,12,8,10,5
commutation-accuracy,217,259,commutative,12,3,5,5,3,0.8,0.3,5,3,1,1,2,15,377450,394181,19730132,21038,102948,191,15851,81154,246,7,1315239,5,7,13790,1706794,1023599,passed,12,6,13,6
commutation-accuracy,218,260,commutative,12,5,4,3,3,0.8,0.3,5,4,1,1,2,15,390953,407097,20394716,23551,139176,58,18329,111685,122,8,1407234,6,8,14353,1812907,979576,passed,12,10,13,10
commutation-accuracy,219,261,commutative,25,5,3,4,3,0.8,0.3,5,5,1,1,1,26,362515,212315,10614833,122212,766141,1716,88816,591164,1182,11,2555974,10,11,83126,3002769,2144177,passed,25,13,26,13
commutation-accuracy,220,262,commutative,18,4,4,5,3,0.8,0.3,5,3,1,1,2,21,367574,338992,16965838,42903,347614,247,30522,256656,159,8,1639360,6,8,26738,2034693,1175624,passed,18,14,19,14
commutation-accuracy,221,263,commutative,18,5,5,4,3,0.8,0.3,5,3,1,1,1,19,349235,246055,12303525,52174,319566,234,36590,239216,106,8,1598062,7,8,30499,1978358,1151518,passed,18,12,19,12
commutation-accuracy,222,264,commutative,4,5,2,3,3,0.8,0.3,5,2,1,1,3,11,406000,412555,20638011,1892,7130,24,1437,5465,1,4,1044785,1,4,1264,1452215,985059,passed,4,3,5,3
commutation-accuracy,223,265,commutative,4,5,4,2,3,0.8,0.3,5,2,1,1,2,7,377976,301107,15056703,1220,3877,0,858,2879,0,3,688599,1,3,797,1067466,1037135,passed,4,3,5,3
commutation-accuracy,224,266,commutative,6,5,5,5,3,0.8,0.3,5,2,1,1,2,9,377357,303971,15192833,3969,15435,13,2843,11708,0,4,726554,2,4,2513,1106556,1020806,passed,6,5,7,5
commutation-accuracy,225,267,commutative,12,2,2,5,3,0.8,0.3,5,4,1,1,4,31,384150,528881,26449101,16810,99912,68,13039,81882,46,7,1728458,3,7,11995,2125007,987106,passed,12,6,13,6
commutation-accuracy,226,268,commutative,15,3,5,2,3,0.8,0.3,5,5,1,1,3,44,391348,532081,26624367,33520,194715,238,26044,152024,91,9,1909919,6,9,21141,2323477,1016270,passed,15,9,16,9
commutation-accuracy,227,269,commutative,4,4,2,3,3,0.8,0.3,5,2,1,1,2,5,379164,300826,15037088,397,918,2,262,637,11,2,737224,0,2,355,1116821,986994,passed,4,3,3,2
commutation-accuracy,228,270,commutative,12,2,5,5,3,0.8,0.3,5,4,1,1,3,30,363892,402678,20120722,22702,141891,111,15790,107454,50,6,1240332,3,6,14152,1618820,979946,passed,12,6,13,6
commutation-accuracy,229,271,commutative,8,3,2,3,3,0.8,0.3,5,2,1,1,2,11,356818,302321,15075947,5909,44225,47,4463,34811,29,6,798958,4,6,4253,1160345,957881,passed,8,7,9,7
commutation-accuracy,230,272,commutative,8,5,4,5,3,0.8,0.3,5,2,1,1,2,11,360653,306808,15360873,8678,48031,36,6179,35614,37,5,918275,3,5,5812,1284947,977795,passed,8,6,9,6
commutation-accuracy,231,273,commutative,15,4,4,5,3,0.8,0.3,5,5,1,1,1,16,380851,241057,12062297,44142,258904,197,34496,223466,87,9,1133163,8,9,26615,1542264,1064137,passed,15,13,16,13
commutation-accuracy,232,274,commutative,6,4,5,3,3,0.8,0.3,5,3,1,1,3,13,348669,426358,21265574,6700,39294,54,4941,29801,28,6,1191148,3,6,4850,1544942,978375,passed,6,4,7,4
commutation-accuracy,233,275,commutative,8,4,4,3,3,0.8,0.3,5,2,1,1,2,9,372183,310085,15502336,4918,18788,3,3531,14188,24,5,792096,3,5,2960,1167415,990289,passed,8,6,7,5
commutation-accuracy,234,276,commutative,15,4,2,5,3,0.8,0.3,5,5,1,1,4,37,687448,625187,31269704,41710,217484,140,31623,170823,190,10,2006724,6,10,26524,2721258,1033510,passed,15,9,16,9
commutation-accuracy,235,277,commutative,10,3,4,4,3,0.8,0.3,5,2,1,1,3,16,408806,456584,22802955,11086,67374,58,8342,53213,48,6,1375606,3,6,7216,1792402,1002980,passed,10,7,11,7
commutation-accuracy,236,278,commutative,8,3,4,3,3,0.8,0.3,5,4,1,1,2,11,368452,304867,15215378,6014,25371,15,4311,19434,0,5,764916,3,5,3834,1137400,969086,passed,8,5,9,5
commutation-accuracy,237,279,commutative,10,4,2,5,3,0.8,0.3,5,2,1,1,1,11,369869,204460,10230563,19233,128867,254,15021,102457,58,7,537348,6,7,13864,922039,981157,passed,10,6,11,6
commutation-accuracy,238,280,commutative,24,3,2,2,3,0.8,0.3,5,4,1,1,8,95,637276,1053783,52698068,49700,387695,178,39650,317637,169,13,3808368,5,13,33500,4480352,1056271,validation_failed,24,21,17,13
commutation-accuracy,239,281,commutative,10,4,2,5,3,0.8,0.3,5,2,1,1,5,35,377511,611925,30615683,18036,93577,71,13444,73874,23,8,2109156,3,8,11328,2498376,975234,passed,10,6,11,6
commutation-accuracy,240,282,commutative,15,2,4,3,3,0.8,0.3,5,3,1,1,5,52,439081,655355,32786563,21477,109209,95,15686,84090,45,8,2179251,3,8,13752,2632489,986847,passed,15,11,16,11
commutation-accuracy,241,283,commutative,8,5,3,2,3,0.8,0.3,5,4,1,1,4,14,384567,502168,25089654,1823,9389,4,1353,7007,0,4,1419622,0,4,1243,1805595,989224,passed,8,5,5,1
commutation-accuracy,242,284,commutative,10,3,2,5,3,0.8,0.3,5,5,1,1,5,32,401636,672072,33594920,35526,271581,198,27472,221167,126,10,2294118,5,10,25241,2721955,1031238,passed,10,6,11,6
commutation-accuracy,243,285,commutative,20,4,2,2,3,0.8,0.3,5,5,1,1,9,107,576105,1058316,52931835,46628,284178,182,33543,224217,166,10,3845577,1,10,28364,4450724,1028962,passed,20,8,21,8
commutation-accuracy,244,286,commutative,20,5,3,2,3,0.8,0.3,5,5,1,1,3,18,354307,549067,27476181,14965,130517,89,11259,108157,35,7,1732482,4,7,9644,2096861,975454,validation_failed,20,17,13,12
commutation-accuracy,245,287,commutative,12,5,5,5,3,0.8,0.3,5,4,1,1,3,19,374930,436650,21834314,39063,212555,148,29730,168893,104,9,1731957,6,9,22906,2130329,988839,passed,12,6,13,6
commutation-accuracy,246,288,commutative,15,3,2,3,3,0.8,0.3,5,5,1,1,2,18,348747,326458,16310510,32079,321239,193,23505,240224,121,9,1340630,7,9,21979,1712157,961333,passed,15,13,16,13
commutation-accuracy,247,289,commutative,12,2,4,4,3,0.8,0.3,5,3,1,1,1,13,351357,207188,10360029,28779,362507,107,21137,283930,79,9,773357,8,9,20533,1145805,1044909,passed,12,8,13,8
commutation-accuracy,248,290,commutative,12,3,4,2,3,0.8,0.3,5,3,1,1,7,56,439981,819449,40968067,14183,61887,59,10246,45785,41,7,2557582,0,7,8206,3006206,980006,passed,12,10,13,10
commutation-accuracy,249,291,commutative,8,3,3,4,3,0.8,0.3,5,4,1,1,3,16,357935,428317,21431199,5205,21088,21,3911,16651,0,5,1170284,2,5,3259,1531665,966991,passed,8,5,9,5
commutation-accuracy,250,292,commutative,15,4,4,2,3,0.8,0.3,5,3,1,1,5,54,439259,646891,32360029,23119,1006553,5400,16139,610007,3206,8,2316876,3,8,22723,2788210,1055378,passed,15,11,16,11
commutation-accuracy,251,293,commutative,8,5,3,2,3,0.8,0.3,5,4,1,1,3,19,395551,439732,21971841,7410,56546,31,5364,42732,11,6,1351533,3,6,4919,1752337,979770,passed,8,5,9,5
commutation-accuracy,252,294,commutative,10,3,3,4,3,0.8,0.3,5,2,1,1,4,36,468939,555839,27741517,32114,260497,302,26183,220040,207,11,1632199,7,11,22542,2124423,1032670,passed,10,9,11,9
commutation-accuracy,253,295,commutative,30,5,5,4,3,0.8,0.3,5,5,1,1,5,79,480295,838010,41878057,242390,1981494,3077,174158,1628467,2689,14,5836358,9,14,165301,6483413,6150413,passed,30,15,31,15
commutation-accuracy,254,296,commutative,8,5,2,3,3,0.8,0.3,5,2,1,1,2,11,382470,314043,15670166,5385,29739,68,3549,20333,133,4,877431,2,4,3308,1263431,1057262,passed,8,5,9,5
commutation-accuracy,255,297,commutative,6,2,4,2,3,0.8,0.3,5,2,1,1,2,10,389520,300767,15042959,3322,108158,214,2917,89144,84,5,723400,3,5,2772,1118285,954869,passed,6,4,5,3
commutation-accuracy,256,298,commutative,12,2,2,2,3,0.8,0.3,5,4,1,1,3,15,386107,409833,20489566,1826,6591,4,1294,4926,2,4,1017742,1,4,1153,1405156,952208,passed,12,6,7,4
commutation-accuracy,257,299,commutative,15,4,3,2,3,0.8,0.3,5,5,1,1,3,22,357780,407978,20387011,23369,286320,807,16212,178845,388,8,1710927,5,8,14664,2085491,1041539,passed,15,9,16,9
commutation-accuracy,258,300,commutative,18,3,3,4,3,0.8,0.3,5,3,1,1,2,17,415750,313023,15647334,7290,62891,59,4986,42613,36,5,743429,3,5,5067,1164551,979827,validation_failed,18,8,9,5
commutation-accuracy,259,301,commutative,15,2,5,2,3,0.8,0.3,5,5,1,1,8,58,673482,1042772,52142490,17543,96795,65,13586,77785,46,9,3132262,1,9,10639,3816958,954125,validation_failed,15,7,12,5
commutation-accuracy,260,302,commutative,9,5,2,4,3,0.8,0.3,5,3,1,1,1,10,357343,212528,10630390,12927,91165,43,8855,66724,16,6,601593,5,6,8053,967247,970111,passed,9,7,10,7
commutation-accuracy,261,303,commutative,9,2,4,3,3,0.8,0.3,5,3,1,1,1,10,370076,257328,12874550,13086,98178,82,9621,74866,59,7,697669,6,7,8836,1077005,954877,passed,9,7,10,7
commutation-accuracy,262,304,commutative,12,4,3,4,3,0.8,0.3,5,2,1,1,3,23,365774,433126,21658425,28665,168851,102,21316,129360,90,9,1509484,6,9,17062,1892877,968539,passed,12,7,13,7
commutation-accuracy,263,305,commutative,4,5,5,5,3,0.8,0.3,5,2,1,1,2,7,377029,309161,15442050,2987,14021,4,2112,10909,0,4,700582,2,4,1871,1079612,985149,passed,4,3,5,3
commutation-accuracy,264,306,commutative,18,3,3,4,3,0.8,0.3,5,3,1,1,4,40,441075,560239,27987083,22359,98836,74,15777,74296,36,7,1901826,3,7,13548,2356804,990632,validation_failed,18,10,16,9
commutation-accuracy,265,307,commutative,16,3,2,5,3,0.8,0.3,5,4,1,1,6,50,451132,726721,36343360,30194,211469,122,21040,157283,87,8,2450188,2,8,18823,2920586,1133738,validation_failed,16,7,16,7
commutation-accuracy,266,308,commutative,9,4,3,2,3,0.8,0.3,5,3,1,1,3,15,370863,401979,20099465,3507,13079,25,2467,9382,0,4,1121853,1,4,2123,1494980,975021,passed,9,7,10,7
commutation-accuracy,267,309,commutative,10,5,2,3,3,0.8,0.3,5,5,1,1,2,13,353273,318980,15946490,9974,63510,49,6556,42759,36,5,982523,3,5,6359,1342488,983730,passed,10,7,11,7
commutation-accuracy,268,310,commutative,6,2,2,3,3,0.8,0.3,5,2,1,1,4,14,386877,502236,25071259,1611,4863,12,1164,3705,14,4,1402871,0,4,1218,1791134,1000735,passed,6,4,5,3
commutation-accuracy,269,311,commutative,12,2,3,4,3,0.8,0.3,5,3,1,1,3,17,517484,440214,22011707,5665,24553,65,4564,21056,43,5,1081339,2,5,3927,1602975,981310,passed,12,6,7,2
commutation-accuracy,270,312,commutative,25,2,5,4,3,0.8,0.3,5,5,1,1,1,10,399447,208605,10427981,11669,44687,100,8048,31533,126,6,476850,5,6,7059,883656,962974,passed,25,16,10,5
commutation-accuracy,271,313,commutative,12,4,5,5,3,0.8,0.3,5,3,1,1,2,15,386187,327514,16397960,18871,101325,135,12832,72229,177,6,1309354,4,6,11513,1707483,1010415,passed,12,6,13,6
commutation-accuracy,272,314,commutative,24,3,3,5,3,0.8,0.3,5,4,1,1,6,95,865960,948152,47385186,118505,1178395,558,87966,931822,540,12,4924875,6,12,84814,5877425,1563402,passed,24,18,25,18
commutation-accuracy,273,315,commutative,24,5,3,4,3,0.8,0.3,5,4,1,1,3,26,380954,414463,20736349,52399,506449,1861,39060,384913,552,9,1971261,6,9,39215,2392857,1188790,passed,24,14,21,12
commutation-accuracy,274,316,commutative,4,4,5,2,3,0.8,0.3,5,2,1,1,2,6,371193,300065,15020548,1044,23727,31,1024,24187,1,3,711547,1,3,1021,1084356,998160,passed,4,3,3,1
commutation-accuracy,275,317,commutative,16,4,4,5,3,0.8,0.3,5,4,1,1,1,17,372453,212054,10581960,41844,218300,223,30763,167816,84,8,969178,7,8,26030,1368265,1137634,passed,16,10,17,10
commutation-accuracy,276,318,commutative,15,4,4,2,3,0.8,0.3,5,3,1,1,3,33,565860,592288,29597841,32163,268005,220,24846,227553,153,10,2130799,7,10,22466,2719682,1005236,passed,15,9,16,9
commutation-accuracy,277,319,commutative,16,5,5,3,3,0.8,0.3,5,4,1,1,3,32,518181,557825,27911762,58731,380539,260,45006,304661,203,11,2406317,8,11,38654,2964379,1050772,passed,16,7,17,7
commutation-accuracy,278,320,commutative,18,4,4,2,3,0.8,0.3,5,3,1,1,3,24,363779,494743,24714347,47252,301738,163,34230,228659,186,10,2014697,7,10,30371,2409614,1003441,passed,18,13,19,13
commutation-accuracy,279,321,commutative,10,4,2,5,3,0.8,0.3,5,2,1,1,2,11,367193,330472,16530387,8477,41406,39,6149,32282,32,6,968651,4,6,5693,1341774,994753,validation_failed,10,6,9,5
commutation-accuracy,280,322,commutative,12,3,3,2,3,0.8,0.3,5,2,1,1,4,19,685135,588620,29447040,6505,40707,42,4670,30326,23,6,1411597,2,6,4425,2101436,1002357,validation_failed,12,7,9,5
commutation-accuracy,281,323,commutative,8,4,2,2,3,0.8,0.3,5,2,1,1,3,19,364009,410976,20579182,5434,36124,10,4086,28620,1,6,1113828,3,6,3757,1481858,982850,passed,8,5,9,5
commutation-accuracy,282,324,commutative,12,2,2,5,3,0.8,0.3,5,2,1,1,1,13,389938,208617,10445321,33356,306570,184,25127,248311,129,10,745103,9,10,24795,1160582,987215,passed,12,10,13,10
commutation-accuracy,283,325,commutative,8,3,3,5,3,0.8,0.3,5,4,1,1,3,14,375444,455496,22733334,10917,46382,36,8528,37620,39,7,1374407,4,7,7192,1757363,976628,passed,8,5,9,5
commutation-accuracy,284,326,commutative,15,2,2,3,3,0.8,0.3,5,3,1,1,5,40,405831,806808,40356132,12072,55322,35,9154,45024,69,8,2696407,3,8,8129,3110754,1037658,validation_failed,15,7,11,6
commutation-accuracy,285,327,commutative,8,3,2,2,3,0.8,0.3,5,2,1,1,5,32,506801,639028,31955457,5568,24109,16,4183,19092,22,6,1863991,1,6,3714,2374815,984696,passed,8,5,9,5
commutation-accuracy,286,328,commutative,12,4,5,3,3,0.8,0.3,5,3,1,1,3,27,595315,521590,26111508,18411,104330,48,13423,78017,73,7,1548471,4,7,11517,2155751,1012386,passed,12,10,13,10
commutation-accuracy,287,329,commutative,6,4,2,3,3,0.8,0.3,5,3,1,1,1,3,391707,200084,10013454,498,3036,6,444,2171,0,2,378931,1,2,471,771231,991775,passed,6,5,3,1
commutation-accuracy,288,330,commutative,20,2,2,5,3,0.8,0.3,5,4,1,1,2,5,382329,302662,15142638,501,1180,1,324,840,0,2,709104,0,2,365,1091877,1020263,passed,20,8,3,1
commutation-accuracy,289,331,commutative,12,3,2,4,3,0.8,0.3,5,3,1,1,2,17,381600,342728,17127820,21365,121076,121,15245,88281,72,8,1262221,6,8,14161,1658445,1011966,passed,12,6,13,6
commutation-accuracy,290,332,commutative,20,2,2,4,3,0.8,0.3,5,5,1,1,1,21,371495,224335,11222256,92866,3535552,18338,67071,2989689,18200,12,1426956,11,12,118062,1921160,1088585,passed,20,16,21,16
commutation-accuracy,291,333,commutative,16,2,3,5,3,0.8,0.3,5,4,1,1,6,59,538734,770545,38529993,28501,152207,176,21626,118314,73,8,2530873,2,8,18971,3089135,1032145,passed,16,14,17,14
commutation-accuracy,292,334,commutative,15,4,4,2,3,0.8,0.3,5,3,1,1,8,77,573229,952140,47539394,28809,144785,336,21430,111649,414,9,3349627,1,9,20343,3943812,985196,passed,15,7,16,7
commutation-accuracy,293,335,commutative,8,2,3,3,3,0.8,0.3,5,4,1,1,2,5,370385,300195,15013841,379,888,0,246,627,0,2,701426,0,2,296,1072182,997066,passed,8,5,3,2
commutation-accuracy,294,336,commutative,8,2,5,3,3,0.8,0.3,5,2,1,1,3,17,373449,494076,24690868,8228,57820,100,5965,43379,86,6,1534882,3,6,5830,1914558,1017851,passed,8,5,9,5
commutation-accuracy,295,337,commutative,25,4,3,2,3,0.8,0.3,5,5,1,1,3,31,358195,415974,20804847,53892,695427,1039,37792,512109,848,9,1932965,6,9,42257,2334181,1202429,passed,25,16,26,16
commutation-accuracy,296,338,commutative,18,2,3,5,3,0.8,0.3,5,3,1,1,8,61,892777,1044563,52256922,22647,127428,122,17234,99866,39,8,3080297,0,8,14698,3988297,987354,validation_failed,18,8,13,5
commutation-accuracy,297,339,commutative,12,5,4,2,3,0.8,0.3,5,3,1,1,3,26,567103,503162,25173676,13118,74298,89,9556,57126,2,6,1432010,3,6,8216,2007628,959754,passed,12,10,13,10
commutation-accuracy,298,340,commutative,18,3,4,3,3,0.8,0.3,5,3,1,1,2,24,388888,534799,26745074,62571,2141865,10216,46116,1847285,8906,11,2468671,9,11,68241,2928328,1060094,validation_failed,18,15,18,14
commutation-accuracy,299,341,commutative,16,3,5,5,3,0.8,0.3,5,4,1,1,5,43,503319,801184,40055490,52339,515040,276,38506,413104,126,9,3151449,4,9,37263,3692744,1125462,passed,16,14,17,14
