scenario,runIndex,seed,generator,numOfStates,numOfCalls,numOfLocals,numOfReturns,numOfStackSymbols,density,acceptingStatesDensity,numOfModules,secondDvpaNumOfStates,useSrs,useEquivalenceCheckToValidateOutput,equivalenceQueryCount,equivalenceQueryHypothesisStatesTotal,equivalenceQueryTimeUs,equivalenceQueryTargetMembershipQueryCount,equivalenceQueryTargetMembershipQuerySymbolsTotal,membershipQueryCount,membershipQuerySymbolsTotal,membershipQueryTimeUs,stackContentQueryCount,stackContentQuerySymbolsTotal,stackContentQueryTimeUs,srsCheckCount,srsCheckTimeUs,srsCounterexampleCount,automataGeneratedCount,automataGenerationTimeUs,learnerTimeUs,outputValidationTimeUs,status,targetNumOfStates,targetAcceptingStates,hypothesisNumOfStates,hypothesisAcceptingStates
idempotency-accuracy,0,1,idempotency,20,5,2,2,26,0.8,0.3,5,2,0,1,10,112,577918,159649,7982189,238228,1205530,577,213070,1093737,694,0,0,0,10,156186,734679,58277382,validation_failed,20,3,18,2
idempotency-accuracy,1,2,idempotency,13,5,3,2,26,0.8,0.3,5,2,0,1,7,62,366729,103037,5152012,99659,694423,294,90501,639279,293,0,0,0,7,69265,436328,8580625,passed,13,2,13,2
idempotency-accuracy,2,3,idempotency,11,2,3,5,11,0.8,0.3,5,2,0,1,1,1,356383,100000,5000907,121,180,2,122,182,0,0,0,0,1,128,356569,968552,passed,11,0,1,0
idempotency-accuracy,3,4,idempotency,20,4,5,3,21,0.8,0.3,5,2,0,1,1,1,356075,100000,5006127,145,216,2,148,220,0,0,0,0,1,125,356235,1271823,passed,20,0,1,0
idempotency-accuracy,4,5,idempotency,21,4,5,3,21,0.8,0.3,5,2,0,1,1,1,364288,100000,5002490,145,216,1,148,220,0,0,0,0,1,124,364449,1293467,passed,21,0,1,0
idempotency-accuracy,5,6,idempotency,15,3,5,2,16,0.8,0.3,5,2,0,1,6,25,371501,104787,5234382,16411,84097,75,11916,60970,33,0,0,0,6,10118,381837,1444553,passed,15,1,7,1
idempotency-accuracy,6,7,idempotency,10,2,3,4,11,0.8,0.3,5,2,0,1,4,14,365479,101809,5092453,8451,37788,59,6224,28877,6,0,0,0,4,5011,370616,988323,passed,10,1,5,1
idempotency-accuracy,7,8,idempotency,13,2,3,3,11,0.8,0.3,5,2,0,1,6,36,369779,101964,5083529,24768,133090,48,21036,113070,71,0,0,0,6,15872,385921,1148367,passed,13,4,10,4
idempotency-accuracy,8,9,idempotency,20,2,4,3,11,0.8,0.3,5,2,0,1,1,1,364534,100000,4997471,79,117,1,80,119,0,0,0,0,1,86,364685,962224,passed,20,0,1,0
idempotency-accuracy,9,10,idempotency,12,3,2,5,16,0.8,0.3,5,2,0,1,1,1,355156,100000,5008586,171,255,1,173,258,0,0,0,0,1,143,355337,998812,passed,12,0,1,0
idempotency-accuracy,10,11,idempotency,16,5,2,5,26,0.8,0.3,5,2,0,1,9,71,395494,111017,5554399,283836,1395451,640,261380,1295993,741,0,0,0,9,179613,575601,22185335,passed,16,1,14,1
idempotency-accuracy,11,12,idempotency,13,5,4,3,26,0.8,0.3,5,2,0,1,1,1,358425,100000,4997631,175,261,2,179,266,0,0,0,0,1,171,358636,1247175,passed,13,0,1,0
idempotency-accuracy,12,13,idempotency,23,2,4,2,11,0.8,0.3,5,2,0,1,9,75,538562,150736,7529478,96453,1123032,316,73953,829415,293,0,0,0,9,68046,607106,2775316,passed,23,2,17,2
idempotency-accuracy,13,14,idempotency,10,2,2,4,11,0.8,0.3,5,2,0,1,1,1,364086,100000,5011098,97,144,2,98,146,0,0,0,0,1,96,364216,956639,passed,10,0,1,0
idempotency-accuracy,14,15,idempotency,22,3,2,3,16,0.8,0.3,5,2,0,1,1,1,359210,100000,4998394,107,159,2,109,162,1,0,0,0,1,122,359369,1109664,passed,22,0,1,0
idempotency-accuracy,15,16,idempotency,11,4,3,3,21,0.8,0.3,5,2,0,1,6,39,372174,104300,5214317,65300,268093,154,55126,227502,117,0,0,0,6,40072,412445,2213210,passed,11,1,10,1
idempotency-accuracy,16,17,idempotency,19,3,5,4,16,0.8,0.3,5,2,0,1,7,50,640635,179454,8957289,83491,581269,285,75258,531566,330,0,0,0,7,57028,698072,3706774,passed,19,1,11,1
idempotency-accuracy,17,18,idempotency,11,5,2,3,26,0.8,0.3,5,2,0,1,6,30,484251,135588,6773419,52214,532220,146,40289,424870,149,0,0,0,6,35988,520744,3149782,passed,11,1,8,1
idempotency-accuracy,18,19,idempotency,20,4,3,4,21,0.8,0.3,5,2,0,1,12,142,404971,112880,5642192,527045,2598623,1121,478915,2380921,1641,0,0,0,12,335270,740951,34469234,passed,20,2,21,2
idempotency-accuracy,19,20,idempotency,21,4,5,5,21,0.8,0.3,5,2,0,1,1,1,353500,100000,4990925,229,342,0,232,346,0,0,0,0,1,206,353738,1266392,passed,21,0,1,0
idempotency-accuracy,20,21,idempotency,13,5,2,2,26,0.8,0.3,5,2,0,1,1,1,357278,100000,4993796,119,177,1,123,182,0,0,0,0,1,110,357426,1229691,passed,13,0,1,0
idempotency-accuracy,21,22,idempotency,24,2,2,2,11,0.8,0.3,5,2,0,1,1,1,354753,100000,5010526,53,78,0,54,80,0,0,0,0,1,72,354863,1003721,passed,24,0,1,0
idempotency-accuracy,22,23,idempotency,16,4,2,3,21,0.8,0.3,5,2,0,1,1,1,357934,100000,4988547,139,207,1,142,211,0,0,0,0,1,124,358101,1168966,passed,16,0,1,0
idempotency-accuracy,23,24,idempotency,24,5,2,5,26,0.8,0.3,5,2,0,1,1,1,357779,100000,4998748,275,411,2,279,416,0,0,0,0,1,215,358036,2264256,passed,24,0,1,0
idempotency-accuracy,24,25,idempotency,12,4,4,5,21,0.8,0.3,5,2,0,1,8,53,462921,129643,6476534,203194,1390507,548,176754,1194216,716,0,0,0,8,136455,599799,3927492,passed,12,1,12,1
idempotency-accuracy,25,26,idempotency,24,4,4,2,21,0.8,0.3,5,2,0,1,11,112,649609,179569,8983175,247203,1156071,667,190355,886399,972,0,0,0,11,153353,803594,24469258,passed,24,3,17,2
idempotency-accuracy,26,27,idempotency,19,2,2,5,11,0.8,0.3,5,2,0,1,1,1,377891,100000,5009306,119,177,3,120,179,0,0,0,0,1,130,378067,1014433,passed,19,0,1,0
idempotency-accuracy,27,28,idempotency,12,3,3,4,16,0.8,0.3,5,2,0,1,6,34,555452,153119,7643658,54663,255334,282,45826,218129,266,0,0,0,6,34714,590461,1749965,passed,12,1,9,1
idempotency-accuracy,28,29,idempotency,15,5,2,3,26,0.8,0.3,5,2,0,1,1,1,366083,100000,4999899,171,255,0,175,260,0,0,0,0,1,140,366259,1512613,passed,15,0,1,0
idempotency-accuracy,29,30,idempotency,22,3,3,3,16,0.8,0.3,5,2,0,1,13,158,796680,214331,10718125,401553,1841685,2451,344808,1620956,2253,0,0,0,13,257625,1055400,10501225,passed,22,3,19,3
idempotency-accuracy,30,31,idempotency,21,5,2,4,26,0.8,0.3,5,2,0,1,1,1,358634,100000,4998679,223,333,2,227,338,0,0,0,0,1,202,358872,1956691,passed,21,0,1,0
idempotency-accuracy,31,32,idempotency,20,5,3,4,26,0.8,0.3,5,2,0,1,12,128,461994,124410,6211946,590548,4057533,4594,474364,3350376,4654,0,0,0,12,399503,862708,54636388,passed,20,2,18,2
idempotency-accuracy,32,33,idempotency,13,5,2,4,26,0.8,0.3,5,2,0,1,1,1,355712,100000,4991380,223,333,1,227,338,0,0,0,0,1,182,355933,1235151,passed,13,0,1,0
idempotency-accuracy,33,34,idempotency,13,4,4,3,21,0.8,0.3,5,2,0,1,6,27,385763,105985,5301282,37123,273556,122,28580,220578,126,0,0,0,6,24110,410149,2216388,passed,13,1,7,1
idempotency-accuracy,34,35,idempotency,12,5,2,5,26,0.8,0.3,5,2,0,1,8,44,728429,203864,10193142,135751,1756233,452,103373,1203041,310,0,0,0,8,97791,826619,5649563,passed,12,1,9,1
idempotency-accuracy,35,36,idempotency,15,4,4,2,21,0.8,0.3,5,2,0,1,9,59,512801,135184,6767106,109907,656400,290,88066,524922,624,0,0,0,9,70189,583436,4706054,passed,15,1,11,1
idempotency-accuracy,36,37,idempotency,11,5,2,5,26,0.8,0.3,5,2,0,1,11,77,1078610,291987,14600731,376956,2516271,3021,302555,2079400,3006,0,0,0,11,265266,1344610,5420835,passed,11,1,12,1
idempotency-accuracy,37,38,idempotency,12,5,3,5,26,0.8,0.3,5,2,0,1,1,1,360502,100000,5006908,277,414,1,281,419,0,0,0,0,1,244,360788,1265910,passed,12,0,1,0
idempotency-accuracy,38,39,idempotency,14,3,3,2,16,0.8,0.3,5,2,0,1,1,1,372338,100000,4987819,77,114,1,79,117,1,0,0,0,1,112,372492,1012751,passed,14,0,1,0
idempotency-accuracy,39,40,idempotency,23,5,5,3,26,0.8,0.3,5,2,0,1,11,124,556805,152911,7636814,453858,2605195,1445,378950,2296433,1241,0,0,0,11,307330,865329,92550610,passed,23,4,18,4
idempotency-accuracy,40,41,idempotency,11,5,2,4,26,0.8,0.3,5,2,0,1,1,1,355319,100000,4988773,223,333,1,227,338,0,0,0,0,1,173,355530,1252280,passed,11,0,1,0
idempotency-accuracy,41,42,idempotency,22,5,2,4,26,0.8,0.3,5,2,0,1,13,180,634153,174557,8732910,979965,5493585,2831,794025,4484820,3134,0,0,0,13,650755,1286141,98284965,passed,22,1,23,1
idempotency-accuracy,42,43,idempotency,23,2,5,3,11,0.8,0.3,5,2,0,1,13,152,494779,138094,6897617,294411,2508098,694,229395,1924405,920,0,0,0,13,193575,689368,3590448,passed,23,2,19,2
idempotency-accuracy,43,44,idempotency,17,5,3,3,26,0.8,0.3,5,2,0,1,12,113,977811,275020,13719048,436132,2754362,1153,338019,2218690,1290,0,0,0,12,270987,1249545,29266828,passed,17,2,16,2
idempotency-accuracy,44,45,idempotency,12,4,5,2,21,0.8,0.3,5,2,0,1,5,24,368293,103324,5166825,22359,71131,83,20212,65682,47,0,0,0,5,14019,382460,1807122,passed,12,2,7,2
idempotency-accuracy,45,46,idempotency,13,3,2,2,16,0.8,0.3,5,2,0,1,1,1,355055,100000,4996940,75,111,1,77,114,0,0,0,0,1,83,355172,1004647,passed,13,0,1,0
idempotency-accuracy,46,47,idempotency,20,4,5,2,21,0.8,0.3,5,2,0,1,1,1,357204,100000,4994440,103,153,2,106,157,0,0,0,0,1,102,357341,1234762,passed,20,0,1,0
idempotency-accuracy,47,48,idempotency,18,5,3,2,26,0.8,0.3,5,2,0,1,12,129,670175,186936,9356417,302786,1612652,726,276867,1513556,1000,0,0,0,12,204690,875709,27922320,validation_failed,18,2,16,2
idempotency-accuracy,48,49,idempotency,15,3,2,3,16,0.8,0.3,5,2,0,1,4,17,379065,101582,5093719,11600,66509,64,10082,59734,97,0,0,0,4,7900,387238,1493330,passed,15,3,6,1
idempotency-accuracy,49,50,idempotency,14,2,5,3,11,0.8,0.3,5,2,0,1,1,1,369164,100000,4993192,81,120,2,82,122,0,0,0,0,1,113,369316,993067,passed,14,0,1,0
idempotency-accuracy,50,51,idempotency,20,3,3,2,16,0.8,0.3,5,2,0,1,1,1,365736,100000,5006391,77,114,3,79,117,0,0,0,0,1,130,365908,1069929,passed,20,0,1,0
idempotency-accuracy,51,52,idempotency,19,2,5,3,11,0.8,0.3,5,2,0,1,12,109,481372,126227,6317030,205704,1491541,1321,165937,1228681,1742,0,0,0,12,145505,627858,2401667,passed,19,2,16,2
idempotency-accuracy,52,53,idempotency,18,3,3,3,16,0.8,0.3,5,2,0,1,4,16,367942,101676,5082666,12344,90073,69,9341,68222,69,0,0,0,4,8286,376475,1670142,passed,18,1,6,1
idempotency-accuracy,53,54,idempotency,11,3,4,5,16,0.8,0.3,5,2,0,1,3,9,368420,102532,5122922,5294,19353,41,3705,14923,33,0,0,0,3,3454,371986,1082786,passed,11,2,4,2
idempotency-accuracy,54,55,idempotency,17,4,5,2,21,0.8,0.3,5,2,0,1,1,1,363475,100000,5005516,103,153,1,106,157,0,0,0,0,1,102,363617,1177361,passed,17,0,1,0
idempotency-accuracy,55,56,idempotency,19,2,5,2,11,0.8,0.3,5,2,0,1,6,40,756100,207060,10357929,34747,186021,190,30511,165389,216,0,0,0,6,22303,778729,1506029,validation_failed,19,1,11,1
idempotency-accuracy,56,57,idempotency,20,4,3,4,21,0.8,0.3,5,2,0,1,14,162,475236,127732,6369968,799429,4928201,5404,713475,4432203,6487,0,0,0,14,552196,1028656,28202982,passed,20,2,19,2
idempotency-accuracy,57,58,idempotency,10,2,5,3,11,0.8,0.3,5,2,0,1,4,17,433539,114275,5709182,8582,31644,147,7404,28295,43,0,0,0,4,6555,440271,1037401,passed,10,2,6,1
idempotency-accuracy,58,59,idempotency,18,2,3,5,11,0.8,0.3,5,2,0,1,7,39,415331,114780,5753001,55543,213361,220,46767,175953,240,0,0,0,7,34366,449948,1355509,passed,18,1,9,1
idempotency-accuracy,59,60,idempotency,21,3,4,4,16,0.8,0.3,5,2,0,1,8,65,755280,208245,10437256,119632,617826,586,108647,564041,1012,0,0,0,8,78664,834411,4876324,passed,21,1,14,1
idempotency-accuracy,60,61,idempotency,11,4,4,2,21,0.8,0.3,5,2,0,1,1,1,369770,100000,5013430,101,150,2,104,154,0,0,0,0,1,104,369908,1073393,passed,11,0,1,0
idempotency-accuracy,61,62,idempotency,13,2,3,3,11,0.8,0.3,5,2,0,1,1,1,379720,100000,5007596,77,114,1,78,116,0,0,0,0,1,85,379848,1000505,passed,13,0,1,0
idempotency-accuracy,62,63,idempotency,17,2,5,5,11,0.8,0.3,5,2,0,1,9,62,391080,105935,5278137,104481,573797,543,75285,423669,704,0,0,0,9,65133,456537,1666545,passed,17,3,11,3
idempotency-accuracy,63,64,idempotency,18,4,5,4,21,0.8,0.3,5,2,0,1,11,134,558884,150220,7506068,515397,2508981,3929,446126,2237782,4085,0,0,0,11,348816,908507,22521613,passed,18,3,19,3
idempotency-accuracy,64,65,idempotency,16,3,5,2,16,0.8,0.3,5,2,0,1,1,1,366899,100000,4999713,81,120,2,83,123,0,0,0,0,1,103,367045,1081080,passed,16,0,1,0
idempotency-accuracy,65,66,idempotency,11,2,5,5,11,0.8,0.3,5,2,0,1,3,9,379840,101536,5082232,4802,15818,14,3237,11173,25,0,0,0,3,2837,382759,1040679,passed,11,1,4,1
idempotency-accuracy,66,67,idempotency,24,3,4,3,16,0.8,0.3,5,2,0,1,12,107,652613,171504,8580532,290899,1901315,3194,252462,1696357,3269,0,0,0,12,199448,853331,12210939,validation_failed,24,2,17,2
idempotency-accuracy,67,68,idempotency,14,4,5,2,21,0.8,0.3,5,2,0,1,1,1,360782,100000,4997388,103,153,1,106,157,0,0,0,0,1,100,360920,1072472,passed,14,0,1,0
idempotency-accuracy,68,69,idempotency,20,5,3,5,26,0.8,0.3,5,2,0,1,12,123,494236,136227,6801999,665542,4127556,1794,576763,3675113,1906,0,0,0,12,435913,931101,44255234,passed,20,1,16,1
idempotency-accuracy,69,70,idempotency,19,4,4,2,21,0.8,0.3,5,2,0,1,12,117,895508,246123,12301823,259907,1701725,819,206221,1356523,850,0,0,0,12,182127,1078570,12380896,validation_failed,19,1,17,1
idempotency-accuracy,70,71,idempotency,18,3,5,5,16,0.8,0.3,5,2,0,1,11,122,470281,131437,6566616,420182,1758570,1116,389536,1649598,1261,0,0,0,11,267478,738438,8058010,passed,18,1,18,1
idempotency-accuracy,71,72,idempotency,10,5,4,4,26,0.8,0.3,5,2,0,1,8,55,414829,116543,5826686,176777,1401881,549,135734,1104031,553,0,0,0,8,118955,534156,4289819,passed,10,2,11,2
idempotency-accuracy,72,73,idempotency,17,4,4,4,21,0.8,0.3,5,2,0,1,12,104,465478,131083,6539647,326256,2139187,768,269659,1772867,811,0,0,0,12,208239,674444,10552001,passed,17,1,14,1
idempotency-accuracy,73,74,idempotency,24,5,3,3,26,0.8,0.3,5,2,0,1,13,150,441534,124045,6191228,828236,5648837,2064,700720,4840663,2198,0,0,0,13,528934,971612,131448016,validation_failed,24,1,20,1
idempotency-accuracy,74,75,idempotency,15,2,5,3,11,0.8,0.3,5,2,0,1,1,1,358128,100000,5009554,81,120,2,82,122,0,0,0,0,1,107,358276,966158,passed,15,0,1,0
idempotency-accuracy,75,76,idempotency,24,5,5,2,26,0.8,0.3,5,2,0,1,15,186,513666,142676,7142289,809292,5477732,2194,644486,4319774,2302,0,0,0,15,536691,1051852,101180885,passed,24,3,22,3
idempotency-accuracy,76,77,idempotency,15,5,2,2,26,0.8,0.3,5,2,0,1,1,1,386345,100000,4995140,119,177,2,123,182,0,0,0,0,1,130,386517,1297609,passed,15,0,1,0
idempotency-accuracy,77,78,idempotency,23,4,5,2,21,0.8,0.3,5,2,0,1,1,1,357618,100000,5000024,103,153,1,106,157,0,0,0,0,1,103,357760,1345831,passed,23,0,1,0
idempotency-accuracy,78,79,idempotency,19,3,4,5,16,0.8,0.3,5,2,0,1,5,26,396239,110524,5512365,44386,265964,218,34828,203000,92,0,0,0,5,28495,425006,2680540,passed,19,1,8,1
idempotency-accuracy,79,80,idempotency,17,2,4,5,11,0.8,0.3,5,2,0,1,6,27,442471,123748,6188750,29059,195490,74,21063,147024,61,0,0,0,6,18041,460762,1203126,passed,17,1,7,1
idempotency-accuracy,80,81,idempotency,10,3,2,4,16,0.8,0.3,5,2,0,1,1,1,364230,100000,4998684,139,207,2,141,210,0,0,0,0,1,169,364436,1000214,passed,10,0,1,0
idempotency-accuracy,81,82,idempotency,16,4,5,5,21,0.8,0.3,5,2,0,1,11,83,496732,136693,6842007,353101,2278762,878,273294,1747573,826,0,0,0,11,219146,716546,9137102,passed,16,1,13,1
idempotency-accuracy,82,83,idempotency,18,5,2,5,26,0.8,0.3,5,2,0,1,7,55,555786,154130,7707955,187341,939116,364,169900,884228,400,0,0,0,7,118799,675704,16479423,passed,18,1,11,1
idempotency-accuracy,83,84,idempotency,14,3,3,2,16,0.8,0.3,5,2,0,1,1,1,353048,100000,4995495,77,114,1,79,117,0,0,0,0,1,85,353173,1010589,passed,14,0,1,0
idempotency-accuracy,84,85,idempotency,16,2,3,2,11,0.8,0.3,5,2,0,1,7,46,705208,193957,9709122,27194,224186,51,25693,209492,160,0,0,0,7,20381,726035,1234543,passed,16,1,10,1
idempotency-accuracy,85,86,idempotency,23,2,2,2,11,0.8,0.3,5,2,0,1,1,1,365706,100000,4991388,53,78,1,54,80,0,0,0,0,1,75,365819,972749,passed,23,0,1,0
idempotency-accuracy,86,87,idempotency,15,3,5,5,16,0.8,0.3,5,2,0,1,8,49,365700,102277,5087316,136346,936789,257,106740,709254,488,0,0,0,8,90066,456145,2363123,passed,15,1,10,1
idempotency-accuracy,87,88,idempotency,24,2,5,3,11,0.8,0.3,5,2,0,1,14,181,868334,233023,11658452,515552,3448306,1454,447067,2947683,1344,0,0,0,14,348831,1218598,4730348,passed,24,1,22,1
idempotency-accuracy,88,89,idempotency,16,4,2,3,21,0.8,0.3,5,2,0,1,12,137,512947,143236,7174280,345317,1839459,660,320104,1735205,1019,0,0,0,12,225999,739823,11672062,passed,16,1,17,1
idempotency-accuracy,89,90,idempotency,14,3,4,5,16,0.8,0.3,5,2,0,1,7,43,383581,106440,5335603,110207,553335,207,99765,507531,365,0,0,0,7,71233,455546,2436492,validation_failed,14,1,11,1
idempotency-accuracy,90,91,idempotency,18,4,4,4,21,0.8,0.3,5,2,0,1,11,104,827129,222914,11140593,425152,2373569,1162,329735,1821572,919,0,0,0,11,260201,1088318,16907276,passed,18,2,16,2
idempotency-accuracy,91,92,idempotency,20,4,5,4,21,0.8,0.3,5,2,0,1,13,123,488228,134814,6748616,520853,2524097,1490,421370,2097155,1645,0,0,0,13,325400,814493,22601255,passed,20,2,17,2
idempotency-accuracy,92,93,idempotency,22,5,2,2,26,0.8,0.3,5,2,0,1,1,1,353701,100000,4984519,119,177,2,123,182,0,0,0,0,1,110,353843,1850856,passed,22,0,1,0
idempotency-accuracy,93,94,idempotency,22,4,2,3,21,0.8,0.3,5,2,0,1,1,1,360688,100000,5005902,139,207,2,142,211,0,0,0,0,1,124,360900,1293385,passed,22,0,1,0
idempotency-accuracy,94,95,idempotency,15,3,5,4,16,0.8,0.3,5,2,0,1,1,1,375022,100000,4986427,145,216,1,147,219,0,0,0,0,1,119,375178,1040745,passed,15,0,1,0
idempotency-accuracy,95,96,idempotency,22,4,4,2,21,0.8,0.3,5,2,0,1,14,166,775231,202117,10133077,406847,1773753,1099,353928,1573455,1305,0,0,0,14,257486,1033789,26063582,passed,22,1,19,1
idempotency-accuracy,96,97,idempotency,12,5,3,5,26,0.8,0.3,5,2,0,1,10,77,493740,136753,6842315,382033,2292792,996,313926,1868532,1195,0,0,0,10,240875,735251,9928483,passed,12,1,13,1
idempotency-accuracy,97,98,idempotency,18,4,2,5,21,0.8,0.3,5,2,0,1,12,98,447354,124337,6192662,433340,2852487,1235,342882,2274832,1126,0,0,0,12,282306,730404,10590876,passed,18,1,14,1
idempotency-accuracy,98,99,idempotency,16,5,3,2,26,0.8,0.3,5,2,0,1,7,52,461241,128973,6440697,80525,416428,221,65872,348240,241,0,0,0,7,49722,511341,8905883,passed,16,1,11,1
idempotency-accuracy,99,100,idempotency,20,2,5,5,11,0.8,0.3,5,2,0,1,8,48,474566,126279,6314885,76612,411880,658,58051,320292,502,0,0,0,8,49755,524786,1568276,passed,20,2,10,2
idempotency-accuracy,100,101,idempotency,16,5,3,4,26,0.8,0.3,5,2,0,1,11,114,454814,126696,6324632,550851,2721427,1248,426279,2143426,1123,0,0,0,11,334955,790389,34454079,passed,16,3,17,3
idempotency-accuracy,101,102,idempotency,18,5,4,4,26,0.8,0.3,5,2,0,1,11,99,805667,226835,11345643,315552,1808417,840,290190,1683071,853,0,0,0,11,213513,1020269,15996402,passed,18,1,14,1
idempotency-accuracy,102,103,idempotency,20,3,5,5,16,0.8,0.3,5,2,0,1,11,123,692353,194437,9721059,513698,3494750,1370,386957,2730685,1076,0,0,0,11,317287,1010451,9935714,passed,20,2,20,2
idempotency-accuracy,103,104,idempotency,10,3,3,5,16,0.8,0.3,5,2,0,1,1,1,354892,100000,5007787,173,258,1,175,261,0,0,0,0,1,137,355065,1002737,passed,10,0,1,0
idempotency-accuracy,104,105,idempotency,14,3,4,3,16,0.8,0.3,5,2,0,1,9,62,621942,167406,8383026,90927,423879,318,83063,394933,310,0,0,0,9,61499,683978,2088550,validation_failed,14,3,11,2
idempotency-accuracy,105,106,idempotency,23,4,5,3,21,0.8,0.3,5,2,0,1,14,151,909474,253026,12638523,608605,5053415,1743,517512,4182131,1788,0,0,0,14,418978,1329553,40033317,validation_failed,23,1,19,1
idempotency-accuracy,106,107,idempotency,18,2,3,4,11,0.8,0.3,5,2,0,1,6,32,415736,102646,5124617,25860,100625,64,21400,86167,114,0,0,0,6,19013,434988,1337016,passed,18,3,8,3
idempotency-accuracy,107,108,idempotency,13,5,3,5,26,0.8,0.3,5,2,0,1,8,67,408879,110289,5514179,301491,1451248,718,228980,1138574,621,0,0,0,8,188320,597609,13013088,passed,13,2,13,2
idempotency-accuracy,108,109,idempotency,16,3,3,3,16,0.8,0.3,5,2,0,1,1,1,371902,100000,5008386,109,162,1,111,165,0,0,0,0,1,107,372048,1063493,passed,16,0,1,0
idempotency-accuracy,109,110,idempotency,12,5,3,5,26,0.8,0.3,5,2,0,1,1,1,370248,100000,4995151,277,414,1,281,419,0,0,0,0,1,211,370499,1228409,passed,12,0,1,0
idempotency-accuracy,110,111,idempotency,15,2,2,2,11,0.8,0.3,5,2,0,1,8,52,479994,131875,6596554,35301,287836,103,25739,212268,73,0,0,0,8,23305,503726,1329781,passed,15,2,11,2
idempotency-accuracy,111,112,idempotency,24,5,2,4,26,0.8,0.3,5,2,0,1,20,297,584662,161460,8076769,1954029,11419376,8601,1841398,10862882,9964,0,0,0,20,1333924,1920429,241188752,passed,24,1,25,1
idempotency-accuracy,112,113,idempotency,19,2,4,4,11,0.8,0.3,5,2,0,1,1,1,368197,100000,5009262,101,150,1,102,152,0,0,0,0,1,119,368354,1045728,passed,19,0,1,0
idempotency-accuracy,113,114,idempotency,16,5,4,4,26,0.8,0.3,5,2,0,1,10,114,573960,150497,7518448,412397,1823675,3896,372443,1677169,5046,0,0,0,10,286801,861416,29663188,passed,16,2,17,2
idempotency-accuracy,114,115,idempotency,21,2,5,4,11,0.8,0.3,5,2,0,1,1,1,352039,100000,5020041,103,153,2,104,155,0,0,0,0,1,123,352194,996447,passed,21,0,1,0
idempotency-accuracy,115,116,idempotency,18,5,2,4,26,0.8,0.3,5,2,0,1,8,71,450476,126610,6324667,230625,1540972,761,211906,1440355,949,0,0,0,8,156153,607096,23360505,passed,18,1,13,1
idempotency-accuracy,116,117,idempotency,19,2,2,3,11,0.8,0.3,5,2,0,1,1,1,355964,100000,4998213,75,111,2,76,113,0,0,0,0,1,138,356142,971888,passed,19,0,1,0
idempotency-accuracy,117,118,idempotency,24,5,5,3,26,0.8,0.3,5,2,0,1,1,1,355777,100000,5007613,177,264,2,181,269,0,0,0,0,1,145,355958,2078262,passed,24,0,1,0
idempotency-accuracy,118,119,idempotency,11,4,4,4,21,0.8,0.3,5,2,0,1,5,29,383746,106547,5329089,46106,199786,96,41311,190713,138,0,0,0,5,28620,413180,2010452,passed,11,1,8,1
idempotency-accuracy,119,120,idempotency,18,2,4,5,11,0.8,0.3,5,2,0,1,6,34,383878,106830,5347803,48922,255094,95,40021,197469,64,0,0,0,6,30907,415047,1503076,passed,18,1,10,1
idempotency-accuracy,120,121,idempotency,22,3,2,5,16,0.8,0.3,5,2,0,1,1,1,356848,100000,4999573,171,255,2,173,258,0,0,0,0,1,139,357025,1112968,passed,22,0,1,0
idempotency-accuracy,121,122,idempotency,14,4,4,4,21,0.8,0.3,5,2,0,1,7,54,481982,132262,6621175,136370,721135,410,106935,575356,407,0,0,0,7,89243,571637,5251884,passed,14,2,12,2
idempotency-accuracy,122,123,idempotency,17,3,4,4,16,0.8,0.3,5,2,0,1,7,50,381640,107512,5351623,119997,711948,250,97124,591267,322,0,0,0,7,73880,455915,4090394,passed,17,1,13,1
idempotency-accuracy,123,124,idempotency,14,2,3,5,11,0.8,0.3,5,2,0,1,6,37,417304,116907,5843129,45333,208878,98,41059,193011,153,0,0,0,6,28618,446155,1193388,passed,14,1,9,1
idempotency-accuracy,124,125,idempotency,10,3,4,5,16,0.8,0.3,5,2,0,1,5,24,390371,108828,5444225,33441,183267,73,30108,172713,153,0,0,0,5,22628,413206,1204521,passed,10,1,7,1
idempotency-accuracy,125,126,idempotency,22,5,4,3,26,0.8,0.3,5,2,0,1,13,154,614822,170528,8542610,765797,5364990,2082,610461,4366515,2100,0,0,0,13,491489,1107396,57568543,passed,22,1,21,1
idempotency-accuracy,126,127,idempotency,10,2,4,2,11,0.8,0.3,5,2,0,1,5,20,366337,102593,5145089,8086,31305,9,6289,24546,12,0,0,0,5,4803,371303,991447,passed,10,1,6,1
idempotency-accuracy,127,128,idempotency,11,5,3,4,26,0.8,0.3,5,2,0,1,1,1,357806,100000,4995751,225,336,2,229,341,0,0,0,0,1,181,358026,1192958,passed,11,0,1,0
idempotency-accuracy,128,129,idempotency,12,5,2,4,26,0.8,0.3,5,2,0,1,8,57,395544,110251,5521253,184892,881445,466,145748,710793,390,0,0,0,8,112370,508540,6901984,passed,12,2,12,1
idempotency-accuracy,129,130,idempotency,24,3,3,5,16,0.8,0.3,5,2,0,1,1,1,356028,100000,5013996,173,258,2,175,261,0,0,0,0,1,146,356214,1148408,passed,24,0,1,0
idempotency-accuracy,130,131,idempotency,12,4,2,5,21,0.8,0.3,5,2,0,1,7,35,446341,124821,6257798,78876,812538,263,59486,633086,170,0,0,0,7,54638,501575,2228759,passed,12,1,8,1
idempotency-accuracy,131,132,idempotency,20,4,3,4,21,0.8,0.3,5,2,0,1,1,1,357186,100000,5002480,183,273,2,186,277,0,0,0,0,1,148,357370,1321577,passed,20,0,1,0
idempotency-accuracy,132,133,idempotency,12,2,2,3,11,0.8,0.3,5,2,0,1,3,11,354942,100527,5024400,4259,34273,67,3609,29466,9,0,0,0,3,2963,358128,988825,passed,12,1,5,1
idempotency-accuracy,133,134,idempotency,20,4,2,5,21,0.8,0.3,5,2,0,1,14,177,421613,117645,5896663,917352,4160025,2477,697145,3168315,2415,0,0,0,14,553658,976126,35589072,validation_failed,20,4,20,4
idempotency-accuracy,134,135,idempotency,17,5,5,5,26,0.8,0.3,5,2,0,1,1,1,370255,100000,4988480,281,420,3,285,425,0,0,0,0,1,224,370525,1494935,passed,17,0,1,0
idempotency-accuracy,135,136,idempotency,24,3,4,3,16,0.8,0.3,5,2,0,1,14,142,558235,156490,7820562,408719,2164289,977,328985,1764162,1101,0,0,0,14,251706,810869,17284206,passed,24,2,19,2
idempotency-accuracy,136,137,idempotency,15,4,3,5,21,0.8,0.3,5,2,0,1,11,92,676326,183624,9167959,406322,2284717,1171,315739,1796055,1077,0,0,0,11,269462,946465,8356311,passed,15,1,14,1
idempotency-accuracy,137,138,idempotency,21,3,3,3,16,0.8,0.3,5,2,0,1,8,62,373356,104627,5242451,105996,600864,307,89440,503588,321,0,0,0,8,67134,440926,5621506,passed,21,1,12,1
idempotency-accuracy,138,139,idempotency,16,2,2,2,11,0.8,0.3,5,2,0,1,1,1,353710,100000,4996647,53,78,1,54,80,0,0,0,0,1,82,353828,968607,passed,16,0,1,0
idempotency-accuracy,139,140,idempotency,11,4,5,4,21,0.8,0.3,5,2,0,1,1,1,353565,100000,4998934,187,279,1,190,283,8,0,0,0,1,165,353761,1038046,passed,11,0,1,0
idempotency-accuracy,140,141,idempotency,12,3,3,5,16,0.8,0.3,5,2,0,1,9,62,470226,127862,6379938,163237,746686,411,130310,598367,366,0,0,0,9,99899,570710,1874240,validation_failed,12,1,11,1
idempotency-accuracy,141,142,idempotency,12,3,5,5,16,0.8,0.3,5,2,0,1,1,1,359198,100000,5010108,177,264,2,179,267,0,0,0,0,1,157,359394,997558,passed,12,0,1,0
idempotency-accuracy,142,143,idempotency,12,3,3,3,16,0.8,0.3,5,2,0,1,6,37,445128,125150,6281351,39001,196423,131,35295,181905,78,0,0,0,6,24935,470362,1524772,passed,12,1,9,1
idempotency-accuracy,143,144,idempotency,16,2,4,2,11,0.8,0.3,5,2,0,1,1,1,359892,100000,5005082,57,84,0,58,86,0,0,0,0,1,82,360021,966998,passed,16,0,1,0
idempotency-accuracy,144,145,idempotency,15,3,4,5,16,0.8,0.3,5,2,0,1,9,54,526401,147184,7358134,119868,583324,269,92026,450788,296,0,0,0,9,71422,598271,2132463,validation_failed,15,1,10,1
idempotency-accuracy,145,146,idempotency,14,4,3,4,21,0.8,0.3,5,2,0,1,1,1,354541,100000,4992160,183,273,1,186,277,0,0,0,0,1,160,354732,1103774,passed,14,0,1,0
idempotency-accuracy,146,147,idempotency,14,2,5,3,11,0.8,0.3,5,2,0,1,9,64,392016,108953,5462513,82888,592605,193,60208,443980,231,0,0,0,9,51125,443713,1364107,passed,14,2,12,2
idempotency-accuracy,147,148,idempotency,11,5,5,4,26,0.8,0.3,5,2,0,1,6,47,406855,111422,5584471,140228,765925,519,125880,702723,486,0,0,0,6,101412,508625,7190806,passed,11,1,12,1
idempotency-accuracy,148,149,idempotency,11,2,3,5,11,0.8,0.3,5,2,0,1,1,1,354000,100000,4992564,121,180,2,122,182,0,0,0,0,1,149,354187,974404,passed,11,0,1,0
idempotency-accuracy,149,150,idempotency,11,4,5,3,21,0.8,0.3,5,2,0,1,8,52,536567,151226,7542226,127185,625880,320,110699,543508,416,0,0,0,8,79292,616224,2810384,passed,11,1,11,1
idempotency-accuracy,150,151,idempotency,17,4,3,3,21,0.8,0.3,5,2,0,1,8,55,670457,184865,9247394,125243,473928,329,110871,420631,388,0,0,0,8,77702,748520,6119418,validation_failed,17,1,11,1
idempotency-accuracy,151,152,idempotency,20,5,5,3,26,0.8,0.3,5,2,0,1,13,113,531909,144733,7232308,397836,2791871,1044,317548,2203966,1123,0,0,0,13,250252,782970,38626967,validation_failed,20,1,16,1
idempotency-accuracy,152,153,idempotency,22,2,2,2,11,0.8,0.3,5,2,0,1,6,34,391245,109541,5487982,23867,150751,76,17724,105007,84,0,0,0,6,15045,406636,1628970,passed,22,2,11,2
idempotency-accuracy,153,154,idempotency,14,3,3,3,16,0.8,0.3,5,2,0,1,1,1,358160,100000,4989777,109,162,1,111,165,0,0,0,0,1,117,358313,993060,passed,14,0,1,0
idempotency-accuracy,154,155,idempotency,19,3,4,5,16,0.8,0.3,5,2,0,1,9,104,513396,143360,7173558,331681,1482157,841,301365,1347069,880,0,0,0,9,206745,720785,9498039,passed,19,1,19,1
idempotency-accuracy,155,156,idempotency,16,2,4,3,11,0.8,0.3,5,2,0,1,3,13,377599,106701,5325828,6456,19952,0,5701,17741,24,0,0,0,3,3944,381629,1067155,passed,16,1,6,1
idempotency-accuracy,156,157,idempotency,14,5,4,5,26,0.8,0.3,5,2,0,1,7,54,535857,149030,7440624,178639,717001,418,163351,666158,545,0,0,0,7,109661,645853,9575762,validation_failed,14,1,11,1
idempotency-accuracy,157,158,idempotency,23,4,2,4,21,0.8,0.3,5,2,0,1,1,1,355179,100000,4992152,181,270,0,184,274,0,0,0,0,1,147,355364,1385111,passed,23,0,1,0
idempotency-accuracy,158,159,idempotency,17,5,5,5,26,0.8,0.3,5,2,0,1,8,61,431310,117847,5879575,300018,1691660,726,216963,1194727,827,0,0,0,8,180436,612215,21526068,passed,17,3,12,3
idempotency-accuracy,159,160,idempotency,10,4,5,2,21,0.8,0.3,5,2,0,1,5,24,426335,119061,5963095,18649,118470,63,16460,108152,54,0,0,0,5,12104,438664,1506964,passed,10,1,7,1
idempotency-accuracy,160,161,idempotency,22,5,5,5,26,0.8,0.3,5,2,0,1,14,149,535515,147219,7364533,1114680,5806927,3258,912497,4664641,3106,0,0,0,14,702229,1239027,81260042,passed,22,1,20,1
idempotency-accuracy,161,162,idempotency,24,5,4,3,26,0.8,0.3,5,2,0,1,1,1,371698,100000,4996436,175,261,1,179,266,0,0,0,0,1,142,371885,2014829,passed,24,0,1,0
idempotency-accuracy,162,163,idempotency,17,4,5,5,21,0.8,0.3,5,2,0,1,7,51,422426,115979,5804484,196076,1057721,501,149055,788377,532,0,0,0,7,122276,545067,9374931,passed,17,1,12,1
idempotency-accuracy,163,164,idempotency,16,4,3,2,21,0.8,0.3,5,2,0,1,1,1,376736,100000,4996040,99,147,2,102,151,0,0,0,0,1,98,376872,1151224,passed,16,0,1,0
idempotency-accuracy,164,165,idempotency,16,4,2,4,21,0.8,0.3,5,2,0,1,1,1,356687,100000,5012387,181,270,2,184,274,21,0,0,0,1,167,356898,1174081,passed,16,0,1,0
idempotency-accuracy,165,166,idempotency,22,3,3,4,16,0.8,0.3,5,2,0,1,1,1,358849,100000,5002222,141,210,2,143,213,0,0,0,0,1,124,359014,1124777,passed,22,0,1,0
idempotency-accuracy,166,167,idempotency,14,4,3,5,21,0.8,0.3,5,2,0,1,7,41,379208,105667,5282063,95653,1144771,318,70031,866024,289,0,0,0,7,69044,448648,3597360,passed,14,3,9,3
idempotency-accuracy,167,168,idempotency,21,5,3,3,26,0.8,0.3,5,2,0,1,6,43,611386,169906,8499523,91866,395798,238,77811,334444,223,0,0,0,6,58414,670143,18839832,validation_failed,21,1,12,1
idempotency-accuracy,168,169,idempotency,24,3,3,2,16,0.8,0.3,5,2,0,1,8,49,371900,103634,5187127,64704,422771,240,51311,347682,149,0,0,0,8,40791,413138,3928963,passed,24,1,10,1
idempotency-accuracy,169,170,idempotency,12,5,2,2,26,0.8,0.3,5,2,0,1,5,28,368747,103773,5190270,34105,140686,76,27403,112408,76,0,0,0,5,19963,388895,3811038,passed,12,1,9,1
idempotency-accuracy,170,171,idempotency,13,2,4,3,11,0.8,0.3,5,2,0,1,7,44,659104,183008,9151802,44776,224112,127,38776,200757,138,0,0,0,7,28668,688164,1138450,passed,13,1,10,1
idempotency-accuracy,171,172,idempotency,23,3,4,5,16,0.8,0.3,5,2,0,1,12,163,641301,180165,9017047,607737,4117159,1730,545146,3742484,2030,0,0,0,12,406623,1049027,19082994,passed,23,2,21,2
idempotency-accuracy,172,173,idempotency,24,2,5,3,11,0.8,0.3,5,2,0,1,6,27,372239,101909,5111018,18247,327596,174,13319,235386,93,0,0,0,6,15219,387859,1566397,passed,24,1,7,1
idempotency-accuracy,173,174,idempotency,19,3,2,4,16,0.8,0.3,5,2,0,1,12,122,408036,113928,5690426,278172,1794774,734,255911,1665672,1010,0,0,0,12,188283,597059,6468297,passed,19,2,18,1
idempotency-accuracy,174,175,idempotency,16,2,4,5,11,0.8,0.3,5,2,0,1,1,1,355637,100000,4992694,123,183,2,124,185,0,0,0,0,1,116,355797,975847,passed,16,0,1,0
idempotency-accuracy,175,176,idempotency,20,3,3,2,16,0.8,0.3,5,2,0,1,12,142,571366,158826,7926805,295261,1342351,768,253883,1175076,711,0,0,0,12,183678,755899,7300055,passed,20,2,19,2
idempotency-accuracy,176,177,idempotency,15,5,2,4,26,0.8,0.3,5,2,0,1,1,1,360620,100000,4995652,223,333,2,227,338,0,0,0,0,1,175,360851,1369566,passed,15,0,1,0
idempotency-accuracy,177,178,idempotency,11,3,5,5,16,0.8,0.3,5,2,0,1,2,5,366603,100466,5036338,2927,20510,3,2280,16646,13,0,0,0,2,1980,368747,1067664,passed,11,1,3,1
idempotency-accuracy,178,179,idempotency,12,5,5,4,26,0.8,0.3,5,2,0,1,1,1,364592,100000,5001465,229,342,1,233,347,0,0,0,0,1,177,364809,1252372,passed,12,0,1,0
idempotency-accuracy,179,180,idempotency,12,4,5,3,21,0.8,0.3,5,2,0,1,5,23,401933,112368,5620776,29397,139054,89,23791,115673,40,0,0,0,5,17699,419842,2050904,passed,12,2,7,2
idempotency-accuracy,180,181,idempotency,21,3,3,3,16,0.8,0.3,5,2,0,1,1,1,360084,100000,4984265,109,162,1,111,165,0,0,0,0,1,103,360232,1052267,passed,21,0,1,0
idempotency-accuracy,181,182,idempotency,23,4,5,3,21,0.8,0.3,5,2,0,1,11,132,412399,115744,5793516,449918,3282249,1056,339253,2490269,1080,0,0,0,11,283474,696517,43841058,passed,23,6,24,6
idempotency-accuracy,182,183,idempotency,19,2,3,3,11,0.8,0.3,5,2,0,1,10,88,375873,104350,5223128,133738,1040311,401,116208,934502,384,0,0,0,10,90513,467043,2089797,passed,19,3,14,3
idempotency-accuracy,183,184,idempotency,15,2,2,5,11,0.8,0.3,5,2,0,1,11,87,485472,136527,6817022,173317,1017660,544,142080,829554,521,0,0,0,11,110157,596252,1545127,passed,15,2,13,2
idempotency-accuracy,184,185,idempotency,20,3,4,3,16,0.8,0.3,5,2,0,1,11,106,979866,251280,12555218,269239,1397271,748,217648,1090541,840,0,0,0,11,182280,1162924,8522460,passed,20,1,17,1
idempotency-accuracy,185,186,idempotency,20,2,5,3,11,0.8,0.3,5,2,0,1,1,1,366126,100000,4999094,81,120,2,82,122,0,0,0,0,1,88,366266,1011102,passed,20,0,1,0
idempotency-accuracy,186,187,idempotency,10,4,4,5,21,0.8,0.3,5,2,0,1,1,1,375003,100000,5002984,227,339,2,230,343,0,0,0,0,1,238,375288,1041417,passed,10,0,1,0
idempotency-accuracy,187,188,idempotency,17,4,3,5,21,0.8,0.3,5,2,0,1,1,1,373356,100000,5012367,225,336,2,228,340,0,0,0,0,1,174,373571,1236125,passed,17,0,1,0
idempotency-accuracy,188,189,idempotency,17,2,3,5,11,0.8,0.3,5,2,0,1,7,35,635527,172300,8620884,47332,547646,158,35628,416000,106,0,0,0,7,35015,671018,1293491,passed,17,1,8,1
idempotency-accuracy,189,190,idempotency,18,2,5,3,11,0.8,0.3,5,2,0,1,7,45,434771,115914,5795319,36891,212752,88,32797,189229,152,0,0,0,7,25043,460166,1355223,validation_failed,18,1,11,1
idempotency-accuracy,190,191,idempotency,10,5,2,4,26,0.8,0.3,5,2,0,1,9,60,835412,227740,11390929,208265,1300413,526,166785,1054979,848,0,0,0,9,143501,979458,4443408,passed,10,1,11,1
idempotency-accuracy,191,192,idempotency,23,5,3,4,26,0.8,0.3,5,2,0,1,10,95,607495,164708,8259252,324595,2171573,1202,298812,2036427,1252,0,0,0,10,231579,839935,61340676,passed,23,1,15,1
idempotency-accuracy,192,193,idempotency,18,4,4,4,21,0.8,0.3,5,2,0,1,7,42,428259,119331,5973186,77439,347343,182,70124,321988,202,0,0,0,7,50650,479272,5442111,passed,18,1,9,1
idempotency-accuracy,193,194,idempotency,16,4,4,3,21,0.8,0.3,5,2,0,1,12,114,469325,125452,6263017,415758,2586167,4843,355735,2256947,5710,0,0,0,12,296300,766748,12630870,passed,16,2,16,2
idempotency-accuracy,194,195,idempotency,18,5,3,3,26,0.8,0.3,5,2,0,1,9,57,440523,124416,6205339,172203,779272,344,139481,628078,552,0,0,0,9,104117,544971,16769810,validation_failed,18,1,11,1
idempotency-accuracy,195,196,idempotency,24,2,2,5,11,0.8,0.3,5,2,0,1,5,19,356092,101132,5055543,17890,122287,53,13046,91110,15,0,0,0,5,11445,367728,1394784,passed,24,1,6,1
idempotency-accuracy,196,197,idempotency,16,2,5,2,11,0.8,0.3,5,2,0,1,8,62,389664,109905,5493221,48188,307086,179,36136,227863,223,0,0,0,8,29248,419264,1391404,passed,16,3,14,3
idempotency-accuracy,197,198,idempotency,16,5,3,4,26,0.8,0.3,5,2,0,1,1,1,357603,100000,4980126,225,336,9,229,341,0,0,0,0,1,201,357846,1403519,passed,16,0,1,0
idempotency-accuracy,198,199,idempotency,10,4,2,5,21,0.8,0.3,5,2,0,1,4,20,368941,100449,5028463,29371,114581,60,23913,96436,112,0,0,0,4,18533,387605,1658046,passed,10,3,7,3
idempotency-accuracy,199,200,idempotency,17,3,2,2,16,0.8,0.3,5,2,0,1,7,38,398853,109571,5483019,37357,411750,123,29815,325191,96,0,0,0,7,26458,425743,1937239,passed,17,1,9,1
idempotency-accuracy,200,201,idempotency,12,3,2,3,16,0.8,0.3,5,2,0,1,1,1,360939,100000,5022183,107,159,2,109,162,0,0,0,0,1,126,361104,970609,passed,12,0,1,0
idempotency-accuracy,201,202,idempotency,12,5,2,2,26,0.8,0.3,5,2,0,1,7,48,514744,142427,7118728,75867,575440,232,59196,463100,132,0,0,0,7,48398,563490,5844011,passed,12,2,11,2
idempotency-accuracy,202,203,idempotency,15,3,2,4,16,0.8,0.3,5,2,0,1,1,1,378488,100000,4997950,139,207,2,141,210,0,0,0,0,1,124,378651,1050472,passed,15,0,1,0
idempotency-accuracy,203,204,idempotency,13,2,3,3,11,0.8,0.3,5,2,0,1,1,1,370179,100000,4993234,77,114,14,78,116,0,0,0,0,1,100,370320,996533,passed,13,0,1,0
idempotency-accuracy,204,205,idempotency,22,2,4,2,11,0.8,0.3,5,2,0,1,8,55,414814,114259,5709094,49982,655494,639,37599,521473,496,0,0,0,8,38099,453591,2196929,passed,22,1,14,1
idempotency-accuracy,205,206,idempotency,17,4,2,2,21,0.8,0.3,5,2,0,1,1,1,371017,100000,5005228,97,144,1,100,148,0,0,0,0,1,100,371187,1153499,passed,17,0,1,0
idempotency-accuracy,206,207,idempotency,11,4,3,2,21,0.8,0.3,5,2,0,1,7,62,374908,103754,5195095,75344,264159,234,68640,246105,132,0,0,0,7,48059,423250,2829458,passed,11,1,12,1
idempotency-accuracy,207,208,idempotency,14,4,4,5,21,0.8,0.3,5,2,0,1,8,61,379031,101895,5113496,211025,1186072,1241,151462,855510,1195,0,0,0,8,131100,510454,7460227,passed,14,2,13,2
idempotency-accuracy,208,209,idempotency,21,3,2,3,16,0.8,0.3,5,2,0,1,1,1,382062,100000,5005632,107,159,2,109,162,0,0,0,0,1,136,382237,1129010,passed,21,0,1,0
idempotency-accuracy,209,210,idempotency,10,5,2,3,26,0.8,0.3,5,2,0,1,1,1,354084,100000,4993842,171,255,1,175,260,0,0,0,0,1,142,354263,1128909,passed,10,0,1,0
idempotency-accuracy,210,211,idempotency,22,4,4,4,21,0.8,0.3,5,2,0,1,12,114,915433,256938,12855068,368823,1993240,712,341057,1852777,979,0,0,0,12,235498,1151820,19775566,validation_failed,22,1,17,1
idempotency-accuracy,211,212,idempotency,20,3,4,2,16,0.8,0.3,5,2,0,1,9,79,406212,112604,5633199,112652,681210,308,83634,486526,440,0,0,0,9,69762,476441,5211560,passed,20,1,16,1
idempotency-accuracy,212,213,idempotency,22,2,2,3,11,0.8,0.3,5,2,0,1,14,146,447061,122722,6139451,374653,4208849,1463,302782,3378050,1198,0,0,0,14,288966,737500,3097577,passed,22,1,19,1
idempotency-accuracy,213,214,idempotency,22,3,3,4,16,0.8,0.3,5,2,0,1,1,1,357720,100000,4988934,141,210,1,143,213,0,0,0,0,1,129,357887,1062247,passed,22,0,1,0
idempotency-accuracy,214,215,idempotency,18,4,2,4,21,0.8,0.3,5,2,0,1,1,1,354475,100000,4989366,181,270,0,184,274,0,0,0,0,1,144,354661,1214235,passed,18,0,1,0
idempotency-accuracy,215,216,idempotency,19,4,5,3,21,0.8,0.3,5,2,0,1,11,121,512457,135990,6806222,334125,1985813,689,300043,1826437,1190,0,0,0,11,216625,729787,23789771,passed,19,2,19,2
idempotency-accuracy,216,217,idempotency,15,2,3,4,11,0.8,0.3,5,2,0,1,5,20,375010,103225,5161632,12374,121260,53,9339,96862,31,0,0,0,5,8570,383854,1103374,passed,15,1,6,1
idempotency-accuracy,217,218,idempotency,18,4,4,5,21,0.8,0.3,5,2,0,1,9,92,553777,155062,7750116,322304,1537285,712,297333,1432911,972,0,0,0,9,206049,760448,15685666,passed,18,1,16,1
idempotency-accuracy,218,219,idempotency,24,2,3,5,11,0.8,0.3,5,2,0,1,1,1,356881,100000,5004192,121,180,0,122,182,0,0,0,0,1,112,357036,997021,passed,24,0,1,0
idempotency-accuracy,219,220,idempotency,11,2,5,2,11,0.8,0.3,5,2,0,1,5,22,365644,103162,5159786,9397,79769,18,7196,61500,23,0,0,0,5,6148,372080,1010622,passed,11,1,7,1
idempotency-accuracy,220,221,idempotency,11,4,2,4,21,0.8,0.3,5,2,0,1,1,1,355575,100000,5009829,181,270,2,184,274,0,0,0,0,1,152,355768,1072779,passed,11,0,1,0
idempotency-accuracy,221,222,idempotency,21,3,5,4,16,0.8,0.3,5,2,0,1,10,98,407321,114979,5729199,238836,1177744,597,214322,1068340,658,0,0,0,10,147706,555512,9531662,passed,21,2,16,2
idempotency-accuracy,222,223,idempotency,24,3,4,5,16,0.8,0.3,5,2,0,1,13,191,974545,272224,13596132,943674,5748940,2576,812193,5058714,2462,0,0,0,13,605059,1580983,30245983,passed,24,3,24,3
idempotency-accuracy,223,224,idempotency,15,3,5,3,16,0.8,0.3,5,2,0,1,1,1,357269,100000,5008194,113,168,2,115,171,0,0,0,0,1,109,357414,1012560,passed,15,0,1,0
idempotency-accuracy,224,225,idempotency,19,2,4,4,11,0.8,0.3,5,2,0,1,10,88,490755,136918,6842276,190367,1570520,628,148179,1288374,505,0,0,0,10,123555,615123,2194039,passed,19,3,17,3
idempotency-accuracy,225,226,idempotency,10,4,2,5,21,0.8,0.3,5,2,0,1,6,27,691702,190292,9507537,49403,221196,88,36434,177199,91,0,0,0,6,29229,721151,1645213,passed,10,1,7,1
idempotency-accuracy,226,227,idempotency,18,2,2,4,11,0.8,0.3,5,2,0,1,1,1,362553,100000,4995822,97,144,1,98,146,0,0,0,0,1,98,362690,965712,passed,18,0,1,0
idempotency-accuracy,227,228,idempotency,13,2,5,3,11,0.8,0.3,5,2,0,1,6,38,400982,109039,5442215,30643,135661,34,26562,121591,117,0,0,0,6,19057,420351,1160532,passed,13,2,9,2
idempotency-accuracy,228,229,idempotency,18,3,2,5,16,0.8,0.3,5,2,0,1,1,1,353702,100000,4989662,171,255,1,173,258,0,0,0,0,1,140,353879,1073135,passed,18,0,1,0
idempotency-accuracy,229,230,idempotency,18,2,2,5,11,0.8,0.3,5,2,0,1,5,20,380575,106624,5340120,19038,132539,66,13665,98460,31,0,0,0,5,11728,392517,1324778,passed,18,1,6,1
idempotency-accuracy,230,231,idempotency,11,2,2,3,11,0.8,0.3,5,2,0,1,1,1,350709,100000,4977452,75,111,2,76,113,0,0,0,0,1,84,350833,968986,passed,11,0,1,0
idempotency-accuracy,231,232,idempotency,13,3,4,3,16,0.8,0.3,5,2,0,1,8,44,409780,112080,5591980,61461,606711,200,46119,452127,160,0,0,0,8,42292,452485,1796854,passed,13,2,9,2
idempotency-accuracy,232,233,idempotency,21,5,3,3,26,0.8,0.3,5,2,0,1,11,105,400985,110812,5527953,374157,2590494,918,280985,2003269,1000,0,0,0,11,241596,643214,59032320,passed,21,2,17,2
idempotency-accuracy,233,234,idempotency,20,5,2,3,26,0.8,0.3,5,2,0,1,10,89,523685,141250,7040903,293951,1836785,1591,228102,1432031,1420,0,0,0,10,191002,715432,32970242,passed,20,1,15,1
idempotency-accuracy,234,235,idempotency,14,4,3,3,21,0.8,0.3,5,2,0,1,9,59,482735,133220,6673664,101643,639327,437,93913,604958,437,0,0,0,9,75178,558512,3461218,validation_failed,14,1,11,1
idempotency-accuracy,235,236,idempotency,10,4,4,3,21,0.8,0.3,5,2,0,1,8,50,380948,106344,5306354,99314,640940,254,73224,501316,204,0,0,0,8,59900,441410,2384563,passed,10,2,10,2
idempotency-accuracy,236,237,idempotency,17,2,4,5,11,0.8,0.3,5,2,0,1,1,1,359262,100000,4996691,123,183,2,124,185,0,0,0,0,1,114,359410,978917,passed,17,0,1,0
idempotency-accuracy,237,238,idempotency,13,4,4,2,21,0.8,0.3,5,2,0,1,1,1,354627,100000,5006951,101,150,2,104,154,0,0,0,0,1,121,354808,1080733,passed,13,0,1,0
idempotency-accuracy,238,239,idempotency,18,3,2,2,16,0.8,0.3,5,2,0,1,7,46,576904,162066,8099650,35922,223386,95,33770,206878,65,0,0,0,7,24592,601804,2372792,validation_failed,18,2,10,2
idempotency-accuracy,239,240,idempotency,10,2,5,4,11,0.8,0.3,5,2,0,1,1,1,372712,100000,4999543,103,153,2,104,155,0,0,0,0,1,101,372856,977270,passed,10,0,1,0
idempotency-accuracy,240,241,idempotency,17,4,4,5,21,0.8,0.3,5,2,0,1,1,1,362936,100000,5018123,227,339,0,230,343,0,0,0,0,1,173,363146,1214131,passed,17,0,1,0
idempotency-accuracy,241,242,idempotency,14,5,4,4,26,0.8,0.3,5,2,0,1,9,86,640235,172056,8599284,351007,2039736,1154,312183,1805641,1347,0,0,0,9,249678,890575,15847962,passed,14,1,15,1
idempotency-accuracy,242,243,idempotency,12,3,4,5,16,0.8,0.3,5,2,0,1,8,58,433371,115906,5797698,130585,575875,365,105394,473237,363,0,0,0,8,77917,511687,1662372,passed,12,1,11,1
idempotency-accuracy,243,244,idempotency,10,4,2,2,21,0.8,0.3,5,2,0,1,5,23,471359,132306,6619109,18001,65245,30,13870,50632,50,0,0,0,5,10824,482360,1576159,validation_failed,10,1,7,1
idempotency-accuracy,244,245,idempotency,16,5,2,5,26,0.8,0.3,5,2,0,1,10,103,433778,119322,5967564,524109,2629151,1485,391221,2001149,1463,0,0,0,10,318235,752806,30849714,passed,16,2,17,2
idempotency-accuracy,245,246,idempotency,18,4,2,4,21,0.8,0.3,5,2,0,1,1,1,364978,100000,4991144,181,270,3,184,274,0,0,0,0,1,164,365185,1279949,passed,18,0,1,0
idempotency-accuracy,246,247,idempotency,13,5,2,3,26,0.8,0.3,5,2,0,1,9,75,521333,135505,6757204,210107,1018813,636,178503,894134,646,0,0,0,9,133600,655467,9893000,passed,13,1,13,1
idempotency-accuracy,247,248,idempotency,22,5,5,4,26,0.8,0.3,5,2,0,1,12,126,392596,108962,5460797,611183,3701763,1268,525366,3297797,1510,0,0,0,12,389960,783410,77496320,passed,22,1,17,1
idempotency-accuracy,248,249,idempotency,23,5,5,2,26,0.8,0.3,5,2,0,1,9,113,428653,119800,5979617,294776,1807251,807,249713,1536097,908,0,0,0,9,185337,614734,100493512,passed,23,1,24,1
idempotency-accuracy,249,250,idempotency,24,3,4,2,16,0.8,0.3,5,2,0,1,12,99,1280688,357626,17905338,172654,1555635,587,137729,1222465,488,0,0,0,12,115782,1397345,7890491,validation_failed,24,1,16,1
idempotency-accuracy,250,251,idempotency,10,5,5,3,26,0.8,0.3,5,2,0,1,6,35,378799,106740,5345988,68757,414745,154,56614,352711,170,0,0,0,6,44504,423616,3174433,passed,10,1,9,1
idempotency-accuracy,251,252,idempotency,10,4,4,3,21,0.8,0.3,5,2,0,1,1,1,363848,100000,5005140,143,213,1,146,217,0,0,0,0,1,126,364014,1031022,passed,10,0,1,0
idempotency-accuracy,252,253,idempotency,21,3,4,3,16,0.8,0.3,5,2,0,1,1,1,360213,100000,4987509,111,165,2,113,168,0,0,0,0,1,106,360354,1105419,passed,21,0,1,0
idempotency-accuracy,253,254,idempotency,11,3,4,4,16,0.8,0.3,5,2,0,1,6,45,369705,102025,5106052,82091,497105,277,75123,465184,281,0,0,0,6,56136,426179,1819238,passed,11,1,11,1
idempotency-accuracy,254,255,idempotency,19,3,5,3,16,0.8,0.3,5,2,0,1,11,99,429978,119761,5996477,228127,2150649,785,169460,1630763,886,0,0,0,11,152674,583532,6769205,passed,19,5,15,5
idempotency-accuracy,255,256,idempotency,24,4,5,3,21,0.8,0.3,5,2,0,1,11,128,523569,140330,7027298,472576,2247754,2531,345079,1623365,2006,0,0,0,11,284612,808770,51206525,passed,24,4,22,4
idempotency-accuracy,256,257,idempotency,13,5,4,3,26,0.8,0.3,5,2,0,1,1,1,357486,100000,5009785,175,261,2,179,266,0,0,0,0,1,157,357682,1285137,passed,13,0,1,0
idempotency-accuracy,257,258,idempotency,12,3,5,3,16,0.8,0.3,5,2,0,1,4,20,420371,115480,5765214,22526,109192,57,17919,91141,48,0,0,0,4,13416,433980,1461468,passed,12,2,8,2
idempotency-accuracy,258,259,idempotency,22,3,5,5,16,0.8,0.3,5,2,0,1,8,61,397833,108044,5402358,140084,728651,435,128595,677623,613,0,0,0,8,94639,492884,6605043,passed,22,1,12,1
idempotency-accuracy,259,260,idempotency,11,5,4,3,26,0.8,0.3,5,2,0,1,9,59,450977,126195,6317748,153121,2026909,743,117953,1589285,582,0,0,0,9,113660,565507,4775075,passed,11,1,11,1
idempotency-accuracy,260,261,idempotency,18,5,3,4,26,0.8,0.3,5,2,0,1,10,85,707099,196722,9824519,314630,2164232,892,264811,1787651,926,0,0,0,10,201633,909294,20973074,validation_failed,18,1,14,1
idempotency-accuracy,261,262,idempotency,14,4,4,5,21,0.8,0.3,5,2,0,1,7,53,487206,137532,6875385,164375,766925,400,126441,579803,395,0,0,0,7,96407,583949,5753731,passed,14,3,13,3
idempotency-accuracy,262,263,idempotency,14,5,5,4,26,0.8,0.3,5,2,0,1,11,104,507124,136476,6824144,431913,1685252,1040,363222,1430098,1261,0,0,0,11,260637,768403,16971116,passed,14,1,15,1
idempotency-accuracy,263,264,idempotency,10,5,2,3,26,0.8,0.3,5,2,0,1,1,1,357870,100000,4995297,171,255,2,175,260,25,0,0,0,1,244,358152,1124769,passed,10,0,1,0
idempotency-accuracy,264,265,idempotency,15,5,4,2,26,0.8,0.3,5,2,0,1,1,1,350682,100000,4985151,123,183,4,127,188,1,0,0,0,1,162,350882,1343171,passed,15,0,1,0
idempotency-accuracy,265,266,idempotency,11,5,5,5,26,0.8,0.3,5,2,0,1,1,1,357994,100000,5007723,281,420,3,285,425,3,0,0,0,1,255,358281,1221073,passed,11,0,1,0
idempotency-accuracy,266,267,idempotency,11,2,2,5,11,0.8,0.3,5,2,0,1,1,1,360205,100000,5004374,119,177,3,120,179,0,0,0,0,1,156,360401,998739,passed,11,0,1,0
idempotency-accuracy,267,268,idempotency,11,3,5,2,16,0.8,0.3,5,2,0,1,4,15,448547,123652,6185592,8390,44405,29,6522,36119,24,0,0,0,4,7398,456239,1163177,validation_failed,11,1,6,1
idempotency-accuracy,268,269,idempotency,15,4,2,3,21,0.8,0.3,5,2,0,1,9,65,646874,171506,8568949,151686,866861,413,117057,688076,445,0,0,0,9,94066,741430,4608007,passed,15,1,12,1
idempotency-accuracy,269,270,idempotency,21,2,5,5,11,0.8,0.3,5,2,0,1,10,84,961355,263307,13174952,207004,997378,600,183582,891387,594,0,0,0,10,129114,1091085,2533187,passed,21,1,14,1
idempotency-accuracy,270,271,idempotency,17,3,2,3,16,0.8,0.3,5,2,0,1,5,25,374613,104665,5232112,22821,169719,59,20229,154025,77,0,0,0,5,17195,392130,1709345,validation_failed,17,1,7,1
idempotency-accuracy,271,272,idempotency,22,5,4,5,26,0.8,0.3,5,2,0,1,13,153,729325,189632,9495479,1151209,6358716,3209,1048885,5861702,3537,0,0,0,13,750326,1480774,114355918,passed,22,1,21,1
idempotency-accuracy,272,273,idempotency,16,4,4,5,21,0.8,0.3,5,2,0,1,8,56,370159,102269,5094096,195456,1264884,397,170212,1061770,520,0,0,0,8,128709,499268,5627619,passed,16,1,10,1
idempotency-accuracy,273,274,idempotency,15,4,5,3,21,0.8,0.3,5,2,0,1,7,52,465973,129027,6458499,105506,372469,238,90696,326281,271,0,0,0,7,63559,529851,5673562,passed,15,2,12,2
idempotency-accuracy,274,275,idempotency,12,4,4,3,21,0.8,0.3,5,2,0,1,1,1,387098,100000,4989926,143,213,1,146,217,0,0,0,0,1,126,387264,1067334,passed,12,0,1,0
idempotency-accuracy,275,276,idempotency,11,4,2,5,21,0.8,0.3,5,2,0,1,1,1,356675,100000,4999528,223,333,2,226,337,0,0,0,0,1,177,356892,1052258,passed,11,0,1,0
idempotency-accuracy,276,277,idempotency,18,3,4,4,16,0.8,0.3,5,2,0,1,11,109,427552,119701,5976936,324051,1718887,620,235797,1252350,539,0,0,0,11,191978,620115,6853504,passed,18,3,17,3
idempotency-accuracy,277,278,idempotency,20,3,4,3,16,0.8,0.3,5,2,0,1,1,1,354834,100000,4998991,111,165,2,113,168,0,0,0,0,1,109,354983,1058964,passed,20,0,1,0
idempotency-accuracy,278,279,idempotency,18,4,2,5,21,0.8,0.3,5,2,0,1,11,120,387331,107986,5403335,605749,3496694,1633,448586,2673864,1504,0,0,0,11,367870,755792,21525135,passed,18,4,19,4
idempotency-accuracy,279,280,idempotency,24,3,2,2,16,0.8,0.3,5,2,0,1,10,84,654570,180978,9065966,114774,755599,323,101053,686907,409,0,0,0,10,78283,733550,6941569,passed,24,1,14,1
idempotency-accuracy,280,281,idempotency,23,4,2,5,21,0.8,0.3,5,2,0,1,1,1,355917,100000,5013508,223,333,1,226,337,0,0,0,0,1,173,356127,1507752,passed,23,0,1,0
idempotency-accuracy,281,282,idempotency,23,2,4,3,11,0.8,0.3,5,2,0,1,1,1,355138,100000,5001003,79,117,2,80,119,0,0,0,0,1,88,355264,998402,passed,23,0,1,0
idempotency-accuracy,282,283,idempotency,10,5,3,2,26,0.8,0.3,5,2,0,1,1,1,364569,100000,5006084,121,180,25,125,185,0,0,0,0,1,162,364782,1121596,passed,10,0,1,0
idempotency-accuracy,283,284,idempotency,20,3,2,5,16,0.8,0.3,5,2,0,1,6,32,445421,123088,6161136,56969,327578,119,41776,242544,158,0,0,0,6,34377,480125,3117827,passed,20,1,9,1
idempotency-accuracy,284,285,idempotency,22,4,2,2,21,0.8,0.3,5,2,0,1,10,68,741958,196453,9832456,86307,593308,274,65982,454158,233,0,0,0,10,55910,798547,6805918,validation_failed,22,1,11,1
idempotency-accuracy,285,286,idempotency,12,5,3,2,26,0.8,0.3,5,2,0,1,6,33,375848,105109,5246152,33618,262443,101,30072,237783,96,0,0,0,6,22637,399030,3022693,passed,12,1,8,1
idempotency-accuracy,286,287,idempotency,16,5,5,5,26,0.8,0.3,5,2,0,1,5,30,424907,114913,5751211,76711,313162,210,69094,285329,235,0,0,0,5,47646,472763,9182474,passed,16,1,9,1
idempotency-accuracy,287,288,idempotency,16,3,2,3,16,0.8,0.3,5,2,0,1,1,1,356610,100000,5012950,107,159,1,109,162,0,0,0,0,1,106,356753,1028583,passed,16,0,1,0
idempotency-accuracy,288,289,idempotency,17,2,4,4,11,0.8,0.3,5,2,0,1,7,39,397652,111641,5585865,40653,335868,71,29113,254364,167,0,0,0,7,25734,423799,1298268,passed,17,4,9,4
idempotency-accuracy,289,290,idempotency,17,3,4,2,16,0.8,0.3,5,2,0,1,6,27,483479,134649,6723282,15425,87294,28,11831,68732,67,0,0,0,6,9639,493339,2063540,passed,17,1,7,1
idempotency-accuracy,290,291,idempotency,20,3,3,4,16,0.8,0.3,5,2,0,1,2,5,362765,101961,5091631,2001,5242,2,1276,3576,0,0,0,0,2,1168,364006,1425609,passed,20,1,3,1
idempotency-accuracy,291,292,idempotency,18,4,4,2,21,0.8,0.3,5,2,0,1,8,64,401184,112680,5640947,79286,358682,216,72072,331000,253,0,0,0,8,50037,451536,5593850,validation_failed,18,1,12,1
idempotency-accuracy,292,293,idempotency,15,5,3,2,26,0.8,0.3,5,2,0,1,10,99,1008760,276325,13811881,236834,1511459,744,210793,1361493,904,0,0,0,10,162859,1172505,13244620,passed,15,2,16,2
idempotency-accuracy,293,294,idempotency,13,3,3,4,16,0.8,0.3,5,2,0,1,5,23,494709,138939,6955520,25251,94188,70,18019,68120,48,0,0,0,5,14319,509182,1386981,passed,13,1,7,1
idempotency-accuracy,294,295,idempotency,19,5,5,4,26,0.8,0.3,5,2,0,1,8,56,500518,133138,6652545,248867,1515389,663,208619,1320136,826,0,0,0,8,162661,663645,25943432,passed,19,1,13,1
idempotency-accuracy,295,296,idempotency,17,5,2,3,26,0.8,0.3,5,2,0,1,7,36,399284,110855,5547643,65034,1138783,309,48548,820180,252,0,0,0,7,53569,453291,13150673,passed,17,2,8,1
idempotency-accuracy,296,297,idempotency,21,2,4,2,11,0.8,0.3,5,2,0,1,7,44,367764,101693,5067781,34688,248091,110,25833,188182,85,0,0,0,7,21360,389470,1752542,passed,21,1,12,1
idempotency-accuracy,297,298,idempotency,11,2,2,2,11,0.8,0.3,5,2,0,1,1,1,355860,100000,4997905,53,78,3,54,80,0,0,0,0,1,109,356012,994861,passed,11,0,1,0
idempotency-accuracy,298,299,idempotency,11,4,3,2,21,0.8,0.3,5,2,0,1,1,1,353482,100000,4993875,99,147,0,102,151,0,0,0,0,1,115,353637,1072698,passed,11,0,1,0
idempotency-accuracy,299,300,idempotency,24,3,3,4,16,0.8,0.3,5,2,0,1,1,1,359893,100000,5010891,141,210,2,143,213,0,0,0,0,1,145,360079,1140137,passed,24,0,1,0
idempotency-accuracy,300,301,idempotency,11,2,5,2,11,0.8,0.3,5,2,0,1,1,1,353831,100000,4985360,59,87,1,60,89,0,0,0,0,1,98,353972,972605,passed,11,0,1,0
idempotency-accuracy,301,302,idempotency,21,5,2,4,26,0.8,0.3,5,2,0,1,1,1,356495,100000,4994775,223,333,3,227,338,0,0,0,0,1,232,356777,1801781,passed,21,0,1,0
idempotency-accuracy,302,303,idempotency,21,2,4,3,11,0.8,0.3,5,2,0,1,1,1,360223,100000,4993281,79,117,0,80,119,0,0,0,0,1,87,360354,995344,passed,21,0,1,0
idempotency-accuracy,303,304,idempotency,19,4,3,4,21,0.8,0.3,5,2,0,1,9,69,392763,109836,5487407,181931,1373064,584,137717,1017202,673,0,0,0,9,124290,517788,9672979,validation_failed,19,1,13,1
idempotency-accuracy,304,305,idempotency,10,5,5,5,26,0.8,0.3,5,2,0,1,7,41,403078,108697,5447161,120671,705468,523,107732,660871,406,0,0,0,7,81477,484918,3970453,passed,10,2,9,2
idempotency-accuracy,305,306,idempotency,24,3,3,4,16,0.8,0.3,5,2,0,1,17,196,617647,172860,8644381,620895,3359567,1833,583285,3187756,2443,0,0,0,17,403433,1022236,20030562,passed,24,1,21,1
idempotency-accuracy,306,307,idempotency,17,3,2,5,16,0.8,0.3,5,2,0,1,8,80,615302,169834,8516260,202371,1137682,507,172310,999662,622,0,0,0,8,132036,747855,5599715,passed,17,4,15,4
idempotency-accuracy,307,308,idempotency,11,4,3,2,21,0.8,0.3,5,2,0,1,1,1,358589,100000,5005601,99,147,1,102,151,0,0,0,0,1,100,358728,1048333,passed,11,0,1,0
idempotency-accuracy,308,309,idempotency,10,5,2,3,26,0.8,0.3,5,2,0,1,6,31,375047,103613,5193758,55791,242396,182,41515,184134,161,0,0,0,6,33143,408413,3542538,passed,10,2,9,2
idempotency-accuracy,309,310,idempotency,21,2,2,3,11,0.8,0.3,5,2,0,1,1,1,368672,100000,4999457,75,111,1,76,113,0,0,0,0,1,83,368792,997552,passed,21,0,1,0
idempotency-accuracy,310,311,idempotency,17,2,3,4,11,0.8,0.3,5,2,0,1,7,47,430275,114268,5708276,49118,227998,101,44604,209573,191,0,0,0,7,31094,461719,1357147,passed,17,1,10,1
idempotency-accuracy,311,312,idempotency,18,2,5,4,11,0.8,0.3,5,2,0,1,1,1,361182,100000,4991270,103,153,2,104,155,0,0,0,0,1,112,361344,1009313,passed,18,0,1,0
idempotency-accuracy,312,313,idempotency,17,4,5,5,21,0.8,0.3,5,2,0,1,10,87,416537,116275,5821352,422776,2962378,1253,320703,2248393,1338,0,0,0,10,273954,691035,13342190,passed,17,3,16,3
idempotency-accuracy,313,314,idempotency,14,3,3,5,16,0.8,0.3,5,2,0,1,1,1,355354,100000,5006448,173,258,1,175,261,0,0,0,0,1,145,355540,1037619,passed,14,0,1,0
idempotency-accuracy,314,315,idempotency,24,5,3,4,26,0.8,0.3,5,2,0,1,1,1,357076,100000,5006974,225,336,2,229,341,0,0,0,0,1,192,357311,2278481,passed,24,0,1,0
idempotency-accuracy,315,316,idempotency,15,4,5,2,21,0.8,0.3,5,2,0,1,9,81,573778,157250,7871961,119906,523824,392,110228,484438,419,0,0,0,9,76319,650635,5548644,passed,15,1,14,1
idempotency-accuracy,316,317,idempotency,17,4,4,5,21,0.8,0.3,5,2,0,1,11,104,569600,152930,7630001,406308,2521211,1133,322219,2008431,1084,0,0,0,11,260740,831340,9963323,passed,17,1,16,1
idempotency-accuracy,317,318,idempotency,13,4,4,2,21,0.8,0.3,5,2,0,1,1,1,364227,100000,5010610,101,150,2,104,154,0,0,0,0,1,120,364384,1081698,passed,13,0,1,0
idempotency-accuracy,318,319,idempotency,17,5,5,3,26,0.8,0.3,5,2,0,1,1,1,355899,100000,4977742,177,264,3,181,269,0,0,0,0,1,152,356085,1488678,passed,17,0,1,0
idempotency-accuracy,319,320,idempotency,14,4,4,2,21,0.8,0.3,5,2,0,1,10,61,413621,109219,5464775,103220,552222,266,92290,511038,348,0,0,0,10,65492,479610,3051271,passed,14,1,10,1
idempotency-accuracy,320,321,idempotency,13,4,2,5,21,0.8,0.3,5,2,0,1,10,78,531010,147257,7360988,223054,1209374,644,206664,1146008,841,0,0,0,10,143750,675312,3592187,passed,13,1,12,1
idempotency-accuracy,321,322,idempotency,14,3,3,2,16,0.8,0.3,5,2,0,1,1,1,360175,100000,5003360,77,114,2,79,117,0,0,0,0,1,88,360303,1005503,passed,14,0,1,0
idempotency-accuracy,322,323,idempotency,22,4,2,2,21,0.8,0.3,5,2,0,1,1,1,356191,100000,4982677,97,144,2,100,148,0,0,0,0,1,101,356339,1257872,passed,22,0,1,0
idempotency-accuracy,323,324,idempotency,14,2,2,5,11,0.8,0.3,5,2,0,1,3,11,676316,189449,9458320,6729,23049,2,5688,20441,25,0,0,0,3,4180,680625,1036237,passed,14,1,5,1
idempotency-accuracy,324,325,idempotency,10,3,3,5,16,0.8,0.3,5,2,0,1,1,1,359505,100000,4995833,173,258,9,175,261,0,0,0,0,1,146,359685,991362,passed,10,0,1,0
idempotency-accuracy,325,326,idempotency,18,2,2,3,11,0.8,0.3,5,2,0,1,1,1,379741,100000,4993455,75,111,2,76,113,0,0,0,0,1,101,379882,990949,passed,18,0,1,0
idempotency-accuracy,326,327,idempotency,12,3,2,2,16,0.8,0.3,5,2,0,1,1,1,363064,100000,4998543,75,111,2,77,114,0,0,0,0,1,94,363195,995792,passed,12,1,1,0
idempotency-accuracy,327,328,idempotency,22,4,5,3,21,0.8,0.3,5,2,0,1,1,1,359528,100000,5008100,145,216,2,148,220,0,0,0,0,1,137,359707,1378185,passed,22,0,1,0
idempotency-accuracy,328,329,idempotency,10,4,2,3,21,0.8,0.3,5,2,0,1,7,48,548199,152760,7643389,69026,297120,288,62569,276094,122,0,0,0,7,43075,591626,2047233,passed,10,1,10,1
idempotency-accuracy,329,330,idempotency,23,2,2,5,11,0.8,0.3,5,2,0,1,1,1,359675,100000,4996756,119,177,2,120,179,0,0,0,0,1,111,359824,989876,passed,23,0,1,0
idempotency-accuracy,330,331,idempotency,17,3,2,4,16,0.8,0.3,5,2,0,1,1,1,355710,100000,5006344,139,207,2,141,210,24,0,0,0,1,162,355918,1018616,passed,17,0,1,0
idempotency-accuracy,331,332,idempotency,17,2,2,4,11,0.8,0.3,5,2,0,1,7,35,808466,225880,11291983,31728,157569,87,23736,122448,106,0,0,0,7,18989,827795,1189957,validation_failed,17,1,8,1
idempotency-accuracy,332,333,idempotency,17,2,3,5,11,0.8,0.3,5,2,0,1,9,53,434079,118398,5915334,88704,429403,255,66281,317517,236,0,0,0,9,52674,487114,1453719,passed,17,1,10,1
idempotency-accuracy,333,334,idempotency,23,4,4,2,21,0.8,0.3,5,2,0,1,1,1,370020,100000,5005878,101,150,2,104,154,0,0,0,0,1,100,370161,1397698,passed,23,0,1,0
idempotency-accuracy,334,335,idempotency,15,2,3,3,11,0.8,0.3,5,2,0,1,1,1,359029,100000,4985215,77,114,1,78,116,0,0,0,0,1,91,359156,995354,passed,15,0,1,0
idempotency-accuracy,335,336,idempotency,22,2,5,3,11,0.8,0.3,5,2,0,1,11,92,470105,131142,6550062,160413,1798253,427,128667,1497896,414,0,0,0,11,113145,584242,2490637,passed,22,2,15,2
idempotency-accuracy,336,337,idempotency,23,4,3,2,21,0.8,0.3,5,2,0,1,1,1,355734,100000,5007221,99,147,1,102,151,0,0,0,0,1,101,355881,1365386,passed,23,0,1,0
idempotency-accuracy,337,338,idempotency,24,2,3,5,11,0.8,0.3,5,2,0,1,5,19,406859,113839,5697076,18158,132960,57,14467,102073,39,0,0,0,5,11953,419073,1441308,validation_failed,24,1,6,1
idempotency-accuracy,338,339,idempotency,12,5,4,2,26,0.8,0.3,5,2,0,1,7,43,412144,116277,5805423,59654,404114,106,47132,313859,150,0,0,0,7,37448,450033,4716158,passed,12,1,10,1
idempotency-accuracy,339,340,idempotency,19,3,4,3,16,0.8,0.3,5,2,0,1,10,62,407284,112201,5607209,109696,977300,369,88184,807167,288,0,0,0,10,77406,485367,3163506,passed,19,1,10,1
idempotency-accuracy,340,341,idempotency,22,3,5,5,16,0.8,0.3,5,2,0,1,1,1,353640,100000,5000104,177,264,2,179,267,0,0,0,0,1,148,353825,1124273,passed,22,0,1,0
idempotency-accuracy,341,342,idempotency,10,5,2,4,26,0.8,0.3,5,2,0,1,1,1,358191,100000,4997454,223,333,2,227,338,0,0,0,0,1,173,358406,1173209,passed,10,0,1,0
idempotency-accuracy,342,343,idempotency,24,3,4,2,16,0.8,0.3,5,2,0,1,17,192,678582,188635,9422452,602986,3389164,1766,521119,2936682,2169,0,0,0,17,404945,1085211,18146438,passed,24,1,22,1
idempotency-accuracy,343,344,idempotency,12,2,3,5,11,0.8,0.3,5,2,0,1,1,1,384747,100000,5002199,121,180,10,122,182,0,0,0,0,1,148,384933,977364,passed,12,0,1,0
idempotency-accuracy,344,345,idempotency,12,2,5,5,11,0.8,0.3,5,2,0,1,1,1,390903,100000,5001277,125,186,25,126,188,0,0,0,0,1,178,391124,974706,passed,12,0,1,0
idempotency-accuracy,345,346,idempotency,18,5,3,2,26,0.8,0.3,5,2,0,1,8,74,492662,133460,6665775,115078,559833,323,95893,478351,268,0,0,0,8,75392,568515,22547606,passed,18,4,14,4
idempotency-accuracy,346,347,idempotency,19,2,2,4,11,0.8,0.3,5,2,0,1,1,1,378098,100000,5013663,97,144,1,98,146,0,0,0,0,1,110,378247,1039079,passed,19,0,1,0
idempotency-accuracy,347,348,idempotency,22,2,3,3,11,0.8,0.3,5,2,0,1,1,1,365950,100000,4998411,77,114,1,78,116,0,0,0,0,1,113,366101,1009486,passed,22,0,1,0
idempotency-accuracy,348,349,idempotency,10,5,4,5,26,0.8,0.3,5,2,0,1,1,1,370387,100000,4999777,279,417,0,283,422,0,0,0,0,1,227,370660,1202293,passed,10,0,1,0
idempotency-accuracy,349,350,idempotency,21,4,4,4,21,0.8,0.3,5,2,0,1,1,1,366413,100000,4983266,185,276,7,188,280,1,0,0,0,1,168,366621,1393221,passed,21,0,1,0
idempotency-accuracy,350,351,idempotency,24,4,4,5,21,0.8,0.3,5,2,0,1,9,100,645377,174491,8757104,399549,2561498,2784,368759,2348600,2837,0,0,0,9,285330,931525,45767468,passed,24,1,17,1
idempotency-accuracy,351,352,idempotency,15,4,4,2,21,0.8,0.3,5,2,0,1,8,55,389282,102300,5121082,79077,408605,594,59889,319015,1099,0,0,0,8,51326,441028,4279233,passed,15,1,11,1
idempotency-accuracy,352,353,idempotency,16,4,5,5,21,0.8,0.3,5,2,0,1,9,69,753147,203487,10163651,209448,1044608,1116,175310,908315,1178,0,0,0,9,137283,890989,6043377,passed,16,1,12,1
idempotency-accuracy,353,354,idempotency,23,2,4,5,11,0.8,0.3,5,2,0,1,5,26,376118,102331,5131819,25274,125053,48,22301,113486,54,0,0,0,5,16857,393214,1596440,validation_failed,23,1,8,1
idempotency-accuracy,354,355,idempotency,20,4,4,3,21,0.8,0.3,5,2,0,1,10,115,421481,112818,5647473,285446,1971415,930,252640,1738946,956,0,0,0,10,203167,625484,26315264,passed,20,3,18,3
idempotency-accuracy,355,356,idempotency,24,2,2,5,11,0.8,0.3,5,2,0,1,11,117,430777,115909,5802981,289245,2406222,951,262729,2218109,1457,0,0,0,11,220094,651955,5886102,passed,24,3,19,3
idempotency-accuracy,356,357,idempotency,22,3,3,4,16,0.8,0.3,5,2,0,1,1,1,361504,100000,4997015,141,210,2,143,213,1,0,0,0,1,136,361683,1099107,passed,22,0,1,0
idempotency-accuracy,357,358,idempotency,16,3,3,5,16,0.8,0.3,5,2,0,1,1,1,360311,100000,4988917,173,258,2,175,261,0,0,0,0,1,195,360547,1041050,passed,16,0,1,0
idempotency-accuracy,358,359,idempotency,12,4,5,5,21,0.8,0.3,5,2,0,1,7,54,397524,105816,5285479,144621,913871,489,131913,857093,427,0,0,0,7,101448,499337,3770301,passed,12,1,11,1
idempotency-accuracy,359,360,idempotency,21,3,2,4,16,0.8,0.3,5,2,0,1,1,1,364371,100000,5001672,139,207,2,141,210,0,0,0,0,1,127,364547,1086588,passed,21,0,1,0
idempotency-accuracy,360,361,idempotency,13,2,5,2,11,0.8,0.3,5,2,0,1,5,23,409970,105883,5291249,11205,54323,78,9391,46006,52,0,0,0,5,8289,418482,1080665,passed,13,1,7,1
idempotency-accuracy,361,362,idempotency,14,4,2,3,21,0.8,0.3,5,2,0,1,1,1,388471,100000,4999899,139,207,2,142,211,15,0,0,0,1,154,388667,1092839,passed,14,0,1,0
idempotency-accuracy,362,363,idempotency,21,4,2,5,21,0.8,0.3,5,2,0,1,1,1,376402,100000,4997346,223,333,3,226,337,0,0,0,0,1,246,376691,1379317,passed,21,0,1,0
idempotency-accuracy,363,364,idempotency,12,3,2,5,16,0.8,0.3,5,2,0,1,1,1,362087,100000,5005905,171,255,2,173,258,0,0,0,0,1,144,362276,1002307,passed,12,0,1,0
idempotency-accuracy,364,365,idempotency,23,2,3,5,11,0.8,0.3,5,2,0,1,1,1,365749,100000,5006299,121,180,2,122,182,0,0,0,0,1,122,365909,1027140,passed,23,0,1,0
idempotency-accuracy,365,366,idempotency,18,3,4,5,16,0.8,0.3,5,2,0,1,13,117,448016,119647,5983026,520090,2512826,1734,398756,1977363,1443,0,0,0,13,349206,797934,7924635,passed,18,4,16,4
idempotency-accuracy,366,367,idempotency,24,5,2,5,26,0.8,0.3,5,2,0,1,18,236,560354,154674,7749755,2193277,18682731,6686,1811859,15248916,6267,0,0,0,18,1513004,2075497,217236343,validation_failed,24,2,23,2
idempotency-accuracy,367,368,idempotency,12,3,2,3,16,0.8,0.3,5,2,0,1,9,57,430954,121986,6106267,86420,644021,240,73799,532221,229,0,0,0,9,57152,488647,1775133,passed,12,1,10,1
idempotency-accuracy,368,369,idempotency,20,4,3,4,21,0.8,0.3,5,2,0,1,1,1,360833,100000,5006634,183,273,1,186,277,0,0,0,0,1,167,361033,1345864,passed,20,0,1,0
idempotency-accuracy,369,370,idempotency,23,3,5,2,16,0.8,0.3,5,2,0,1,9,110,748243,209704,10490336,152189,682463,494,139104,630935,274,0,0,0,9,93895,842871,10741902,passed,23,1,21,1
idempotency-accuracy,370,371,idempotency,13,3,4,2,16,0.8,0.3,5,2,0,1,6,40,368402,103803,5191160,41067,183943,134,33298,151544,134,0,0,0,6,25003,393623,1938277,passed,13,1,11,1
idempotency-accuracy,371,372,idempotency,24,4,4,5,21,0.8,0.3,5,2,0,1,5,20,374566,102291,5125616,34924,276188,275,24833,192730,189,0,0,0,5,23341,398111,5629907,passed,24,1,6,1
idempotency-accuracy,372,373,idempotency,24,3,4,4,16,0.8,0.3,5,2,0,1,1,1,354472,100000,4989033,143,213,2,145,216,0,0,0,0,1,127,354638,1143115,passed,24,0,1,0
idempotency-accuracy,373,374,idempotency,22,5,5,2,26,0.8,0.3,5,2,0,1,1,1,351717,100000,4986366,125,186,2,129,191,0,0,0,0,1,116,351870,1761624,passed,22,0,1,0
idempotency-accuracy,374,375,idempotency,24,2,4,2,11,0.8,0.3,5,2,0,1,12,100,757923,207942,10407593,103769,509410,277,82631,391168,235,0,0,0,12,62457,821025,2852478,validation_failed,24,2,15,2
idempotency-accuracy,375,376,idempotency,22,2,4,3,11,0.8,0.3,5,2,0,1,8,61,503165,140204,6997927,68225,339681,207,51424,270903,197,0,0,0,8,40952,544530,1894415,validation_failed,22,4,13,4
idempotency-accuracy,376,377,idempotency,14,3,2,4,16,0.8,0.3,5,2,0,1,7,49,542766,145587,7300048,109158,637735,297,83194,497736,250,0,0,0,7,68563,611666,2542586,passed,14,1,12,1
idempotency-accuracy,377,378,idempotency,18,3,4,2,16,0.8,0.3,5,2,0,1,8,50,441262,123790,6170131,46044,221202,120,33829,163048,84,0,0,0,8,27135,468783,2316790,passed,18,1,10,1
idempotency-accuracy,378,379,idempotency,19,5,5,4,26,0.8,0.3,5,2,0,1,7,51,402635,113098,5658876,226647,1142850,573,197615,980123,478,0,0,0,7,138174,541177,28401893,passed,19,1,13,1
idempotency-accuracy,379,380,idempotency,19,4,4,5,21,0.8,0.3,5,2,0,1,10,107,457029,123919,6185088,522809,6243402,2230,424130,4259538,2173,0,0,0,10,405078,863031,22588479,passed,19,1,17,1
idempotency-accuracy,380,381,idempotency,15,5,5,5,26,0.8,0.3,5,2,0,1,7,54,391877,106071,5300198,208408,1337824,2156,171326,1119900,1685,0,0,0,7,139994,532368,14586073,passed,15,1,12,1
idempotency-accuracy,381,382,idempotency,20,5,3,2,26,0.8,0.3,5,2,0,1,13,173,522396,146114,7312679,402915,3510295,1062,338244,2714201,970,0,0,0,13,276464,800082,46859971,passed,20,1,21,1
idempotency-accuracy,382,383,idempotency,19,5,3,3,26,0.8,0.3,5,2,0,1,1,1,360524,100000,5001051,173,258,2,177,263,0,0,0,0,1,154,360717,1624164,passed,19,0,1,0
idempotency-accuracy,383,384,idempotency,19,3,5,2,16,0.8,0.3,5,2,0,1,10,74,621864,175013,8753358,100955,574237,215,87992,510980,289,0,0,0,10,63319,685747,3350462,validation_failed,19,1,13,1
idempotency-accuracy,384,385,idempotency,23,3,3,4,16,0.8,0.3,5,2,0,1,12,158,400150,112403,5634148,528931,2772247,1359,383125,2078178,1213,0,0,0,12,317639,718456,14972981,passed,23,6,21,6
idempotency-accuracy,385,386,idempotency,17,4,3,3,21,0.8,0.3,5,2,0,1,1,1,360645,100000,4989726,141,210,2,144,214,0,0,0,0,1,147,360834,1215280,passed,17,0,1,0
idempotency-accuracy,386,387,idempotency,22,2,5,4,11,0.8,0.3,5,2,0,1,2,5,374580,100030,4999277,1509,4047,2,937,2684,0,0,0,0,2,1253,375901,1054851,passed,22,1,3,1
idempotency-accuracy,387,388,idempotency,24,4,4,3,21,0.8,0.3,5,2,0,1,13,149,664656,184993,9247887,531408,2920387,1612,405433,2239819,1301,0,0,0,13,335490,1001301,36658014,validation_failed,24,3,18,3
idempotency-accuracy,388,389,idempotency,17,2,3,3,11,0.8,0.3,5,2,0,1,5,21,369024,103612,5187113,11847,68433,22,8487,50266,32,0,0,0,5,7052,376322,1158621,passed,17,1,7,1
idempotency-accuracy,389,390,idempotency,21,2,4,3,11,0.8,0.3,5,2,0,1,1,1,360172,100000,5002136,79,117,2,80,119,0,0,0,0,1,95,360314,996598,passed,21,0,1,0
idempotency-accuracy,390,391,idempotency,12,2,4,2,11,0.8,0.3,5,2,0,1,1,2,360751,100000,4996548,204,403,1,114,244,0,0,0,0,1,139,360931,970534,passed,12,1,2,1
idempotency-accuracy,391,392,idempotency,11,5,3,4,26,0.8,0.3,5,2,0,1,1,1,354287,100000,5006643,225,336,1,229,341,0,0,0,0,1,178,354502,1205566,passed,11,0,1,0
idempotency-accuracy,392,393,idempotency,24,2,3,2,11,0.8,0.3,5,2,0,1,7,58,610781,170398,8521905,40466,244732,97,34843,217489,109,0,0,0,7,26298,637511,2379142,validation_failed,24,2,14,2
idempotency-accuracy,393,394,idempotency,17,4,2,3,21,0.8,0.3,5,2,0,1,10,105,480464,135493,6786408,272547,1895457,525,246298,1748545,887,0,0,0,10,184567,665757,13507290,passed,17,2,17,2
idempotency-accuracy,394,395,idempotency,21,3,4,5,16,0.8,0.3,5,2,0,1,9,56,716222,195771,9803419,130559,1041022,384,100489,804495,371,0,0,0,9,88791,805592,4137445,passed,21,1,11,1
idempotency-accuracy,395,396,idempotency,22,2,5,3,11,0.8,0.3,5,2,0,1,1,1,354552,100000,5002415,81,120,2,82,122,0,0,0,0,1,92,354683,997259,passed,22,0,1,0
idempotency-accuracy,396,397,idempotency,11,2,2,4,11,0.8,0.3,5,2,0,1,4,13,357691,100238,5014504,8105,46991,9,6882,37282,16,0,0,0,4,5390,363215,1005867,passed,11,1,5,1
idempotency-accuracy,397,398,idempotency,10,3,4,3,16,0.8,0.3,5,2,0,1,6,28,453533,125060,6255845,26835,133669,89,19605,98243,76,0,0,0,6,16343,470099,1179056,passed,10,2,7,2
idempotency-accuracy,398,399,idempotency,18,5,4,3,26,0.8,0.3,5,2,0,1,1,1,359680,100000,5008074,175,261,2,179,266,0,0,0,0,1,143,359858,1561413,passed,18,0,1,0
idempotency-accuracy,399,400,idempotency,21,5,4,3,26,0.8,0.3,5,2,0,1,1,1,356327,100000,5001035,175,261,1,179,266,0,0,0,0,1,164,356530,1888741,passed,21,0,1,0
idempotency-accuracy,400,401,idempotency,19,2,5,3,11,0.8,0.3,5,2,0,1,1,1,364518,100000,4995534,81,120,2,82,122,0,0,0,0,1,87,364641,989985,passed,19,0,1,0
idempotency-accuracy,401,402,idempotency,12,4,4,4,21,0.8,0.3,5,2,0,1,4,17,432021,114033,5698493,18674,63643,48,14911,53427,66,0,0,0,4,10975,443146,1849274,passed,12,3,6,3
idempotency-accuracy,402,403,idempotency,13,5,2,2,26,0.8,0.3,5,2,0,1,6,33,366133,102255,5123854,33410,201556,70,29965,183501,101,0,0,0,6,21606,387994,3739184,passed,13,1,8,1
idempotency-accuracy,403,404,idempotency,18,2,4,4,11,0.8,0.3,5,2,0,1,8,54,632766,176635,8829283,68507,335701,193,52936,261210,193,0,0,0,8,41047,674314,1394473,passed,18,1,11,1
idempotency-accuracy,404,405,idempotency,24,3,5,5,16,0.8,0.3,5,2,0,1,10,73,521723,144298,7202653,192529,1289077,468,177172,1213057,603,0,0,0,10,129799,652237,6946269,passed,24,1,13,1
idempotency-accuracy,405,406,idempotency,18,3,4,2,16,0.8,0.3,5,2,0,1,9,81,594955,163662,8179635,99823,706965,346,91083,659026,332,0,0,0,9,70176,665707,3898660,validation_failed,18,1,15,1
idempotency-accuracy,406,407,idempotency,22,3,2,4,16,0.8,0.3,5,2,0,1,1,1,362920,100000,4999973,139,207,21,141,210,0,0,0,0,1,143,363105,1096539,passed,22,0,1,0
idempotency-accuracy,407,408,idempotency,14,4,3,2,21,0.8,0.3,5,2,0,1,8,65,611977,168380,8408041,77072,356447,196,69915,327572,245,0,0,0,8,48894,661291,3732313,passed,14,2,12,2
idempotency-accuracy,408,409,idempotency,20,2,5,5,11,0.8,0.3,5,2,0,1,1,1,355612,100000,4996443,125,186,2,126,188,0,0,0,0,1,115,355764,1001874,passed,20,0,1,0
idempotency-accuracy,409,410,idempotency,17,4,4,3,21,0.8,0.3,5,2,0,1,1,1,366944,100000,5002998,143,213,1,146,217,0,0,0,0,1,132,367115,1177962,passed,17,0,1,0
idempotency-accuracy,410,411,idempotency,16,2,5,2,11,0.8,0.3,5,2,0,1,6,33,415165,107202,5356380,21838,203854,110,15818,150799,56,0,0,0,6,14668,430099,1329972,passed,16,1,10,1
idempotency-accuracy,411,412,idempotency,11,2,3,4,11,0.8,0.3,5,2,0,1,6,32,669373,188150,9433361,28734,180752,67,27215,168517,132,0,0,0,6,19670,689472,1079322,passed,11,1,8,1
idempotency-accuracy,412,413,idempotency,22,4,4,2,21,0.8,0.3,5,2,0,1,13,142,654476,169992,8495154,321512,1776633,1091,278823,1571968,970,0,0,0,13,216150,871568,30414278,validation_failed,22,3,20,3
idempotency-accuracy,413,414,idempotency,14,3,3,4,16,0.8,0.3,5,2,0,1,1,1,355320,100000,4992834,141,210,1,143,213,0,0,0,0,1,128,355487,1044444,passed,14,0,1,0
idempotency-accuracy,414,415,idempotency,15,4,4,5,21,0.8,0.3,5,2,0,1,10,104,551979,154511,7722627,375326,1738071,987,350244,1623018,1367,0,0,0,10,241800,794334,9992268,passed,15,1,16,1
idempotency-accuracy,415,416,idempotency,19,4,2,5,21,0.8,0.3,5,2,0,1,1,1,352963,100000,4997773,223,333,2,226,337,6,0,0,0,1,181,353179,1255074,passed,19,0,1,0
idempotency-accuracy,416,417,idempotency,24,5,5,3,26,0.8,0.3,5,2,0,1,12,154,613824,169729,8490368,511937,2822881,1387,469103,2600924,1468,0,0,0,12,326889,942421,73218417,passed,24,1,19,1
idempotency-accuracy,417,418,idempotency,16,2,3,3,11,0.8,0.3,5,2,0,1,10,92,452438,125977,6305344,133903,700538,321,103597,567965,415,0,0,0,10,84550,538085,1701775,passed,16,3,15,3
idempotency-accuracy,418,419,idempotency,10,2,4,5,11,0.8,0.3,5,2,0,1,1,1,385005,100000,5005725,123,183,1,124,185,0,0,0,0,1,114,385160,980162,passed,10,0,1,0
idempotency-accuracy,419,420,idempotency,21,2,4,5,11,0.8,0.3,5,2,0,1,10,66,671741,185536,9266775,137167,960864,882,111487,790833,673,0,0,0,10,92239,764530,1913496,passed,21,1,11,1
idempotency-accuracy,420,421,idempotency,18,3,5,2,16,0.8,0.3,5,2,0,1,11,98,678777,183304,9189076,133408,730787,1056,122897,676911,1020,0,0,0,11,90477,770105,3796337,passed,18,1,16,1
idempotency-accuracy,421,422,idempotency,18,5,4,5,26,0.8,0.3,5,2,0,1,12,155,557422,152528,7624966,821619,4728478,3985,720359,4269997,4389,0,0,0,12,537299,1095907,48751624,passed,18,3,19,3
idempotency-accuracy,422,423,idempotency,15,2,5,4,11,0.8,0.3,5,2,0,1,1,1,361080,100000,4992619,103,153,2,104,155,0,0,0,0,1,117,361240,975567,passed,15,0,1,0
idempotency-accuracy,423,424,idempotency,12,2,2,4,11,0.8,0.3,5,2,0,1,1,1,354572,100000,5018460,97,144,2,98,146,0,0,0,0,1,100,354703,981075,passed,12,1,1,0
idempotency-accuracy,424,425,idempotency,24,3,4,2,16,0.8,0.3,5,2,0,1,9,84,740628,202663,10139283,97922,414165,274,85120,365899,254,0,0,0,9,60459,801568,10348426,passed,24,3,18,3
idempotency-accuracy,425,426,idempotency,15,4,5,5,21,0.8,0.3,5,2,0,1,6,34,415847,110385,5525946,102199,488837,289,90102,447186,278,0,0,0,6,66141,482244,4259224,passed,15,1,9,1
idempotency-accuracy,426,427,idempotency,14,5,4,2,26,0.8,0.3,5,2,0,1,1,1,354010,100000,5008850,123,183,2,127,188,0,0,0,0,1,139,354207,1235759,passed,14,0,1,0
idempotency-accuracy,427,428,idempotency,12,5,4,4,26,0.8,0.3,5,2,0,1,6,45,534522,141919,7092847,116643,576631,354,106189,535181,369,0,0,0,6,75180,610063,7023215,passed,12,1,11,1
idempotency-accuracy,428,429,idempotency,19,3,4,5,16,0.8,0.3,5,2,0,1,11,112,403637,112316,5635189,403858,2320429,926,297485,1735773,862,0,0,0,11,243116,647532,7560228,passed,19,3,16,3
idempotency-accuracy,429,430,idempotency,15,5,5,5,26,0.8,0.3,5,2,0,1,1,1,371272,100000,4992513,281,420,2,285,425,0,0,0,0,1,209,371528,1404134,passed,15,0,1,0
idempotency-accuracy,430,431,idempotency,24,5,4,4,26,0.8,0.3,5,2,0,1,12,154,635677,175493,8787572,697398,4576836,2436,653307,4340325,2431,0,0,0,12,471699,1108610,106465232,passed,24,1,20,1
idempotency-accuracy,431,432,idempotency,12,2,5,2,11,0.8,0.3,5,2,0,1,9,61,677777,184528,9217714,46247,242324,155,33600,177260,76,0,0,0,9,28092,706299,1142091,passed,12,2,11,2
idempotency-accuracy,432,433,idempotency,10,5,3,4,26,0.8,0.3,5,2,0,1,7,41,361746,102158,5093407,107669,633132,266,85407,510501,203,0,0,0,7,66211,428294,3375638,passed,10,1,9,1
idempotency-accuracy,433,434,idempotency,18,4,2,3,21,0.8,0.3,5,2,0,1,10,82,495033,137499,6883291,155489,846653,526,136700,754882,427,0,0,0,10,103813,599362,8966610,passed,18,2,13,2
idempotency-accuracy,434,435,idempotency,17,3,3,2,16,0.8,0.3,5,2,0,1,7,35,724903,198661,9938874,23312,125868,150,20258,113787,65,0,0,0,7,16664,741958,1771067,passed,17,1,8,1
idempotency-accuracy,435,436,idempotency,15,4,5,3,21,0.8,0.3,5,2,0,1,1,1,370150,100000,4993089,145,216,1,148,220,0,0,0,0,1,123,370315,1120416,passed,15,0,1,0
idempotency-accuracy,436,437,idempotency,13,5,4,5,26,0.8,0.3,5,2,0,1,1,1,354772,100000,5009565,279,417,1,283,422,0,0,0,0,1,202,355013,1275396,passed,13,0,1,0
idempotency-accuracy,437,438,idempotency,10,3,5,3,16,0.8,0.3,5,2,0,1,5,22,386250,103291,5166312,20077,101575,64,14471,74999,9,0,0,0,5,12170,398570,1206034,passed,10,1,7,1
idempotency-accuracy,438,439,idempotency,23,2,3,5,11,0.8,0.3,5,2,0,1,1,1,367804,100000,4990916,121,180,1,122,182,0,0,0,0,1,112,367949,991422,passed,23,0,1,0
idempotency-accuracy,439,440,idempotency,17,5,4,4,26,0.8,0.3,5,2,0,1,9,103,439684,122069,6101297,432330,2330469,1146,381165,2098242,1157,0,0,0,9,277366,717757,39632967,passed,17,2,18,2
idempotency-accuracy,440,441,idempotency,24,5,5,5,26,0.8,0.3,5,2,0,1,1,1,354561,100000,5008806,281,420,2,285,425,0,0,0,0,1,227,354832,2296212,passed,24,0,1,0
idempotency-accuracy,441,442,idempotency,15,2,3,2,11,0.8,0.3,5,2,0,1,5,20,405171,113356,5681243,5726,56177,25,4395,44997,11,0,0,0,5,3948,409459,1008100,passed,15,1,6,1
idempotency-accuracy,442,443,idempotency,24,2,4,4,11,0.8,0.3,5,2,0,1,10,96,408762,114938,5747510,222934,1449260,666,171430,1098945,673,0,0,0,10,138281,547554,4476788,passed,24,2,18,2
idempotency-accuracy,443,444,idempotency,12,2,5,2,11,0.8,0.3,5,2,0,1,1,1,361424,100000,5018774,59,87,2,60,89,0,0,0,0,1,71,361552,954584,passed,12,0,1,0
idempotency-accuracy,444,445,idempotency,15,2,3,5,11,0.8,0.3,5,2,0,1,1,1,355351,100000,4995932,121,180,1,122,182,0,0,0,0,1,113,355505,969125,passed,15,0,1,0
idempotency-accuracy,445,446,idempotency,12,4,5,5,21,0.8,0.3,5,2,0,1,9,54,396448,111395,5564887,162616,1173639,460,126738,943524,553,0,0,0,9,100926,497986,2896764,passed,12,1,10,1
idempotency-accuracy,446,447,idempotency,14,2,2,2,11,0.8,0.3,5,2,0,1,6,27,403812,113316,5673094,12671,70890,50,9341,54050,63,0,0,0,6,7931,411944,1042393,passed,14,1,7,1
idempotency-accuracy,447,448,idempotency,22,2,3,4,11,0.8,0.3,5,2,0,1,4,20,527755,148029,7414978,14651,56116,72,13056,50983,80,0,0,0,4,9168,537112,1261872,passed,22,1,7,1
idempotency-accuracy,448,449,idempotency,17,2,3,4,11,0.8,0.3,5,2,0,1,9,63,814699,228573,11431598,73108,608104,272,57593,490219,259,0,0,0,9,48108,863404,1384061,validation_failed,17,1,12,1
idempotency-accuracy,449,450,idempotency,20,3,4,4,16,0.8,0.3,5,2,0,1,10,90,424543,119016,5951788,216689,826192,492,186081,711917,604,0,0,0,10,134733,559867,5052694,validation_failed,20,3,15,3
idempotency-accuracy,450,451,idempotency,10,3,4,3,16,0.8,0.3,5,2,0,1,1,1,358049,100000,5010510,111,165,2,113,168,10,0,0,0,1,115,358199,971941,passed,10,0,1,0
idempotency-accuracy,451,452,idempotency,23,2,5,5,11,0.8,0.3,5,2,0,1,6,44,373901,104828,5248568,62064,391381,180,54165,357265,176,0,0,0,6,40413,414696,2283486,passed,23,2,12,2
idempotency-accuracy,452,453,idempotency,10,4,2,2,21,0.8,0.3,5,2,0,1,1,1,354835,100000,4997458,97,144,2,100,148,0,0,0,0,1,96,354967,1049542,passed,10,0,1,0
idempotency-accuracy,453,454,idempotency,17,4,3,2,21,0.8,0.3,5,2,0,1,1,1,359271,100000,5001296,99,147,2,102,151,18,0,0,0,1,136,359441,1156384,passed,17,0,1,0
idempotency-accuracy,454,455,idempotency,22,2,3,2,11,0.8,0.3,5,2,0,1,1,1,356614,100000,4989872,55,81,1,56,83,0,0,0,0,1,72,356724,990147,passed,22,0,1,0
idempotency-accuracy,455,456,idempotency,11,3,5,3,16,0.8,0.3,5,2,0,1,1,1,352023,100000,4983113,113,168,2,115,171,0,0,0,0,1,122,352183,1011804,passed,11,0,1,0
idempotency-accuracy,456,457,idempotency,11,5,5,4,26,0.8,0.3,5,2,0,1,6,27,397467,110483,5522238,53943,306551,186,41829,243429,165,0,0,0,6,34411,432094,3200149,passed,11,1,7,1
idempotency-accuracy,457,458,idempotency,11,2,3,4,11,0.8,0.3,5,2,0,1,4,14,357231,100548,5030131,7187,42461,33,4965,30140,21,0,0,0,4,4521,361863,1002243,passed,11,2,5,2
idempotency-accuracy,458,459,idempotency,12,2,2,3,11,0.8,0.3,5,2,0,1,1,1,359956,100000,4986585,75,111,2,76,113,0,0,0,0,1,134,360129,969741,passed,12,0,1,0
idempotency-accuracy,459,460,idempotency,12,5,4,3,26,0.8,0.3,5,2,0,1,1,1,354299,100000,5005798,175,261,2,179,266,0,0,0,0,1,158,354492,1241187,passed,12,0,1,0
idempotency-accuracy,460,461,idempotency,11,3,4,3,16,0.8,0.3,5,2,0,1,6,37,427627,119117,5948583,40737,302456,140,36927,278235,142,0,0,0,6,27831,455836,1423259,validation_failed,11,1,9,1
idempotency-accuracy,461,462,idempotency,22,5,2,2,26,0.8,0.3,5,2,0,1,7,38,496782,136868,6847994,56165,309455,127,44731,243723,202,0,0,0,7,34717,531793,15584401,validation_failed,22,2,9,2
idempotency-accuracy,462,463,idempotency,13,2,5,3,11,0.8,0.3,5,2,0,1,8,49,455337,126517,6319308,57562,331836,209,43526,255018,157,0,0,0,8,35937,491672,1165310,passed,13,1,10,1
idempotency-accuracy,463,464,idempotency,23,5,5,4,26,0.8,0.3,5,2,0,1,10,122,942595,258005,12888380,534895,2426764,1319,488463,2237148,1688,0,0,0,10,342085,1285302,115348507,validation_failed,23,3,19,2
idempotency-accuracy,464,465,idempotency,23,3,5,3,16,0.8,0.3,5,2,0,1,1,1,353617,100000,4993433,113,168,2,115,171,0,0,0,0,1,237,353903,1087651,passed,23,0,1,0
idempotency-accuracy,465,466,idempotency,11,3,2,5,16,0.8,0.3,5,2,0,1,1,1,353996,100000,4999443,171,255,1,173,258,0,0,0,0,1,154,354186,1052068,passed,11,0,1,0
idempotency-accuracy,466,467,idempotency,10,4,2,4,21,0.8,0.3,5,2,0,1,6,35,647060,177857,8892696,79782,293525,185,61194,225437,158,0,0,0,6,45850,693134,2601051,passed,10,1,10,1
idempotency-accuracy,467,468,idempotency,12,2,5,3,11,0.8,0.3,5,2,0,1,1,1,355874,100000,5000257,81,120,2,82,122,0,0,0,0,1,87,356003,987786,passed,12,0,1,0
idempotency-accuracy,468,469,idempotency,18,5,5,2,26,0.8,0.3,5,2,0,1,1,1,364987,100000,4999006,125,186,2,129,191,0,0,0,0,1,136,365160,1515002,passed,18,0,1,0
idempotency-accuracy,469,470,idempotency,15,3,3,5,16,0.8,0.3,5,2,0,1,12,102,411279,112185,5604939,316073,2075788,2141,244272,1591947,1802,0,0,0,12,221259,633300,3179319,passed,15,1,15,1
idempotency-accuracy,470,471,idempotency,20,4,5,3,21,0.8,0.3,5,2,0,1,13,145,613868,166229,8304111,625855,3269931,2910,527806,2777058,3190,0,0,0,13,406444,1021472,26700459,validation_failed,20,1,19,1
idempotency-accuracy,471,472,idempotency,12,4,5,5,21,0.8,0.3,5,2,0,1,1,1,374366,100000,4995665,229,342,2,232,346,0,0,0,0,1,201,374606,1132402,passed,12,0,1,0
idempotency-accuracy,472,473,idempotency,10,2,3,5,11,0.8,0.3,5,2,0,1,5,20,442819,116333,5817956,18578,127315,78,15405,114133,24,0,0,0,5,13444,456582,1039368,passed,10,2,6,2
idempotency-accuracy,473,474,idempotency,10,3,4,5,16,0.8,0.3,5,2,0,1,3,13,384609,103524,5164688,14110,48569,45,12460,43546,63,0,0,0,3,8756,393485,1211362,passed,10,1,6,1
idempotency-accuracy,474,475,idempotency,12,4,5,3,21,0.8,0.3,5,2,0,1,6,41,442137,116764,5841517,60704,292524,422,55772,277421,398,0,0,0,6,40476,482942,2871805,passed,12,1,10,1
idempotency-accuracy,475,476,idempotency,20,4,4,3,21,0.8,0.3,5,2,0,1,5,28,496388,134432,6711048,34312,99473,171,30903,90089,293,0,0,0,5,21840,518410,4670774,passed,20,1,8,1
idempotency-accuracy,476,477,idempotency,21,5,2,5,26,0.8,0.3,5,2,0,1,16,196,519374,135117,6778802,1540614,10553700,17396,1316086,8998303,19224,0,0,0,16,1112126,1633959,110098159,passed,21,1,22,1
idempotency-accuracy,477,478,idempotency,13,5,5,4,26,0.8,0.3,5,2,0,1,8,58,603138,164564,8234526,234494,1044150,597,182576,793468,536,0,0,0,8,142608,746188,9534690,passed,13,2,12,2
idempotency-accuracy,478,479,idempotency,10,4,4,5,21,0.8,0.3,5,2,0,1,1,1,357630,100000,5007076,227,339,2,230,343,0,0,0,0,1,184,357853,1053090,passed,10,0,1,0
idempotency-accuracy,479,480,idempotency,20,4,2,3,21,0.8,0.3,5,2,0,1,1,1,358294,100000,4989456,139,207,2,142,211,0,0,0,0,1,128,358462,1267531,passed,20,0,1,0
idempotency-accuracy,480,481,idempotency,16,5,3,4,26,0.8,0.3,5,2,0,1,1,1,356923,100000,5008937,225,336,2,229,341,0,0,0,0,1,175,357132,1503485,passed,16,0,1,0
idempotency-accuracy,481,482,idempotency,24,2,3,4,11,0.8,0.3,5,2,0,1,7,42,421231,116615,5834250,50308,228497,128,42196,192811,120,0,0,0,7,32561,454085,1692743,passed,24,3,10,2
idempotency-accuracy,482,483,idempotency,20,2,5,5,11,0.8,0.3,5,2,0,1,8,63,405178,112021,5614453,123567,614726,366,103605,533482,275,0,0,0,8,79202,484786,2249640,validation_failed,20,2,13,2
idempotency-accuracy,483,484,idempotency,18,2,3,5,11,0.8,0.3,5,2,0,1,8,50,429869,116907,5865483,83031,462471,251,63329,356582,247,0,0,0,8,53208,483507,1460506,passed,18,1,11,1
idempotency-accuracy,484,485,idempotency,23,2,4,3,11,0.8,0.3,5,2,0,1,1,1,363161,100000,4989462,79,117,2,80,119,8,0,0,0,1,110,363312,1005819,passed,23,0,1,0
idempotency-accuracy,485,486,idempotency,13,2,2,4,11,0.8,0.3,5,2,0,1,4,14,730814,200114,10020593,6443,27545,2,4516,21158,27,0,0,0,4,4012,734974,1010855,passed,13,3,5,2
idempotency-accuracy,486,487,idempotency,14,5,3,5,26,0.8,0.3,5,2,0,1,7,35,371760,102388,5116932,99936,482828,396,74501,370459,259,0,0,0,7,60882,432843,4622731,passed,14,2,8,2
idempotency-accuracy,487,488,idempotency,11,3,2,5,16,0.8,0.3,5,2,0,1,7,41,409315,110540,5519265,93318,440488,520,71862,347274,638,0,0,0,7,59728,469355,1655509,passed,11,1,10,1
idempotency-accuracy,488,489,idempotency,17,3,4,4,16,0.8,0.3,5,2,0,1,9,87,496728,126896,6338562,227063,930127,2913,196297,817444,2568,0,0,0,9,168236,665651,5172863,passed,17,2,15,2
idempotency-accuracy,489,490,idempotency,22,5,4,2,26,0.8,0.3,5,2,0,1,10,92,429499,111853,5586808,176732,976624,1963,163322,916246,1661,0,0,0,10,121211,551411,41329610,validation_failed,22,1,14,1
idempotency-accuracy,490,491,idempotency,23,4,2,2,21,0.8,0.3,5,2,0,1,1,1,357383,100000,5001455,97,144,1,100,148,0,0,0,0,1,119,357544,1351705,passed,23,0,1,0
idempotency-accuracy,491,492,idempotency,24,4,2,2,21,0.8,0.3,5,2,0,1,1,1,358551,100000,5005685,97,144,2,100,148,0,0,0,0,1,103,358695,1402397,passed,24,0,1,0
idempotency-accuracy,492,493,idempotency,12,4,4,2,21,0.8,0.3,5,2,0,1,1,1,363962,100000,5001583,101,150,3,104,154,0,0,0,0,1,145,364152,1062939,passed,12,0,1,0
idempotency-accuracy,493,494,idempotency,17,5,5,5,26,0.8,0.3,5,2,0,1,2,6,361987,100144,4991858,6558,18298,20,5316,15646,25,0,0,0,2,4353,366407,3528872,passed,17,1,4,1
idempotency-accuracy,494,495,idempotency,16,3,5,5,16,0.8,0.3,5,2,0,1,6,44,431856,120882,6041154,92993,384098,242,86273,359296,238,0,0,0,6,59286,491598,3346209,validation_failed,16,1,11,1
idempotency-accuracy,495,496,idempotency,12,2,5,2,11,0.8,0.3,5,2,0,1,1,1,358934,100000,5006953,59,87,2,60,89,0,0,0,0,1,73,359048,990604,passed,12,0,1,0
idempotency-accuracy,496,497,idempotency,14,4,4,2,21,0.8,0.3,5,2,0,1,5,35,448228,125916,6296126,34762,151516,59,31340,138399,51,0,0,0,5,21214,469716,3072851,validation_failed,14,1,10,1
idempotency-accuracy,497,498,idempotency,18,2,2,3,11,0.8,0.3,5,2,0,1,4,19,393377,105158,5233429,11289,40334,37,9525,35245,30,0,0,0,4,7200,400698,1179121,passed,18,2,7,2
idempotency-accuracy,498,499,idempotency,14,5,5,3,26,0.8,0.3,5,2,0,1,8,61,418682,115567,5777046,149594,862278,412,130425,784354,371,0,0,0,8,102798,521964,10764094,passed,14,3,12,3
idempotency-accuracy,499,500,idempotency,16,5,3,3,26,0.8,0.3,5,2,0,1,9,87,607198,170386,8490491,244238,1751505,587,203581,1459915,672,0,0,0,9,157286,765040,15442723,passed,16,1,16,1
idempotency-accuracy,500,501,idempotency,19,5,5,5,26,0.8,0.3,5,2,0,1,1,1,355239,100000,4997443,281,420,2,285,425,0,0,0,0,1,206,355486,1675258,passed,19,0,1,0
idempotency-accuracy,501,502,idempotency,15,2,2,5,11,0.8,0.3,5,2,0,1,5,20,397537,111290,5585292,16614,85056,72,12519,68544,24,0,0,0,5,10243,407995,1052603,passed,15,2,6,2
idempotency-accuracy,502,503,idempotency,20,4,5,5,21,0.8,0.3,5,2,0,1,10,96,738280,207991,10413703,523882,2863627,1237,415948,2288353,1086,0,0,0,10,315331,1054233,25970089,passed,20,1,16,1
idempotency-accuracy,503,504,idempotency,12,4,3,2,21,0.8,0.3,5,2,0,1,6,38,381040,104001,5210648,53456,234894,195,43470,198455,166,0,0,0,6,32482,413802,2964948,passed,12,2,10,2
idempotency-accuracy,504,505,idempotency,15,2,3,2,11,0.8,0.3,5,2,0,1,9,67,453793,127518,6386682,65427,401589,190,49305,307943,144,0,0,0,9,40318,494510,1394609,passed,15,1,13,1
idempotency-accuracy,505,506,idempotency,12,4,5,2,21,0.8,0.3,5,2,0,1,9,70,493573,138806,6920292,121531,579274,319,94828,450927,342,0,0,0,9,73353,567455,3444346,passed,12,1,13,1
idempotency-accuracy,506,507,idempotency,16,2,5,5,11,0.8,0.3,5,2,0,1,5,23,436592,122703,6140227,30661,117628,93,26492,97410,76,0,0,0,5,18625,455406,1154145,passed,16,1,7,1
idempotency-accuracy,507,508,idempotency,23,5,2,2,26,0.8,0.3,5,2,0,1,17,236,518861,142730,7130822,802106,6956642,2713,646392,5565208,2498,0,0,0,17,553738,1074584,104685608,passed,23,1,24,1
idempotency-accuracy,508,509,idempotency,22,2,5,5,11,0.8,0.3,5,2,0,1,1,1,357548,100000,4988274,125,186,2,126,188,0,0,0,0,1,120,357710,1020002,passed,22,0,1,0
idempotency-accuracy,509,510,idempotency,19,4,5,2,21,0.8,0.3,5,2,0,1,4,20,364851,101622,5089273,13655,128475,45,10939,110442,39,0,0,0,4,9917,375055,3679179,passed,19,3,7,3
idempotency-accuracy,510,511,idempotency,19,3,5,2,16,0.8,0.3,5,2,0,1,5,25,511330,134652,6734982,27502,193008,87,21838,146252,67,0,0,0,5,18044,529625,3811369,validation_failed,19,1,12,1
idempotency-accuracy,511,512,idempotency,15,3,4,3,16,0.8,0.3,5,2,0,1,6,27,391304,102999,5157087,30129,363164,169,23249,295904,163,0,0,0,6,21935,413691,1836345,passed,15,1,7,1
idempotency-accuracy,512,513,idempotency,20,4,5,3,21,0.8,0.3,5,2,0,1,9,79,424316,114645,5721345,178940,740065,1446,165211,686484,1240,0,0,0,9,118715,543526,16685452,passed,20,1,14,1
idempotency-accuracy,513,514,idempotency,18,3,4,3,16,0.8,0.3,5,2,0,1,7,40,387440,107714,5394185,63392,745257,201,48813,556411,196,0,0,0,7,46939,434764,2867641,passed,18,1,10,1
idempotency-accuracy,514,515,idempotency,14,4,5,2,21,0.8,0.3,5,2,0,1,5,19,429107,119284,5965823,19494,95297,51,16580,78783,58,0,0,0,5,12785,442131,2600910,validation_failed,14,1,8,1
idempotency-accuracy,515,516,idempotency,13,3,3,5,16,0.8,0.3,5,2,0,1,1,1,359614,100000,5004446,173,258,2,175,261,0,0,0,0,1,144,359806,1002349,passed,13,0,1,0
idempotency-accuracy,516,517,idempotency,21,4,3,4,21,0.8,0.3,5,2,0,1,1,1,356964,100000,4994375,183,273,2,186,277,0,0,0,0,1,147,357149,1372802,passed,21,0,1,0
idempotency-accuracy,517,518,idempotency,23,3,2,3,16,0.8,0.3,5,2,0,1,7,55,545275,149651,7488499,75264,544041,619,69121,508569,430,0,0,0,7,53128,598896,5852095,passed,23,1,12,1
idempotency-accuracy,518,519,idempotency,20,3,3,2,16,0.8,0.3,5,2,0,1,9,70,414233,112212,5623319,73078,399021,264,64148,356925,167,0,0,0,9,47439,462076,3878307,passed,20,3,12,3
idempotency-accuracy,519,520,idempotency,17,5,5,2,26,0.8,0.3,5,2,0,1,9,71,410491,115971,5800120,143065,1095802,330,106393,813744,342,0,0,0,9,88338,499244,13764019,passed,17,2,13,2
idempotency-accuracy,520,521,idempotency,22,5,4,5,26,0.8,0.3,5,2,0,1,11,123,405085,113047,5652178,855679,4976541,2577,719234,4234675,2354,0,0,0,11,573511,980043,113817692,passed,22,1,19,1
idempotency-accuracy,521,522,idempotency,10,5,2,5,26,0.8,0.3,5,2,0,1,8,46,475480,131642,6594619,176976,971825,448,134833,750601,398,0,0,0,8,106761,582577,4513055,passed,10,1,10,1
idempotency-accuracy,522,523,idempotency,20,5,2,3,26,0.8,0.3,5,2,0,1,1,1,359887,100000,5002103,171,255,2,175,260,0,0,0,0,1,147,360069,1675845,passed,20,0,1,0
idempotency-accuracy,523,524,idempotency,13,3,2,5,16,0.8,0.3,5,2,0,1,1,1,352970,100000,4990718,171,255,1,173,258,0,0,0,0,1,142,353140,1020227,passed,13,0,1,0
idempotency-accuracy,524,525,idempotency,11,3,2,2,16,0.8,0.3,5,2,0,1,2,5,355337,100366,5022969,1219,4445,14,951,3717,0,0,0,0,2,814,356222,1051068,passed,11,1,3,1
idempotency-accuracy,525,526,idempotency,22,4,5,2,21,0.8,0.3,5,2,0,1,1,1,354975,100000,4996160,103,153,1,106,157,0,0,0,0,1,101,355109,1312145,passed,22,0,1,0
idempotency-accuracy,526,527,idempotency,17,3,4,2,16,0.8,0.3,5,2,0,1,8,45,741148,206892,10357946,42726,217169,115,36080,183208,132,0,0,0,8,26451,767959,2286968,passed,17,1,10,1
idempotency-accuracy,527,528,idempotency,15,3,2,2,16,0.8,0.3,5,2,0,1,10,93,580549,160083,7997871,132277,795748,368,117903,728379,508,0,0,0,10,89930,671144,2988999,passed,15,1,15,1
idempotency-accuracy,528,529,idempotency,10,3,2,4,16,0.8,0.3,5,2,0,1,4,13,380672,102172,5112955,12055,291616,119,10014,218879,79,0,0,0,4,11605,392424,1153167,passed,10,1,5,1
idempotency-accuracy,529,530,idempotency,14,4,2,2,21,0.8,0.3,5,2,0,1,8,53,382538,107590,5376908,75360,380577,268,55713,281551,172,0,0,0,8,44762,427589,3959461,passed,14,2,12,2
idempotency-accuracy,530,531,idempotency,14,2,2,5,11,0.8,0.3,5,2,0,1,7,38,392044,110462,5538205,44780,213059,130,41027,202062,175,0,0,0,7,28567,420908,1152767,validation_failed,14,1,8,1
idempotency-accuracy,531,532,idempotency,19,4,5,4,21,0.8,0.3,5,2,0,1,8,68,392433,110170,5503084,192195,1027748,672,166970,932932,632,0,0,0,8,127316,520202,12721051,passed,19,3,13,3
idempotency-accuracy,532,533,idempotency,23,2,4,3,11,0.8,0.3,5,2,0,1,7,47,486976,136231,6813202,41501,242576,130,29884,177108,81,0,0,0,7,24662,511998,1721835,passed,23,1,11,1
idempotency-accuracy,533,534,idempotency,17,2,5,4,11,0.8,0.3,5,2,0,1,7,43,445044,125003,6239644,44730,289999,195,40403,271276,133,0,0,0,7,31054,476373,1353694,passed,17,1,10,1
idempotency-accuracy,534,535,idempotency,11,5,2,2,26,0.8,0.3,5,2,0,1,9,55,454015,127164,6366682,93562,454163,216,73404,365822,258,0,0,0,9,55209,509540,3257230,passed,11,1,10,1
idempotency-accuracy,535,536,idempotency,16,4,3,4,21,0.8,0.3,5,2,0,1,1,1,401760,100000,4987374,183,273,4,186,277,4,0,0,0,1,163,401959,1186193,passed,16,0,1,0
idempotency-accuracy,536,537,idempotency,15,4,5,2,21,0.8,0.3,5,2,0,1,1,1,354849,100000,4997163,103,153,1,106,157,0,0,0,0,1,102,354987,1113784,passed,15,0,1,0
idempotency-accuracy,537,538,idempotency,17,3,4,5,16,0.8,0.3,5,2,0,1,12,110,776708,216377,10808786,333899,1942949,926,280346,1645348,868,0,0,0,12,209924,987594,4432155,validation_failed,17,1,15,1
idempotency-accuracy,538,539,idempotency,10,2,2,4,11,0.8,0.3,5,2,0,1,5,22,417370,108616,5448329,19667,73894,120,15765,59578,85,0,0,0,5,15954,433510,1018757,passed,10,1,7,1
idempotency-accuracy,539,540,idempotency,11,4,3,5,21,0.8,0.3,5,2,0,1,8,51,520767,138306,6912017,138242,1091166,546,111955,875793,445,0,0,0,8,93691,614969,2607224,passed,11,1,10,1
idempotency-accuracy,540,541,idempotency,13,2,5,2,11,0.8,0.3,5,2,0,1,2,6,365298,101323,5074606,1412,4341,2,1151,3694,0,0,0,0,2,920,366291,988707,passed,13,1,4,1
idempotency-accuracy,541,542,idempotency,18,2,5,2,11,0.8,0.3,5,2,0,1,7,50,397516,106906,5337062,41764,231585,158,29430,168361,149,0,0,0,7,25412,423301,1568343,passed,18,2,12,2
idempotency-accuracy,542,543,idempotency,18,5,3,5,26,0.8,0.3,5,2,0,1,1,1,375706,100000,4995808,277,414,22,281,419,0,0,0,0,1,231,375978,1658845,passed,18,0,1,0
idempotency-accuracy,543,544,idempotency,17,2,5,2,11,0.8,0.3,5,2,0,1,1,1,369099,100000,5010786,59,87,1,60,89,0,0,0,0,1,76,369214,979997,passed,17,0,1,0
idempotency-accuracy,544,545,idempotency,17,2,3,4,11,0.8,0.3,5,2,0,1,8,57,596210,163925,8208915,67272,312347,202,60579,287490,267,0,0,0,8,44580,641248,1475797,passed,17,2,12,2
idempotency-accuracy,545,546,idempotency,21,3,4,5,16,0.8,0.3,5,2,0,1,9,65,422923,117579,5873561,173558,711098,464,131163,555720,471,0,0,0,9,104681,528030,5118236,passed,21,2,12,2
idempotency-accuracy,546,547,idempotency,21,5,4,3,26,0.8,0.3,5,2,0,1,13,146,493177,136338,6817160,648219,3536094,2226,506723,2762944,1773,0,0,0,13,420559,914848,78487362,passed,21,3,19,3
idempotency-accuracy,547,548,idempotency,22,4,4,2,21,0.8,0.3,5,2,0,1,9,91,407780,111476,5595167,193215,1224698,974,144997,930927,851,0,0,0,9,125233,533564,22246020,passed,22,2,17,2
idempotency-accuracy,548,549,idempotency,24,3,5,2,16,0.8,0.3,5,2,0,1,6,47,393908,104140,5227432,41044,210370,147,34542,177672,115,0,0,0,6,27909,422083,5414985,passed,24,4,12,4
idempotency-accuracy,549,550,idempotency,20,4,3,2,21,0.8,0.3,5,2,0,1,12,142,732075,197535,9878284,403579,2607737,926,321129,2050690,1205,0,0,0,12,257974,990902,25586750,passed,20,2,21,2
idempotency-accuracy,550,551,idempotency,13,4,3,5,21,0.8,0.3,5,2,0,1,1,1,356958,100000,4983614,225,336,1,228,340,0,0,0,0,1,174,357171,1073964,passed,13,0,1,0
idempotency-accuracy,551,552,idempotency,15,2,4,5,11,0.8,0.3,5,2,0,1,1,1,357093,100000,4996855,123,183,1,124,185,0,0,0,0,1,118,357253,974939,passed,15,0,1,0
idempotency-accuracy,552,553,idempotency,15,3,5,4,16,0.8,0.3,5,2,0,1,6,27,374986,104103,5199438,37303,288673,108,27384,211513,141,0,0,0,6,24144,399364,1694991,passed,15,1,7,1
idempotency-accuracy,553,554,idempotency,15,5,2,4,26,0.8,0.3,5,2,0,1,10,81,585852,163841,8177796,294869,1843995,963,246603,1588138,798,0,0,0,10,198847,785375,14544910,passed,15,2,13,2
idempotency-accuracy,554,555,idempotency,11,4,3,3,21,0.8,0.3,5,2,0,1,1,1,362495,100000,4994922,141,210,0,144,214,0,0,0,0,1,125,362667,1121522,passed,11,0,1,0
idempotency-accuracy,555,556,idempotency,10,5,3,4,26,0.8,0.3,5,2,0,1,1,1,363016,100000,5003431,225,336,16,229,341,0,0,0,0,1,190,363249,1208370,passed,10,0,1,0
idempotency-accuracy,556,557,idempotency,17,4,4,5,21,0.8,0.3,5,2,0,1,1,1,367511,100000,5003226,227,339,2,230,343,0,0,0,0,1,181,367730,1282976,passed,17,0,1,0
idempotency-accuracy,557,558,idempotency,10,2,3,4,11,0.8,0.3,5,2,0,1,1,1,362311,100000,5009722,99,147,1,100,149,0,0,0,0,1,101,362452,1030147,passed,10,0,1,0
idempotency-accuracy,558,559,idempotency,14,5,3,5,26,0.8,0.3,5,2,0,1,1,1,365261,100000,5006535,277,414,2,281,419,0,0,0,0,1,245,365552,1397148,passed,14,0,1,0
idempotency-accuracy,559,560,idempotency,22,4,4,3,21,0.8,0.3,5,2,0,1,11,125,646043,169095,8448304,473500,4343073,5922,355482,3014604,5647,0,0,0,11,366859,1013807,41138374,passed,22,2,20,2
idempotency-accuracy,560,561,idempotency,23,3,2,3,16,0.8,0.3,5,2,0,1,13,167,745790,204922,10247295,450624,3899861,1322,393237,3496998,1739,0,0,0,13,326475,1073652,20252213,validation_failed,23,2,22,2
idempotency-accuracy,561,562,idempotency,24,4,2,4,21,0.8,0.3,5,2,0,1,17,196,685364,185313,9255867,1103269,16794194,10171,912483,12020640,10669,0,0,0,17,907623,1594969,66294272,passed,24,1,23,1
idempotency-accuracy,562,563,idempotency,19,5,5,3,26,0.8,0.3,5,2,0,1,8,79,499107,137259,6868775,196309,842648,445,175328,767611,493,0,0,0,8,122590,622095,29646914,validation_failed,19,2,15,2
idempotency-accuracy,563,564,idempotency,11,4,3,2,21,0.8,0.3,5,2,0,1,6,42,383153,106272,5337253,43796,206613,207,42044,199062,227,0,0,0,6,34810,418329,2095147,passed,11,1,10,1
idempotency-accuracy,564,565,idempotency,16,2,5,3,11,0.8,0.3,5,2,0,1,8,57,731380,203538,10154998,60747,318845,230,43133,228572,156,0,0,0,8,39361,771144,1360220,passed,16,2,11,2
idempotency-accuracy,565,566,idempotency,23,2,3,2,11,0.8,0.3,5,2,0,1,6,27,404326,112395,5621418,12561,49356,55,10927,43532,7,0,0,0,6,7979,412504,1374654,validation_failed,23,1,7,1
idempotency-accuracy,566,567,idempotency,13,5,5,4,26,0.8,0.3,5,2,0,1,1,1,354523,100000,4982168,229,342,2,233,347,0,0,0,0,1,174,354732,1289808,passed,13,0,1,0
idempotency-accuracy,567,568,idempotency,16,4,3,4,21,0.8,0.3,5,2,0,1,1,1,361220,100000,4995091,183,273,3,186,277,0,0,0,0,1,181,361438,1178404,passed,16,0,1,0
idempotency-accuracy,568,569,idempotency,18,5,5,2,26,0.8,0.3,5,2,0,1,1,1,357864,100000,4999851,125,186,2,129,191,0,0,0,0,1,144,358043,1457369,passed,18,0,1,0
idempotency-accuracy,569,570,idempotency,13,2,2,3,11,0.8,0.3,5,2,0,1,6,32,371183,104479,5236645,23898,121812,49,19129,98298,78,0,0,0,6,14643,386105,1086186,passed,13,1,8,1
idempotency-accuracy,570,571,idempotency,19,3,3,4,16,0.8,0.3,5,2,0,1,1,1,353516,100000,5006078,141,210,1,143,213,0,0,0,0,1,133,353671,1084571,passed,19,0,1,0
idempotency-accuracy,571,572,idempotency,15,3,2,5,16,0.8,0.3,5,2,0,1,1,1,356828,100000,5000005,171,255,1,173,258,0,0,0,0,1,141,357000,1024347,passed,15,0,1,0
idempotency-accuracy,572,573,idempotency,17,4,3,4,21,0.8,0.3,5,2,0,1,13,114,774648,217615,10881302,481939,3644429,1455,407878,3098379,1544,0,0,0,13,326336,1101840,13142045,passed,17,1,15,1
idempotency-accuracy,573,574,idempotency,20,4,4,5,21,0.8,0.3,5,2,0,1,1,1,374637,100000,5007530,227,339,2,230,343,0,0,0,0,1,179,374862,1349161,passed,20,0,1,0
idempotency-accuracy,574,575,idempotency,12,5,4,3,26,0.8,0.3,5,2,0,1,1,1,375381,100000,5004547,175,261,25,179,266,0,0,0,0,1,262,375685,1262734,passed,12,0,1,0
idempotency-accuracy,575,576,idempotency,24,4,2,2,21,0.8,0.3,5,2,0,1,15,228,831359,218066,10916093,513133,3108639,6610,475497,2901230,7980,0,0,0,15,381258,1213949,71954918,validation_failed,24,3,25,3
idempotency-accuracy,576,577,idempotency,14,3,4,5,16,0.8,0.3,5,2,0,1,1,1,368848,100000,5003726,175,261,2,177,264,11,0,0,0,1,160,369045,1035621,passed,14,0,1,0
idempotency-accuracy,577,578,idempotency,22,4,5,3,21,0.8,0.3,5,2,0,1,12,98,712427,191102,9571085,286364,1485490,2457,233090,1240883,2163,0,0,0,12,187350,900481,20112213,validation_failed,22,1,14,1
idempotency-accuracy,578,579,idempotency,10,2,4,2,11,0.8,0.3,5,2,0,1,1,1,366259,100000,4996062,57,84,1,58,86,0,0,0,0,1,92,366390,973004,passed,10,0,1,0
idempotency-accuracy,579,580,idempotency,13,4,2,3,21,0.8,0.3,5,2,0,1,1,1,372825,100000,5007409,139,207,2,142,211,0,0,0,0,1,133,372994,1111300,passed,13,0,1,0
idempotency-accuracy,580,581,idempotency,18,3,3,5,16,0.8,0.3,5,2,0,1,1,1,370725,100000,5004073,173,258,1,175,261,0,0,0,0,1,143,370908,1053458,passed,18,0,1,0
idempotency-accuracy,581,582,idempotency,11,4,2,2,21,0.8,0.3,5,2,0,1,9,60,418230,113612,5696635,89685,491612,267,66062,377248,245,0,0,0,9,56112,474724,2343253,passed,11,2,11,2
idempotency-accuracy,582,583,idempotency,15,3,3,2,16,0.8,0.3,5,2,0,1,7,46,397139,107273,5373295,37143,256689,87,31982,224692,103,0,0,0,7,25885,423590,2212081,passed,15,2,11,2
idempotency-accuracy,583,584,idempotency,17,3,5,5,16,0.8,0.3,5,2,0,1,11,91,563613,149912,7501317,327221,4689563,1238,269822,3810013,1318,0,0,0,11,262850,827635,5567861,passed,17,1,15,1
idempotency-accuracy,584,585,idempotency,10,4,3,2,21,0.8,0.3,5,2,0,1,6,31,365438,101702,5080048,31889,177424,80,24483,141284,69,0,0,0,6,19624,385397,1751591,passed,10,1,9,1
idempotency-accuracy,585,586,idempotency,10,3,2,5,16,0.8,0.3,5,2,0,1,8,50,550832,151276,7560615,98228,564609,267,74755,420876,227,0,0,0,8,63178,614521,1371599,passed,10,1,10,1
idempotency-accuracy,586,587,idempotency,11,5,2,4,26,0.8,0.3,5,2,0,1,1,1,368190,100000,5010075,223,333,2,227,338,0,0,0,0,1,185,368416,1212805,passed,11,0,1,0
idempotency-accuracy,587,588,idempotency,13,4,4,2,21,0.8,0.3,5,2,0,1,10,76,484802,133482,6686289,117854,704109,287,98129,611780,351,0,0,0,10,76688,562044,3891076,passed,13,2,12,2
idempotency-accuracy,588,589,idempotency,24,3,5,4,16,0.8,0.3,5,2,0,1,12,95,870326,237017,11853410,234665,1316351,656,185771,1059211,742,0,0,0,12,156889,1027972,12088314,validation_failed,24,2,15,2
idempotency-accuracy,589,590,idempotency,22,5,2,5,26,0.8,0.3,5,2,0,1,1,1,356088,100000,5008160,275,411,2,279,416,8,0,0,0,1,236,356362,1991643,passed,22,0,1,0
idempotency-accuracy,590,591,idempotency,23,4,3,4,21,0.8,0.3,5,2,0,1,6,34,390897,104881,5243768,53171,246198,122,38089,191254,105,0,0,0,6,31135,422229,11742852,passed,23,2,9,2
idempotency-accuracy,591,592,idempotency,20,4,4,3,21,0.8,0.3,5,2,0,1,7,59,426259,118725,5953503,118567,494402,343,105184,440400,248,0,0,0,7,74102,500707,14559829,validation_failed,20,2,13,2
idempotency-accuracy,592,593,idempotency,12,2,5,4,11,0.8,0.3,5,2,0,1,1,1,358612,100000,5002746,103,153,2,104,155,0,0,0,0,1,103,358755,985902,passed,12,0,1,0
idempotency-accuracy,593,594,idempotency,11,3,5,2,16,0.8,0.3,5,2,0,1,1,1,377609,100000,4998930,81,120,1,83,123,0,0,0,0,1,86,377732,1002903,passed,11,0,1,0
idempotency-accuracy,594,595,idempotency,23,3,5,4,16,0.8,0.3,5,2,0,1,9,75,544916,150844,7556398,158600,650337,347,141942,593531,446,0,0,0,9,106286,651712,8051979,passed,23,2,14,2
idempotency-accuracy,595,596,idempotency,10,3,5,2,16,0.8,0.3,5,2,0,1,1,1,357513,100000,4997428,81,120,2,83,123,0,0,0,0,1,86,357639,983643,passed,10,0,1,0
idempotency-accuracy,596,597,idempotency,13,3,4,4,16,0.8,0.3,5,2,0,1,1,1,354463,100000,5000624,143,213,1,145,216,0,0,0,0,1,124,354622,1001523,passed,13,0,1,0
idempotency-accuracy,597,598,idempotency,24,5,5,4,26,0.8,0.3,5,2,0,1,8,98,443056,123758,6187496,405134,1692777,809,355619,1503349,1064,0,0,0,8,245765,689256,113410206,passed,24,3,20,3
idempotency-accuracy,598,599,idempotency,22,5,3,2,26,0.8,0.3,5,2,0,1,9,71,478307,133025,6647029,155647,674871,454,124413,540874,283,0,0,0,9,92413,571181,25297926,passed,22,1,13,1
idempotency-accuracy,599,600,idempotency,13,5,5,5,26,0.8,0.3,5,2,0,1,9,67,384209,105129,5253422,342929,1855748,774,269729,1507054,915,0,0,0,9,213654,598536,12690119,passed,13,2,13,2
idempotency-accuracy,600,601,idempotency,19,4,4,2,21,0.8,0.3,5,2,0,1,13,150,494092,132186,6632477,384079,2624087,1240,298820,1970248,1123,0,0,0,13,260174,755250,19951817,passed,19,3,19,3
idempotency-accuracy,601,602,idempotency,24,2,2,4,11,0.8,0.3,5,2,0,1,1,1,355710,100000,4997187,97,144,1,98,146,0,0,0,0,1,95,355843,1018290,passed,24,0,1,0
idempotency-accuracy,602,603,idempotency,17,5,5,4,26,0.8,0.3,5,2,0,1,1,1,362704,100000,5005582,229,342,1,233,347,0,0,0,0,1,185,362929,1564216,passed,17,0,1,0
idempotency-accuracy,603,604,idempotency,14,2,5,5,11,0.8,0.3,5,2,0,1,1,1,359433,100000,4999848,125,186,2,126,188,0,0,0,0,1,112,359585,988572,passed,14,0,1,0
idempotency-accuracy,604,605,idempotency,24,5,2,3,26,0.8,0.3,5,2,0,1,10,129,615300,162836,8163651,482669,4234713,1977,452002,3937628,1915,0,0,0,10,370771,987016,153024857,validation_failed,24,1,23,1
idempotency-accuracy,605,606,idempotency,24,4,3,2,21,0.8,0.3,5,2,0,1,11,103,967055,243027,12155121,168102,1132446,775,151193,1018385,998,0,0,0,11,131510,1099557,21056145,passed,24,2,16,2
idempotency-accuracy,606,607,idempotency,17,5,5,3,26,0.8,0.3,5,2,0,1,1,1,364113,100000,4999333,177,264,1,181,269,0,0,0,0,1,147,364302,1520747,passed,17,0,1,0
idempotency-accuracy,607,608,idempotency,24,3,2,4,16,0.8,0.3,5,2,0,1,7,50,373548,104827,5224074,98282,704882,226,91489,674226,272,0,0,0,7,67338,441274,6894859,passed,24,1,12,1
idempotency-accuracy,608,609,idempotency,13,3,5,2,16,0.8,0.3,5,2,0,1,8,56,459452,127268,6361120,66148,395382,183,56267,342023,276,0,0,0,8,44374,504198,1951302,validation_failed,13,3,12,3
idempotency-accuracy,609,610,idempotency,23,5,2,4,26,0.8,0.3,5,2,0,1,10,124,589926,163779,8196986,577927,2853224,1369,478924,2411529,1505,0,0,0,10,358186,948806,92540456,passed,23,2,19,2
idempotency-accuracy,610,611,idempotency,15,5,3,4,26,0.8,0.3,5,2,0,1,1,1,357880,100000,4987458,225,336,1,229,341,0,0,0,0,1,176,358099,1415523,passed,15,0,1,0
idempotency-accuracy,611,612,idempotency,12,3,4,5,16,0.8,0.3,5,2,0,1,8,49,390595,108058,5399438,111724,492691,237,89572,402086,289,0,0,0,8,68124,459111,1907890,passed,12,1,10,1
idempotency-accuracy,612,613,idempotency,19,4,2,2,21,0.8,0.3,5,2,0,1,9,69,414348,116581,5824610,92837,679829,226,69103,506602,171,0,0,0,9,57789,472628,5582198,validation_failed,19,1,13,1
idempotency-accuracy,613,614,idempotency,12,5,2,4,26,0.8,0.3,5,2,0,1,1,1,357710,100000,4993703,223,333,1,227,338,0,0,0,0,1,173,357921,1216681,passed,12,0,1,0
idempotency-accuracy,614,615,idempotency,17,2,5,2,11,0.8,0.3,5,2,0,1,7,44,408358,114908,5747809,32934,152839,114,22558,105582,38,0,0,0,7,18997,427664,1321379,passed,17,2,10,2
idempotency-accuracy,615,616,idempotency,20,5,3,5,26,0.8,0.3,5,2,0,1,11,126,482750,127456,6368740,865669,5279029,2450,784547,4807339,2626,0,0,0,11,585326,1068933,83423351,passed,20,1,19,1
idempotency-accuracy,616,617,idempotency,18,2,4,3,11,0.8,0.3,5,2,0,1,10,76,577803,157344,7880208,112981,508080,323,101429,459919,275,0,0,0,10,70523,648917,1847201,passed,18,1,13,1
idempotency-accuracy,617,618,idempotency,22,2,2,3,11,0.8,0.3,5,2,0,1,1,1,362692,100000,5018196,75,111,0,76,113,0,0,0,0,1,81,362851,990335,passed,22,0,1,0
idempotency-accuracy,618,619,idempotency,23,4,4,3,21,0.8,0.3,5,2,0,1,1,1,358572,100000,4991077,143,213,2,146,217,0,0,0,0,1,147,358753,1421868,passed,23,0,1,0
idempotency-accuracy,619,620,idempotency,17,5,2,2,26,0.8,0.3,5,2,0,1,1,1,365067,100000,5001406,119,177,2,123,182,0,0,0,0,1,109,365215,1482086,passed,17,0,1,0
idempotency-accuracy,620,621,idempotency,20,4,5,4,21,0.8,0.3,5,2,0,1,1,1,360349,100000,5009753,187,279,2,190,283,0,0,0,0,1,158,360552,1297142,passed,20,0,1,0
idempotency-accuracy,621,622,idempotency,11,3,3,5,16,0.8,0.3,5,2,0,1,8,41,378779,104438,5224835,90342,380978,241,71594,313764,172,0,0,0,8,54289,433362,1433273,passed,11,2,8,2
idempotency-accuracy,622,623,idempotency,24,4,3,5,21,0.8,0.3,5,2,0,1,14,214,470884,130478,6526694,1121571,6984170,2759,971212,6192450,3560,0,0,0,14,765583,1237811,84765549,passed,24,5,25,5
idempotency-accuracy,623,624,idempotency,15,3,2,2,16,0.8,0.3,5,2,0,1,7,35,380714,105268,5259831,24094,134243,99,18255,102001,56,0,0,0,7,15218,396192,1639516,passed,15,3,8,2
idempotency-accuracy,624,625,idempotency,10,2,2,3,11,0.8,0.3,5,2,0,1,6,23,360494,101595,5077783,15404,168310,78,12157,133869,23,0,0,0,6,10907,371773,1010432,passed,10,1,6,1
idempotency-accuracy,625,626,idempotency,12,4,2,3,21,0.8,0.3,5,2,0,1,1,1,357225,100000,5002600,139,207,11,142,211,0,0,0,0,1,150,357416,1068059,passed,12,0,1,0
idempotency-accuracy,626,627,idempotency,10,4,4,3,21,0.8,0.3,5,2,0,1,1,1,358201,100000,4991121,143,213,1,146,217,0,0,0,0,1,134,358374,1035834,passed,10,0,1,0
idempotency-accuracy,627,628,idempotency,18,2,4,2,11,0.8,0.3,5,2,0,1,9,74,436239,121581,6078970,61665,531266,165,52971,461242,141,0,0,0,9,41506,478367,1640580,passed,18,2,15,2
idempotency-accuracy,628,629,idempotency,18,2,5,3,11,0.8,0.3,5,2,0,1,1,1,359573,100000,4996888,81,120,1,82,122,0,0,0,0,1,99,359713,983757,passed,18,0,1,0
idempotency-accuracy,629,630,idempotency,12,2,3,5,11,0.8,0.3,5,2,0,1,1,1,357938,100000,4995204,121,180,1,122,182,0,0,0,0,1,112,358081,971178,passed,12,0,1,0
idempotency-accuracy,630,631,idempotency,13,2,3,3,11,0.8,0.3,5,2,0,1,1,1,355434,100000,4990785,77,114,0,78,116,0,0,0,0,1,87,355559,961378,passed,13,0,1,0
idempotency-accuracy,631,632,idempotency,23,4,2,4,21,0.8,0.3,5,2,0,1,1,1,356921,100000,5011052,181,270,2,184,274,0,0,0,0,1,160,357124,1476742,passed,23,0,1,0
idempotency-accuracy,632,633,idempotency,13,2,4,3,11,0.8,0.3,5,2,0,1,6,40,410983,114524,5741056,41551,290033,90,29241,199263,115,0,0,0,6,26320,437614,1213270,passed,13,2,11,2
idempotency-accuracy,633,634,idempotency,12,3,4,2,16,0.8,0.3,5,2,0,1,7,39,383950,106645,5323530,28237,139623,56,22716,119976,77,0,0,0,7,18286,403017,1281957,passed,12,1,9,1
idempotency-accuracy,634,635,idempotency,14,4,5,5,21,0.8,0.3,5,2,0,1,9,65,476287,128054,6418405,258296,1133797,811,223618,997522,777,0,0,0,9,172003,648846,5275654,passed,14,2,12,2
idempotency-accuracy,635,636,idempotency,12,2,5,3,11,0.8,0.3,5,2,0,1,4,14,360049,101040,5051559,7027,110208,41,4843,80077,7,0,0,0,4,5228,365573,1035512,passed,12,1,5,1
idempotency-accuracy,636,637,idempotency,13,4,4,2,21,0.8,0.3,5,2,0,1,1,1,359237,100000,4998834,101,150,1,104,154,0,0,0,0,1,100,359376,1089184,passed,13,0,1,0
idempotency-accuracy,637,638,idempotency,17,2,5,5,11,0.8,0.3,5,2,0,1,7,35,398543,108956,5449384,53622,318753,555,41585,256629,650,0,0,0,7,36263,435142,1261670,passed,17,1,8,1
idempotency-accuracy,638,639,idempotency,24,4,3,3,21,0.8,0.3,5,2,0,1,1,1,368889,100000,4998168,141,210,10,144,214,0,0,0,0,1,133,369061,1503364,passed,24,0,1,0
idempotency-accuracy,639,640,idempotency,19,2,5,4,11,0.8,0.3,5,2,0,1,9,56,597175,166735,8336103,67397,502455,157,52411,413749,143,0,0,0,9,42660,640360,1433933,passed,19,2,11,2
idempotency-accuracy,640,641,idempotency,17,5,5,5,26,0.8,0.3,5,2,0,1,1,1,367414,100000,4993835,281,420,2,285,425,10,0,0,0,1,270,367728,1545465,passed,17,0,1,0
idempotency-accuracy,641,642,idempotency,17,4,4,5,21,0.8,0.3,5,2,0,1,10,93,636121,169727,8506186,415214,2100400,1250,356911,1819758,1425,0,0,0,10,277496,914604,13852037,passed,17,1,14,1
idempotency-accuracy,642,643,idempotency,23,4,4,5,21,0.8,0.3,5,2,0,1,7,60,472211,124737,6241059,189864,1021560,1987,173772,940550,2221,0,0,0,7,138934,611670,25076867,passed,23,1,14,1
idempotency-accuracy,643,644,idempotency,17,3,5,4,16,0.8,0.3,5,2,0,1,1,1,357272,100000,5002235,145,216,2,147,219,0,0,0,0,1,138,357450,1033037,passed,17,0,1,0
idempotency-accuracy,644,645,idempotency,24,3,2,2,16,0.8,0.3,5,2,0,1,15,188,925167,258200,12921356,429035,2260396,1174,396008,2113846,1199,0,0,0,15,281170,1207788,19251709,validation_failed,24,1,21,1
idempotency-accuracy,645,646,idempotency,12,3,2,3,16,0.8,0.3,5,2,0,1,4,15,385887,104296,5212172,11764,100877,25,9152,75160,58,0,0,0,4,7906,394028,1234313,passed,12,2,6,2
idempotency-accuracy,646,647,idempotency,15,2,5,4,11,0.8,0.3,5,2,0,1,9,54,580827,161834,8088411,78254,461354,185,61921,363104,257,0,0,0,9,48512,629734,1283934,passed,15,1,10,1
idempotency-accuracy,647,648,idempotency,17,3,4,2,16,0.8,0.3,5,2,0,1,1,1,354728,100000,5000953,79,117,1,81,120,0,0,0,0,1,107,354871,1023739,passed,17,0,1,0
idempotency-accuracy,648,649,idempotency,23,2,2,5,11,0.8,0.3,5,2,0,1,10,97,655971,183845,9200583,234130,1399019,632,185926,1134500,760,0,0,0,10,150661,807409,3233682,passed,23,3,16,3
idempotency-accuracy,649,650,idempotency,11,4,3,2,21,0.8,0.3,5,2,0,1,1,1,355765,100000,4994830,99,147,1,102,151,0,0,0,0,1,96,355904,1039984,passed,11,0,1,0
idempotency-accuracy,650,651,idempotency,23,5,4,2,26,0.8,0.3,5,2,0,1,11,129,569787,153619,7681601,318296,1470321,677,264592,1226418,908,0,0,0,11,196850,767327,50870598,validation_failed,23,6,20,6
idempotency-accuracy,651,652,idempotency,20,2,2,5,11,0.8,0.3,5,2,0,1,8,67,542466,147494,7379611,107394,526031,398,95301,472233,410,0,0,0,8,72280,615166,2248824,passed,20,2,14,2
idempotency-accuracy,652,653,idempotency,15,4,5,4,21,0.8,0.3,5,2,0,1,1,1,366468,100000,4986348,187,279,1,190,283,0,0,0,0,1,147,366655,1159216,passed,15,0,1,0
idempotency-accuracy,653,654,idempotency,10,5,2,4,26,0.8,0.3,5,2,0,1,1,1,374747,100000,4992782,223,333,2,227,338,0,0,0,0,1,206,374996,1117910,passed,10,0,1,0
idempotency-accuracy,654,655,idempotency,23,5,3,3,26,0.8,0.3,5,2,0,1,12,136,490399,137001,6840904,700118,4595425,1705,562379,3766277,1602,0,0,0,12,443771,935138,133462945,passed,23,1,24,1
idempotency-accuracy,655,656,idempotency,17,3,2,4,16,0.8,0.3,5,2,0,1,1,1,363489,100000,5012283,139,207,2,141,210,11,0,0,0,1,151,363691,1034174,passed,17,0,1,0
idempotency-accuracy,656,657,idempotency,23,4,4,5,21,0.8,0.3,5,2,0,1,12,141,894986,251600,12569857,685093,3064062,1765,612099,2767762,2030,0,0,0,12,428583,1324237,55509653,passed,23,3,19,3
idempotency-accuracy,657,658,idempotency,20,2,3,3,11,0.8,0.3,5,2,0,1,10,90,714067,200169,10014311,142397,1000208,521,108525,786021,353,0,0,0,10,91190,805984,1915517,validation_failed,20,2,15,2
idempotency-accuracy,658,659,idempotency,13,4,2,5,21,0.8,0.3,5,2,0,1,7,39,447246,119565,5961245,95123,437586,344,68869,315396,388,0,0,0,7,68868,516409,2759945,passed,13,2,9,2
idempotency-accuracy,659,660,idempotency,10,3,2,4,16,0.8,0.3,5,2,0,1,1,1,384293,100000,5004270,139,207,2,141,210,0,0,0,0,1,125,384458,995181,passed,10,0,1,0
idempotency-accuracy,660,661,idempotency,19,3,2,5,16,0.8,0.3,5,2,0,1,12,116,787464,215306,10777966,406659,3940330,1312,340846,3321120,1278,0,0,0,12,291219,1079572,6612132,passed,19,1,15,1
idempotency-accuracy,661,662,idempotency,12,4,4,4,21,0.8,0.3,5,2,0,1,7,42,417334,117467,5856148,100994,546524,185,84090,466078,340,0,0,0,7,63410,481041,3561894,passed,12,1,10,1
idempotency-accuracy,662,663,idempotency,16,3,4,2,16,0.8,0.3,5,2,0,1,1,1,355256,100000,5012788,79,117,1,81,120,0,0,0,0,1,85,355375,1002312,passed,16,0,1,0
idempotency-accuracy,663,664,idempotency,12,4,2,2,21,0.8,0.3,5,2,0,1,5,35,411353,116570,5818250,38548,181970,133,35601,170610,139,0,0,0,5,24887,436484,2637269,passed,12,1,10,1
idempotency-accuracy,664,665,idempotency,23,4,2,5,21,0.8,0.3,5,2,0,1,12,118,518731,146886,7331424,579805,4444106,1652,453399,3576634,1537,0,0,0,12,376977,896629,28040759,passed,23,1,17,1
idempotency-accuracy,665,666,idempotency,15,4,3,4,21,0.8,0.3,5,2,0,1,8,63,448039,124533,6236561,126105,519254,395,109590,467023,319,0,0,0,8,77192,525552,5411042,validation_failed,15,2,11,2
idempotency-accuracy,666,667,idempotency,21,5,3,2,26,0.8,0.3,5,2,0,1,14,168,633677,175989,8798651,442473,3997840,1497,399222,3666182,1553,0,0,0,14,314702,949876,57625075,passed,21,3,21,3
idempotency-accuracy,667,668,idempotency,22,5,5,5,26,0.8,0.3,5,2,0,1,1,1,369797,100000,4993748,281,420,2,285,425,0,0,0,0,1,223,370056,2207309,passed,22,0,1,0
idempotency-accuracy,668,669,idempotency,13,3,2,2,16,0.8,0.3,5,2,0,1,7,48,413258,114861,5742254,39729,173630,111,35689,156249,139,0,0,0,7,25030,438555,1717113,passed,13,2,11,2
idempotency-accuracy,669,670,idempotency,16,4,3,2,21,0.8,0.3,5,2,0,1,1,1,356041,100000,5005974,99,147,2,102,151,0,0,0,0,1,101,356184,1159682,passed,16,0,1,0
idempotency-accuracy,670,671,idempotency,14,3,5,5,16,0.8,0.3,5,2,0,1,8,68,366816,102781,5156928,147947,697304,483,134893,652921,509,0,0,0,8,92802,460031,2522636,passed,14,1,13,1
idempotency-accuracy,671,672,idempotency,10,3,2,3,16,0.8,0.3,5,2,0,1,7,48,417062,116118,5812221,61150,279077,176,56216,260016,194,0,0,0,7,39730,457177,1372889,passed,10,1,10,1
idempotency-accuracy,672,673,idempotency,14,3,5,3,16,0.8,0.3,5,2,0,1,9,62,432460,121061,6064430,97662,465210,326,73951,361753,261,0,0,0,9,57148,490025,2141945,passed,14,3,12,3
idempotency-accuracy,673,674,idempotency,11,4,3,3,21,0.8,0.3,5,2,0,1,6,36,385405,104219,5196420,50117,225024,158,45171,207468,196,0,0,0,6,33056,418692,2385258,passed,11,1,9,1
idempotency-accuracy,674,675,idempotency,20,2,4,3,11,0.8,0.3,5,2,0,1,8,45,408199,113348,5680109,37191,370525,158,28430,284457,120,0,0,0,8,25519,434088,1826503,passed,20,1,9,1
idempotency-accuracy,675,676,idempotency,15,2,2,2,11,0.8,0.3,5,2,0,1,4,15,359607,101153,5059641,4158,22064,11,2895,16133,18,0,0,0,4,2601,362341,1167946,passed,15,2,6,2
idempotency-accuracy,676,677,idempotency,22,4,2,5,21,0.8,0.3,5,2,0,1,14,171,752810,210375,10483594,978003,5425144,2995,730451,4103367,2422,0,0,0,14,607961,1361736,54399724,validation_failed,22,6,21,6
idempotency-accuracy,677,678,idempotency,17,4,4,2,21,0.8,0.3,5,2,0,1,1,1,353296,100000,5014790,101,150,2,104,154,0,0,0,0,1,98,353426,1164999,passed,17,0,1,0
idempotency-accuracy,678,679,idempotency,19,4,4,4,21,0.8,0.3,5,2,0,1,9,100,491572,137113,6850345,284667,1291435,823,238689,1137382,635,0,0,0,9,177481,669504,18307137,passed,19,6,17,6
idempotency-accuracy,679,680,idempotency,15,4,3,2,21,0.8,0.3,5,2,0,1,1,1,358061,100000,4998253,99,147,3,102,151,35,0,0,0,1,172,358269,1106759,passed,15,0,1,0
idempotency-accuracy,680,681,idempotency,18,4,3,3,21,0.8,0.3,5,2,0,1,1,1,360366,100000,5010721,141,210,2,144,214,0,0,0,0,1,172,360572,1188256,passed,18,0,1,0
idempotency-accuracy,681,682,idempotency,10,5,5,4,26,0.8,0.3,5,2,0,1,5,32,408091,113926,5692249,68793,307679,144,61969,287530,278,0,0,0,5,47288,456024,3617312,passed,10,1,9,1
idempotency-accuracy,682,683,idempotency,11,3,4,4,16,0.8,0.3,5,2,0,1,5,20,422418,118983,5933167,23932,127575,77,19719,110210,92,0,0,0,5,15468,438109,1233344,passed,11,1,6,1
idempotency-accuracy,683,684,idempotency,13,4,3,2,21,0.8,0.3,5,2,0,1,1,1,362038,100000,5007261,99,147,2,102,151,0,0,0,0,1,125,362202,1110823,passed,13,0,1,0
idempotency-accuracy,684,685,idempotency,13,2,2,4,11,0.8,0.3,5,2,0,1,6,30,420872,114657,5728630,29862,133338,181,24654,110897,182,0,0,0,6,19764,440862,1128091,validation_failed,13,1,8,1
idempotency-accuracy,685,686,idempotency,18,4,4,2,21,0.8,0.3,5,2,0,1,12,128,612539,162007,8099586,355223,1971970,2607,293883,1633392,2983,0,0,0,12,245647,859207,15737221,passed,18,1,19,1
idempotency-accuracy,686,687,idempotency,10,4,3,2,21,0.8,0.3,5,2,0,1,1,1,362864,100000,4998264,99,147,23,102,151,0,0,0,0,1,133,363036,1070745,passed,10,0,1,0
idempotency-accuracy,687,688,idempotency,16,5,3,4,26,0.8,0.3,5,2,0,1,1,1,373459,100000,5000469,225,336,1,229,341,0,0,0,0,1,182,373689,1527181,passed,16,0,1,0
idempotency-accuracy,688,689,idempotency,13,4,3,3,21,0.8,0.3,5,2,0,1,7,56,443523,121786,6081025,97858,444489,460,89494,413690,438,0,0,0,7,63653,507548,4574694,passed,13,1,12,1
idempotency-accuracy,689,690,idempotency,13,3,3,4,16,0.8,0.3,5,2,0,1,4,15,373942,102195,5105181,11722,77821,100,8262,56619,84,0,0,0,4,7770,381834,1342679,passed,13,2,6,2
idempotency-accuracy,690,691,idempotency,13,4,4,4,21,0.8,0.3,5,2,0,1,1,1,375133,100000,5008599,185,276,1,188,280,0,0,0,0,1,150,375324,1130469,passed,13,0,1,0
idempotency-accuracy,691,692,idempotency,22,4,5,4,21,0.8,0.3,5,2,0,1,15,209,439307,121066,6065090,1174438,6504825,5822,1059840,6006037,6935,0,0,0,15,785948,1226586,62054026,passed,22,3,22,3
idempotency-accuracy,692,693,idempotency,22,2,3,3,11,0.8,0.3,5,2,0,1,1,1,362409,100000,5007586,77,114,2,78,116,0,0,0,0,1,102,362553,992687,passed,22,0,1,0
idempotency-accuracy,693,694,idempotency,12,2,5,5,11,0.8,0.3,5,2,0,1,3,11,355161,100764,5026608,7313,38357,24,6159,33981,44,0,0,0,3,4729,360028,1002646,passed,12,1,5,1
idempotency-accuracy,694,695,idempotency,15,4,3,2,21,0.8,0.3,5,2,0,1,1,1,355669,100000,5008189,99,147,2,102,151,0,0,0,0,1,98,355804,1134856,passed,15,0,1,0
idempotency-accuracy,695,696,idempotency,23,5,4,4,26,0.8,0.3,5,2,0,1,1,1,355991,100000,4998526,227,339,2,231,344,0,0,0,0,1,189,356224,2091414,passed,23,0,1,0
idempotency-accuracy,696,697,idempotency,11,4,5,5,21,0.8,0.3,5,2,0,1,1,1,361688,100000,5007866,229,342,1,232,346,15,0,0,0,1,187,361917,1085273,passed,11,0,1,0
idempotency-accuracy,697,698,idempotency,20,2,4,3,11,0.8,0.3,5,2,0,1,1,1,374616,100000,5002319,79,117,2,80,119,0,0,0,0,1,88,374749,983061,passed,20,0,1,0
idempotency-accuracy,698,699,idempotency,13,3,5,3,16,0.8,0.3,5,2,0,1,1,1,355964,100000,4989044,113,168,0,115,171,0,0,0,0,1,136,356141,1002840,passed,13,0,1,0
idempotency-accuracy,699,700,idempotency,22,5,5,5,26,0.8,0.3,5,2,0,1,8,53,399379,108503,5421383,190379,933490,476,149698,756638,534,0,0,0,8,113104,512935,23703391,passed,22,1,11,1
idempotency-accuracy,700,701,idempotency,15,2,2,3,11,0.8,0.3,5,2,0,1,2,5,367057,100257,5012021,993,5313,2,636,3590,40,0,0,0,2,830,368001,1007597,passed,15,1,3,1
idempotency-accuracy,701,702,idempotency,24,4,5,4,21,0.8,0.3,5,2,0,1,13,159,464928,128189,6428722,718109,3416854,4236,612522,2935294,4857,0,0,0,13,467123,933012,67140008,validation_failed,24,1,21,1
idempotency-accuracy,702,703,idempotency,12,5,2,2,26,0.8,0.3,5,2,0,1,9,54,719334,200984,10056320,110674,812157,272,90264,677461,337,0,0,0,9,71615,791490,4408563,passed,12,1,10,1
idempotency-accuracy,703,704,idempotency,18,2,3,3,11,0.8,0.3,5,2,0,1,1,1,360792,100000,5000180,77,114,2,78,116,0,0,0,0,1,108,360939,1006456,passed,18,0,1,0
idempotency-accuracy,704,705,idempotency,22,4,5,5,21,0.8,0.3,5,2,0,1,1,1,382049,100000,5006987,229,342,1,232,346,0,0,0,0,1,204,382297,1467895,passed,22,0,1,0
idempotency-accuracy,705,706,idempotency,13,3,3,4,16,0.8,0.3,5,2,0,1,8,60,457746,122114,6120273,100327,490355,538,91527,460535,714,0,0,0,8,66593,525046,1788903,passed,13,1,11,1
idempotency-accuracy,706,707,idempotency,14,3,5,5,16,0.8,0.3,5,2,0,1,6,46,397649,103784,5200235,107848,533508,638,83062,440499,539,0,0,0,6,70747,468638,2547574,passed,14,3,12,3
idempotency-accuracy,707,708,idempotency,22,2,3,2,11,0.8,0.3,5,2,0,1,12,110,825434,224249,11210118,125937,1119506,433,95931,838028,410,0,0,0,12,85594,911989,2415113,validation_failed,22,1,17,1
idempotency-accuracy,708,709,idempotency,16,5,3,5,26,0.8,0.3,5,2,0,1,1,1,360143,100000,5002472,277,414,1,281,419,0,0,0,0,1,210,360396,1457393,passed,16,0,1,0
idempotency-accuracy,709,710,idempotency,11,3,5,3,16,0.8,0.3,5,2,0,1,6,34,414616,114604,5731746,44758,425944,105,32401,307879,148,0,0,0,6,30818,445748,1481127,passed,11,1,10,1
idempotency-accuracy,710,711,idempotency,23,3,4,4,16,0.8,0.3,5,2,0,1,1,1,361593,100000,5007090,143,213,3,145,216,0,0,0,0,1,181,361820,1131258,passed,23,0,1,0
idempotency-accuracy,711,712,idempotency,15,4,3,2,21,0.8,0.3,5,2,0,1,1,1,379982,100000,5005412,99,147,9,102,151,0,0,0,0,1,111,380136,1140625,passed,15,0,1,0
idempotency-accuracy,712,713,idempotency,22,3,5,4,16,0.8,0.3,5,2,0,1,1,1,356136,100000,4996691,145,216,2,147,219,0,0,0,0,1,131,356301,1107279,passed,22,0,1,0
idempotency-accuracy,713,714,idempotency,24,3,2,4,16,0.8,0.3,5,2,0,1,10,82,611461,167942,8401950,183353,1580368,660,151371,1311697,654,0,0,0,10,132616,744863,5283045,passed,24,1,13,1
idempotency-accuracy,714,715,idempotency,23,4,5,2,21,0.8,0.3,5,2,0,1,13,127,668416,184562,9233351,369944,2369584,1891,294053,1863904,1871,0,0,0,13,236340,905626,31900837,passed,23,1,18,1
idempotency-accuracy,715,716,idempotency,15,5,5,2,26,0.8,0.3,5,2,0,1,9,70,508995,135302,6769183,140867,670467,422,112405,548993,337,0,0,0,9,87352,596800,12490163,passed,15,1,13,1
idempotency-accuracy,716,717,idempotency,18,5,3,3,26,0.8,0.3,5,2,0,1,7,42,467913,130719,6537363,91478,526009,182,79254,465863,235,0,0,0,7,58619,526880,12391730,passed,18,1,10,1
idempotency-accuracy,717,718,idempotency,22,5,4,5,26,0.8,0.3,5,2,0,1,1,1,357087,100000,5006950,279,417,1,283,422,0,0,0,0,1,208,357330,2151633,passed,22,0,1,0
idempotency-accuracy,718,719,idempotency,15,4,3,2,21,0.8,0.3,5,2,0,1,4,23,357367,100210,5006709,25141,95630,49,20824,77047,88,0,0,0,4,15162,372668,4188263,validation_failed,15,1,11,1
idempotency-accuracy,719,720,idempotency,19,2,2,2,11,0.8,0.3,5,2,0,1,9,58,537545,151491,7565670,45281,679385,159,37011,571442,188,0,0,0,9,34625,572930,1362097,passed,19,1,11,1
idempotency-accuracy,720,721,idempotency,12,3,2,4,16,0.8,0.3,5,2,0,1,1,1,365217,100000,5019987,139,207,2,141,210,0,0,0,0,1,147,365403,1013666,passed,12,0,1,0
idempotency-accuracy,721,722,idempotency,23,2,2,2,11,0.8,0.3,5,2,0,1,8,49,420954,117768,5899698,32316,277925,121,24433,208935,118,0,0,0,8,21610,442895,1458854,passed,23,2,10,1
idempotency-accuracy,722,723,idempotency,16,3,5,2,16,0.8,0.3,5,2,0,1,5,44,366180,102521,5135017,47299,257415,107,40707,235478,147,0,0,0,5,31149,397634,3831756,passed,16,4,15,4
idempotency-accuracy,723,724,idempotency,17,2,3,3,11,0.8,0.3,5,2,0,1,3,12,363847,100337,5031175,5016,17496,8,4230,15411,26,0,0,0,3,3100,367040,1090159,passed,17,1,6,1
idempotency-accuracy,724,725,idempotency,11,5,4,5,26,0.8,0.3,5,2,0,1,4,14,357718,100328,5011555,24047,165736,64,16974,124485,101,0,0,0,4,14649,372540,2470268,passed,11,1,5,1
idempotency-accuracy,725,726,idempotency,17,3,4,4,16,0.8,0.3,5,2,0,1,11,95,889919,244283,12191075,212124,1269390,631,195470,1180401,655,0,0,0,11,144184,1035000,4187575,passed,17,1,14,1
idempotency-accuracy,726,727,idempotency,24,2,2,2,11,0.8,0.3,5,2,0,1,13,179,525514,146524,7316668,255040,1905149,691,212941,1631678,760,0,0,0,13,169435,696074,4457606,validation_failed,24,2,22,2
idempotency-accuracy,727,728,idempotency,22,4,2,2,21,0.8,0.3,5,2,0,1,1,1,384971,100000,5008831,97,144,1,100,148,0,0,0,0,1,96,385106,1317572,passed,22,0,1,0
idempotency-accuracy,728,729,idempotency,21,4,5,4,21,0.8,0.3,5,2,0,1,1,1,364270,100000,4987052,187,279,9,190,283,0,0,0,0,1,160,364469,1329979,passed,21,0,1,0
idempotency-accuracy,729,730,idempotency,17,2,4,4,11,0.8,0.3,5,2,0,1,1,1,361209,100000,5004981,101,150,1,102,152,8,0,0,0,1,108,361359,986193,passed,17,0,1,0
idempotency-accuracy,730,731,idempotency,18,4,3,4,21,0.8,0.3,5,2,0,1,10,88,766722,206839,10317919,333399,2487152,2122,270568,2087221,2170,0,0,0,10,241817,1009228,11202350,passed,18,2,15,2
idempotency-accuracy,731,732,idempotency,20,3,5,5,16,0.8,0.3,5,2,0,1,15,157,504175,141377,7056342,770781,4811322,1898,629802,3992921,2192,0,0,0,15,499359,1004574,10338507,passed,20,3,19,3
idempotency-accuracy,732,733,idempotency,19,4,2,4,21,0.8,0.3,5,2,0,1,15,153,539583,151552,7572592,685224,5342580,1577,562924,4347826,1905,0,0,0,15,463059,1003721,22866757,validation_failed,19,1,18,1
idempotency-accuracy,733,734,idempotency,19,4,2,5,21,0.8,0.3,5,2,0,1,8,60,582857,154351,7733361,184823,1015131,628,127727,709612,494,0,0,0,8,114389,697655,10058838,passed,19,5,13,5
idempotency-accuracy,734,735,idempotency,13,2,3,2,11,0.8,0.3,5,2,0,1,1,1,379279,100000,5007255,55,81,1,56,83,0,0,0,0,1,74,379393,988116,passed,13,0,1,0
idempotency-accuracy,735,736,idempotency,12,3,3,5,16,0.8,0.3,5,2,0,1,1,1,365082,100000,5001712,173,258,2,175,261,8,0,0,0,1,159,365284,994576,passed,12,0,1,0
idempotency-accuracy,736,737,idempotency,12,2,3,5,11,0.8,0.3,5,2,0,1,1,1,356740,100000,4991006,121,180,2,122,182,0,0,0,0,1,141,356920,962356,passed,12,0,1,0
idempotency-accuracy,737,738,idempotency,18,4,5,5,21,0.8,0.3,5,2,0,1,7,57,562813,145068,7256950,266005,1570853,660,217539,1353908,907,0,0,0,7,177443,740790,14344454,passed,18,2,13,2
idempotency-accuracy,738,739,idempotency,15,2,5,5,11,0.8,0.3,5,2,0,1,1,1,359874,100000,5006218,125,186,2,126,188,0,0,0,0,1,121,360039,975451,passed,15,0,1,0
idempotency-accuracy,739,740,idempotency,14,4,3,5,21,0.8,0.3,5,2,0,1,7,37,420142,115857,5799438,101917,884969,200,75254,677575,378,0,0,0,7,68251,488764,4862668,passed,14,2,9,2
idempotency-accuracy,740,741,idempotency,20,2,4,4,11,0.8,0.3,5,2,0,1,1,1,362718,100000,5002922,101,150,2,102,152,0,0,0,0,1,133,362894,971305,passed,20,0,1,0
idempotency-accuracy,741,742,idempotency,15,2,3,5,11,0.8,0.3,5,2,0,1,5,17,452367,124249,6224566,14319,58756,83,12581,53198,60,0,0,0,5,9093,461661,1106859,passed,15,2,5,1
idempotency-accuracy,742,743,idempotency,17,2,5,2,11,0.8,0.3,5,2,0,1,9,75,397139,104074,5215297,79696,832746,997,58186,598539,994,0,0,0,9,59106,456877,1538927,passed,17,2,14,2
idempotency-accuracy,743,744,idempotency,17,2,2,3,11,0.8,0.3,5,2,0,1,1,1,355518,100000,5001024,75,111,2,76,113,0,0,0,0,1,85,355636,986409,passed,17,1,1,0
idempotency-accuracy,744,745,idempotency,16,3,5,3,16,0.8,0.3,5,2,0,1,1,1,353600,100000,4996333,113,168,3,115,171,0,0,0,0,1,112,353758,1016265,passed,16,0,1,0
idempotency-accuracy,745,746,idempotency,12,3,2,3,16,0.8,0.3,5,2,0,1,1,1,364415,100000,5009012,107,159,2,109,162,0,0,0,0,1,114,364567,1024562,passed,12,0,1,0
idempotency-accuracy,746,747,idempotency,10,2,3,4,11,0.8,0.3,5,2,0,1,7,35,478770,130620,6537780,34378,202296,226,26353,158811,165,0,0,0,7,21982,501039,1069508,passed,10,1,8,1
idempotency-accuracy,747,748,idempotency,20,3,4,2,16,0.8,0.3,5,2,0,1,1,1,360175,100000,5002434,79,117,2,81,120,0,0,0,0,1,93,360306,1059793,passed,20,0,1,0
idempotency-accuracy,748,749,idempotency,14,5,4,5,26,0.8,0.3,5,2,0,1,7,53,424718,119334,5970439,192511,842470,583,173826,784617,532,0,0,0,7,124153,549171,12334863,validation_failed,14,1,11,1
idempotency-accuracy,749,750,idempotency,14,2,2,4,11,0.8,0.3,5,2,0,1,1,1,355977,100000,5016705,97,144,18,98,146,0,0,0,0,1,118,356131,974297,passed,14,0,1,0
idempotency-accuracy,750,751,idempotency,11,4,4,2,21,0.8,0.3,5,2,0,1,7,45,356154,100498,5022586,60579,225340,158,44653,161046,116,0,0,0,7,34032,390396,2750643,passed,11,1,11,1
idempotency-accuracy,751,752,idempotency,12,5,3,5,26,0.8,0.3,5,2,0,1,1,1,359167,100000,4999956,277,414,2,281,419,0,0,0,0,1,209,359426,1237037,passed,12,0,1,0
idempotency-accuracy,752,753,idempotency,14,4,3,5,21,0.8,0.3,5,2,0,1,1,1,352721,100000,4994224,225,336,1,228,340,0,0,0,0,1,191,352947,1167770,passed,14,0,1,0
idempotency-accuracy,753,754,idempotency,19,5,3,4,26,0.8,0.3,5,2,0,1,1,1,354538,100000,4983257,225,336,2,229,341,1,0,0,0,1,196,354775,1751330,passed,19,0,1,0
idempotency-accuracy,754,755,idempotency,23,5,5,4,26,0.8,0.3,5,2,0,1,14,197,647729,179650,8953801,1336921,6803143,3923,1023558,5327787,3667,0,0,0,14,807119,1456144,145249022,validation_failed,23,4,23,4
idempotency-accuracy,755,756,idempotency,24,2,2,2,11,0.8,0.3,5,2,0,1,2,5,370282,100082,5012817,849,3093,2,670,2610,0,0,0,0,2,596,370959,1041043,passed,24,1,3,1
idempotency-accuracy,756,757,idempotency,16,5,4,3,26,0.8,0.3,5,2,0,1,6,27,425343,117479,5863350,45143,195694,92,33489,147051,145,0,0,0,6,27864,453421,5084135,passed,16,1,7,1
idempotency-accuracy,757,758,idempotency,12,3,5,2,16,0.8,0.3,5,2,0,1,1,1,352279,100000,4999925,81,120,2,83,123,0,0,0,0,1,93,352413,985787,passed,12,0,1,0
idempotency-accuracy,758,759,idempotency,19,3,3,2,16,0.8,0.3,5,2,0,1,1,1,359516,100000,4990070,77,114,1,79,117,0,0,0,0,1,82,359637,1064921,passed,19,0,1,0
idempotency-accuracy,759,760,idempotency,11,2,3,4,11,0.8,0.3,5,2,0,1,4,17,438300,123240,6171029,10470,39036,62,9077,35061,36,0,0,0,4,6599,445051,1029270,passed,11,1,6,1
idempotency-accuracy,760,761,idempotency,21,4,2,2,21,0.8,0.3,5,2,0,1,11,89,415271,115092,5763964,163659,755171,360,119431,556079,326,0,0,0,11,94811,510547,16969208,validation_failed,21,4,15,4
idempotency-accuracy,761,762,idempotency,19,2,3,4,11,0.8,0.3,5,2,0,1,6,21,383982,108265,5409443,16492,79087,40,14810,66576,102,0,0,0,6,10699,394871,1117779,passed,19,2,6,1
idempotency-accuracy,762,763,idempotency,18,2,3,4,11,0.8,0.3,5,2,0,1,8,51,550285,154636,7723628,61747,358054,166,46026,278552,156,0,0,0,8,37753,588441,1521724,passed,18,3,11,3
idempotency-accuracy,763,764,idempotency,19,4,2,3,21,0.8,0.3,5,2,0,1,1,1,355347,100000,5004206,139,207,1,142,211,0,0,0,0,1,121,355503,1273841,passed,19,0,1,0
idempotency-accuracy,764,765,idempotency,18,4,5,2,21,0.8,0.3,5,2,0,1,10,107,418957,116448,5823233,213691,1150075,575,174883,920993,493,0,0,0,10,132208,551711,13744434,validation_failed,18,3,17,3
idempotency-accuracy,765,766,idempotency,24,2,4,3,11,0.8,0.3,5,2,0,1,11,94,483070,132591,6631454,126216,795410,364,96751,631679,260,0,0,0,11,78518,562147,3071527,passed,24,3,16,3
idempotency-accuracy,766,767,idempotency,15,5,5,4,26,0.8,0.3,5,2,0,1,1,1,353172,100000,4990989,229,342,1,233,347,0,0,0,0,1,177,353379,1452159,passed,15,0,1,0
idempotency-accuracy,767,768,idempotency,12,3,2,4,16,0.8,0.3,5,2,0,1,5,28,397153,111137,5568355,33310,188247,99,30075,173432,78,0,0,0,5,21470,418843,1469673,passed,12,1,8,1
idempotency-accuracy,768,769,idempotency,16,3,2,5,16,0.8,0.3,5,2,0,1,1,1,363246,100000,5001197,171,255,14,173,258,0,0,0,0,1,156,363443,1055969,passed,16,0,1,0
idempotency-accuracy,769,770,idempotency,24,4,3,3,21,0.8,0.3,5,2,0,1,15,221,1118875,310473,15507419,811256,5442625,2323,708312,4833007,2485,0,0,0,15,558399,1678869,49465014,validation_failed,24,2,24,2
idempotency-accuracy,770,771,idempotency,17,4,3,4,21,0.8,0.3,5,2,0,1,11,95,847955,232398,11612175,336987,2255406,944,257650,1660424,1015,0,0,0,11,222063,1070631,11580501,passed,17,2,15,2
idempotency-accuracy,771,772,idempotency,14,4,5,2,21,0.8,0.3,5,2,0,1,7,51,456073,124687,6226426,68633,455397,193,63907,433315,239,0,0,0,7,48892,505440,4327376,passed,14,1,11,1
idempotency-accuracy,772,773,idempotency,21,5,2,5,26,0.8,0.3,5,2,0,1,1,1,374919,100000,4994441,275,411,2,279,416,0,0,0,0,1,217,375174,1902803,passed,21,0,1,0
idempotency-accuracy,773,774,idempotency,14,2,2,3,11,0.8,0.3,5,2,0,1,1,1,360217,100000,4987886,75,111,2,76,113,0,0,0,0,1,91,360344,1016193,passed,14,0,1,0
idempotency-accuracy,774,775,idempotency,10,5,5,3,26,0.8,0.3,5,2,0,1,7,40,392294,106032,5296669,90947,396255,473,75585,329286,395,0,0,0,7,57223,449788,3651468,passed,10,1,9,1
idempotency-accuracy,775,776,idempotency,10,5,4,4,26,0.8,0.3,5,2,0,1,6,28,376873,106220,5317805,54567,235889,154,39488,180061,109,0,0,0,6,31333,408688,2664708,passed,10,3,7,2
idempotency-accuracy,776,777,idempotency,15,5,5,4,26,0.8,0.3,5,2,0,1,7,68,385009,107746,5389627,224859,839438,469,199207,752446,769,0,0,0,7,137086,522400,22240220,passed,15,2,15,2
idempotency-accuracy,777,778,idempotency,24,3,2,3,16,0.8,0.3,5,2,0,1,10,102,474868,133178,6651398,212589,1568028,508,196749,1472851,620,0,0,0,10,145964,621576,13593006,validation_failed,24,1,17,1
idempotency-accuracy,778,779,idempotency,21,3,3,2,16,0.8,0.3,5,2,0,1,9,63,1207968,333008,16636955,80985,497412,317,62985,389906,188,0,0,0,9,52383,1260882,4480464,passed,21,1,13,1
idempotency-accuracy,779,780,idempotency,23,3,5,4,16,0.8,0.3,5,2,0,1,10,92,900053,252928,12622507,197990,1050863,641,182054,983128,544,0,0,0,10,125019,1025663,7141479,validation_failed,23,1,14,1
idempotency-accuracy,780,781,idempotency,20,4,4,2,21,0.8,0.3,5,2,0,1,9,72,405427,113827,5680272,111202,566196,197,102519,525167,325,0,0,0,9,69058,474907,12108465,passed,20,1,14,1
idempotency-accuracy,781,782,idempotency,15,2,4,2,11,0.8,0.3,5,2,0,1,1,1,355582,100000,5004602,57,84,2,58,86,0,0,0,0,1,95,355721,977375,passed,15,0,1,0
idempotency-accuracy,782,783,idempotency,12,4,2,2,21,0.8,0.3,5,2,0,1,5,27,368560,103787,5185182,25012,115856,98,20249,95899,99,0,0,0,5,15476,384375,1905107,passed,12,1,8,1
idempotency-accuracy,783,784,idempotency,17,3,2,4,16,0.8,0.3,5,2,0,1,1,1,353735,100000,4999141,139,207,21,141,210,0,0,0,0,1,145,353911,1036006,passed,17,0,1,0
idempotency-accuracy,784,785,idempotency,12,2,2,2,11,0.8,0.3,5,2,0,1,1,1,358604,100000,4998283,53,78,2,54,80,0,0,0,0,1,77,358721,969272,passed,12,0,1,0
idempotency-accuracy,785,786,idempotency,11,5,4,5,26,0.8,0.3,5,2,0,1,1,1,361808,100000,4985084,279,417,1,283,422,0,0,0,0,1,227,362087,1203609,passed,11,0,1,0
idempotency-accuracy,786,787,idempotency,17,2,3,5,11,0.8,0.3,5,2,0,1,8,44,444459,123943,6202861,51679,242311,180,39421,194030,130,0,0,0,8,30808,475535,1506348,passed,17,2,9,2
idempotency-accuracy,787,788,idempotency,15,4,4,4,21,0.8,0.3,5,2,0,1,1,1,371413,100000,5006949,185,276,2,188,280,0,0,0,0,1,182,371636,1126259,passed,15,0,1,0
idempotency-accuracy,788,789,idempotency,14,4,4,4,21,0.8,0.3,5,2,0,1,1,1,359784,100000,5013618,185,276,2,188,280,0,0,0,0,1,149,359970,1110005,passed,14,0,1,0
idempotency-accuracy,789,790,idempotency,21,2,2,3,11,0.8,0.3,5,2,0,1,11,83,768011,214916,10734750,142141,897176,335,125305,809041,414,0,0,0,11,92572,861218,1902167,passed,21,1,13,1
idempotency-accuracy,790,791,idempotency,11,5,2,4,26,0.8,0.3,5,2,0,1,6,42,571745,161071,8052898,94106,427855,195,85123,393722,257,0,0,0,6,58788,630833,4601151,passed,11,1,10,1
idempotency-accuracy,791,792,idempotency,13,4,2,4,21,0.8,0.3,5,2,0,1,5,26,374218,104300,5213323,50732,189777,96,43198,165604,192,0,0,0,5,30937,405314,2951602,passed,13,1,8,1
idempotency-accuracy,792,793,idempotency,23,5,4,2,26,0.8,0.3,5,2,0,1,1,1,354704,100000,4982759,123,183,2,127,188,0,0,0,0,1,115,354862,1819948,passed,23,0,1,0
idempotency-accuracy,793,794,idempotency,11,2,3,3,11,0.8,0.3,5,2,0,1,3,13,407480,114151,5718375,6144,33640,14,5437,31061,33,0,0,0,3,4040,411660,998158,passed,11,1,6,1
idempotency-accuracy,794,795,idempotency,10,5,4,4,26,0.8,0.3,5,2,0,1,1,1,359865,100000,4999817,227,339,2,231,344,0,0,0,0,1,183,360090,1142338,passed,10,0,1,0
idempotency-accuracy,795,796,idempotency,16,4,4,4,21,0.8,0.3,5,2,0,1,1,1,362179,100000,5004716,185,276,8,188,280,0,0,0,0,1,159,362379,1163293,passed,16,0,1,0
idempotency-accuracy,796,797,idempotency,12,5,4,2,26,0.8,0.3,5,2,0,1,9,64,432656,119622,5984396,143728,689978,502,113428,556387,373,0,0,0,9,91366,524591,6690405,passed,12,1,12,1
idempotency-accuracy,797,798,idempotency,15,2,5,2,11,0.8,0.3,5,2,0,1,6,26,424132,117872,5875050,14591,156620,94,12346,134430,46,0,0,0,6,10475,435085,1084723,passed,15,1,7,1
idempotency-accuracy,798,799,idempotency,15,5,4,2,26,0.8,0.3,5,2,0,1,1,1,355415,100000,5024817,123,183,2,127,188,0,0,0,0,1,114,355568,1339537,passed,15,0,1,0
idempotency-accuracy,799,800,idempotency,23,4,5,3,21,0.8,0.3,5,2,0,1,7,51,401425,112462,5633725,88895,331981,326,83030,303598,282,0,0,0,7,58419,460573,11296276,passed,23,2,11,2
idempotency-accuracy,800,801,idempotency,14,5,2,4,26,0.8,0.3,5,2,0,1,1,1,362610,100000,5004415,223,333,2,227,338,0,0,0,0,1,177,362839,1265775,passed,14,0,1,0
idempotency-accuracy,801,802,idempotency,10,3,3,2,16,0.8,0.3,5,2,0,1,1,1,355947,100000,5002444,77,114,2,79,117,0,0,0,0,1,108,356103,986840,passed,10,0,1,0
idempotency-accuracy,802,803,idempotency,21,3,3,4,16,0.8,0.3,5,2,0,1,1,1,366854,100000,5017408,141,210,2,143,213,0,0,0,0,1,147,367043,1126585,passed,21,0,1,0
idempotency-accuracy,803,804,idempotency,14,2,4,2,11,0.8,0.3,5,2,0,1,1,1,371954,100000,5001536,57,84,2,58,86,0,0,0,0,1,88,372086,997717,passed,14,0,1,0
idempotency-accuracy,804,805,idempotency,14,2,5,5,11,0.8,0.3,5,2,0,1,3,13,396979,107332,5375775,10252,32027,39,9057,28534,20,0,0,0,3,6562,403645,1034771,passed,14,1,6,1
idempotency-accuracy,805,806,idempotency,10,3,2,2,16,0.8,0.3,5,2,0,1,1,1,371356,100000,5006273,75,111,1,77,114,0,0,0,0,1,109,371505,977602,passed,10,0,1,0
idempotency-accuracy,806,807,idempotency,14,5,5,2,26,0.8,0.3,5,2,0,1,10,88,531519,144713,7253565,154426,1055063,415,127466,871527,434,0,0,0,10,107536,639895,7727356,passed,14,1,14,1
idempotency-accuracy,807,808,idempotency,21,3,4,3,16,0.8,0.3,5,2,0,1,9,81,517856,143368,7175208,182685,686608,717,138684,523392,756,0,0,0,9,108168,626384,6522923,validation_failed,21,5,15,5
idempotency-accuracy,808,809,idempotency,14,5,3,2,26,0.8,0.3,5,2,0,1,8,42,398557,108670,5421252,56532,437425,129,44050,353970,214,0,0,0,8,38151,437132,3647925,passed,14,1,8,1
idempotency-accuracy,809,810,idempotency,18,2,3,4,11,0.8,0.3,5,2,0,1,5,23,513171,143744,7193468,16467,81942,29,11753,60547,42,0,0,0,5,10086,523484,1164289,passed,18,1,7,1
idempotency-accuracy,810,811,idempotency,17,3,4,3,16,0.8,0.3,5,2,0,1,1,1,358611,100000,4994023,111,165,2,113,168,0,0,0,0,1,116,358757,1030081,passed,17,0,1,0
idempotency-accuracy,811,812,idempotency,11,2,2,5,11,0.8,0.3,5,2,0,1,1,1,354584,100000,4990774,119,177,1,120,179,0,0,0,0,1,112,354736,958731,passed,11,0,1,0
idempotency-accuracy,812,813,idempotency,17,2,3,5,11,0.8,0.3,5,2,0,1,9,62,410565,115394,5761836,122632,769213,364,95234,612477,314,0,0,0,9,78302,489332,1646120,passed,17,1,12,1
idempotency-accuracy,813,814,idempotency,13,5,4,5,26,0.8,0.3,5,2,0,1,1,1,367861,100000,5016400,279,417,1,283,422,0,0,0,0,1,229,368130,1327498,passed,13,0,1,0
idempotency-accuracy,814,815,idempotency,21,2,2,3,11,0.8,0.3,5,2,0,1,5,21,382493,103153,5168984,15370,90994,223,12233,70494,173,0,0,0,5,10493,393195,1284368,passed,21,1,8,1
idempotency-accuracy,815,816,idempotency,17,2,5,3,11,0.8,0.3,5,2,0,1,6,40,403050,110127,5510430,34111,132235,241,22528,88573,190,0,0,0,6,19851,423135,1461905,passed,17,3,11,3
idempotency-accuracy,816,817,idempotency,21,4,4,3,21,0.8,0.3,5,2,0,1,1,1,359685,100000,4997281,143,213,2,146,217,0,0,0,0,1,140,359862,1362460,passed,21,0,1,0
idempotency-accuracy,817,818,idempotency,20,5,2,3,26,0.8,0.3,5,2,0,1,1,1,362326,100000,5002513,171,255,1,175,260,0,0,0,0,1,143,362507,1736557,passed,20,0,1,0
idempotency-accuracy,818,819,idempotency,17,2,3,5,11,0.8,0.3,5,2,0,1,8,48,443090,122779,6132026,87062,521648,439,69121,434248,482,0,0,0,8,55959,499432,1460341,passed,17,3,10,3
idempotency-accuracy,819,820,idempotency,10,5,3,3,26,0.8,0.3,5,2,0,1,1,1,367301,100000,5006539,173,258,20,177,263,9,0,0,0,1,194,367535,1168230,passed,10,0,1,0
idempotency-accuracy,820,821,idempotency,15,2,5,2,11,0.8,0.3,5,2,0,1,8,63,410349,111977,5602884,55401,306066,228,38931,211086,145,0,0,0,8,33441,444292,1488408,passed,15,3,13,3
idempotency-accuracy,821,822,idempotency,22,5,5,5,26,0.8,0.3,5,2,0,1,1,1,365226,100000,4998412,281,420,2,285,425,0,0,0,0,1,214,365480,2169813,passed,22,0,1,0
idempotency-accuracy,822,823,idempotency,18,3,4,3,16,0.8,0.3,5,2,0,1,8,78,384088,106613,5323574,129982,640060,581,107861,548522,781,0,0,0,8,82515,467003,6657295,passed,18,4,16,4
idempotency-accuracy,823,824,idempotency,11,3,5,2,16,0.8,0.3,5,2,0,1,1,1,373201,100000,5005467,81,120,10,83,123,0,0,0,0,1,99,373342,1012935,passed,11,0,1,0
idempotency-accuracy,824,825,idempotency,20,4,2,4,21,0.8,0.3,5,2,0,1,1,1,375881,100000,5013370,181,270,1,184,274,0,0,0,0,1,150,376072,1349692,passed,20,0,1,0
idempotency-accuracy,825,826,idempotency,12,3,4,5,16,0.8,0.3,5,2,0,1,7,54,368472,102415,5128544,121706,475086,335,97238,380410,321,0,0,0,7,72777,441511,1866052,passed,12,1,12,1
idempotency-accuracy,826,827,idempotency,19,3,4,3,16,0.8,0.3,5,2,0,1,11,88,827004,220553,11030980,159793,1227461,608,133184,1011182,559,0,0,0,11,113208,941140,3769243,passed,19,1,13,1
idempotency-accuracy,827,828,idempotency,12,2,5,2,11,0.8,0.3,5,2,0,1,1,1,367098,100000,5001080,59,87,2,60,89,0,0,0,0,1,84,367223,967496,passed,12,0,1,0
idempotency-accuracy,828,829,idempotency,10,5,2,4,26,0.8,0.3,5,2,0,1,9,58,426506,115046,5757181,191941,932689,482,149488,738612,739,0,0,0,9,122614,549574,4533134,passed,10,1,11,1
idempotency-accuracy,829,830,idempotency,18,5,2,5,26,0.8,0.3,5,2,0,1,8,44,534681,145052,7246464,125709,711192,278,99510,568681,333,0,0,0,8,79645,614775,9024266,validation_failed,18,1,9,1
idempotency-accuracy,830,831,idempotency,18,5,3,3,26,0.8,0.3,5,2,0,1,11,86,532064,145644,7270554,300850,2201215,1138,239021,1794224,872,0,0,0,11,202412,735145,21402336,validation_failed,18,1,14,1
idempotency-accuracy,831,832,idempotency,12,2,5,5,11,0.8,0.3,5,2,0,1,7,52,462806,127401,6362286,73593,346237,200,64106,312141,175,0,0,0,7,48070,511222,1198426,passed,12,2,11,2
idempotency-accuracy,832,833,idempotency,24,2,3,3,11,0.8,0.3,5,2,0,1,6,40,582032,163181,8168470,37812,145008,88,30784,121524,103,0,0,0,6,22671,604950,1770418,passed,24,3,10,3
idempotency-accuracy,833,834,idempotency,21,2,4,3,11,0.8,0.3,5,2,0,1,10,73,385684,108145,5413305,77314,910608,221,70691,842674,266,0,0,0,10,57753,444373,1680337,passed,21,1,12,1
idempotency-accuracy,834,835,idempotency,17,2,5,3,11,0.8,0.3,5,2,0,1,1,1,363197,100000,5004610,81,120,1,82,122,0,0,0,0,1,91,363324,980187,passed,17,0,1,0
idempotency-accuracy,835,836,idempotency,15,4,4,4,21,0.8,0.3,5,2,0,1,1,1,357665,100000,4992986,185,276,1,188,280,0,0,0,0,1,155,357859,1171018,passed,15,0,1,0
idempotency-accuracy,836,837,idempotency,18,2,4,5,11,0.8,0.3,5,2,0,1,1,1,359874,100000,5001829,123,183,2,124,185,0,0,0,0,1,121,360030,976466,passed,18,0,1,0
idempotency-accuracy,837,838,idempotency,15,4,4,4,21,0.8,0.3,5,2,0,1,1,1,362526,100000,4991780,185,276,2,188,280,0,0,0,0,1,154,362717,1132307,passed,15,0,1,0
idempotency-accuracy,838,839,idempotency,10,2,3,3,11,0.8,0.3,5,2,0,1,3,9,363074,101176,5047243,2960,11726,10,1971,8185,14,0,0,0,3,1795,364961,1000512,passed,10,1,4,1
idempotency-accuracy,839,840,idempotency,21,2,4,2,11,0.8,0.3,5,2,0,1,1,1,357058,100000,4999507,57,84,2,58,86,0,0,0,0,1,86,357178,991781,passed,21,0,1,0
idempotency-accuracy,840,841,idempotency,20,5,5,3,26,0.8,0.3,5,2,0,1,10,112,585180,164423,8228925,634487,3382330,1578,522140,2806129,1366,0,0,0,10,389320,975369,69942318,passed,20,1,19,1
idempotency-accuracy,841,842,idempotency,21,5,2,4,26,0.8,0.3,5,2,0,1,14,160,490863,130975,6550819,895828,7870502,2917,734155,6238437,2886,0,0,0,14,654425,1146605,60141322,passed,21,1,20,1
idempotency-accuracy,842,843,idempotency,21,5,3,3,26,0.8,0.3,5,2,0,1,11,106,554348,148061,7402028,303577,2323472,987,268348,2104520,1147,0,0,0,11,225934,781239,52087065,validation_failed,21,3,15,3
idempotency-accuracy,843,844,idempotency,14,2,2,4,11,0.8,0.3,5,2,0,1,6,30,382420,104680,5236440,22925,85837,95,19350,75103,102,0,0,0,6,14401,397086,1078993,passed,14,2,7,2
idempotency-accuracy,844,845,idempotency,13,3,4,4,16,0.8,0.3,5,2,0,1,8,50,455381,127299,6352615,93042,494692,242,69533,387165,274,0,0,0,8,55771,511491,1907641,passed,13,2,10,2
idempotency-accuracy,845,846,idempotency,18,4,4,5,21,0.8,0.3,5,2,0,1,1,1,361053,100000,4998630,227,339,2,230,343,0,0,0,0,1,187,361281,1255126,passed,18,0,1,0
idempotency-accuracy,846,847,idempotency,18,2,2,5,11,0.8,0.3,5,2,0,1,1,1,358179,100000,4998103,119,177,2,120,179,0,0,0,0,1,134,358355,979178,passed,18,0,1,0
idempotency-accuracy,847,848,idempotency,16,2,4,2,11,0.8,0.3,5,2,0,1,8,46,1079869,300761,15039614,33460,167840,86,29298,147911,79,0,0,0,8,20975,1101273,1280492,passed,16,1,10,1
idempotency-accuracy,848,849,idempotency,21,5,3,3,26,0.8,0.3,5,2,0,1,1,1,369060,100000,4990067,173,258,1,177,263,15,0,0,0,1,183,369288,1871492,passed,21,0,1,0
idempotency-accuracy,849,850,idempotency,14,2,2,2,11,0.8,0.3,5,2,0,1,1,1,369118,100000,5010247,53,78,2,54,80,0,0,0,0,1,73,369229,968987,passed,14,0,1,0
idempotency-accuracy,850,851,idempotency,24,5,3,3,26,0.8,0.3,5,2,0,1,16,206,767446,204297,10210707,795830,3957744,2192,703946,3558805,2266,0,0,0,16,511657,1280735,69961100,passed,24,3,22,3
idempotency-accuracy,851,852,idempotency,21,4,5,4,21,0.8,0.3,5,2,0,1,1,1,362004,100000,5008111,187,279,2,190,283,7,0,0,0,1,163,362206,1393930,passed,21,0,1,0
idempotency-accuracy,852,853,idempotency,20,4,4,4,21,0.8,0.3,5,2,0,1,14,188,1283729,355630,17790273,877319,4567912,2187,748986,3970033,2541,0,0,0,14,564723,1849838,34056754,passed,20,1,21,1
idempotency-accuracy,853,854,idempotency,20,2,4,4,11,0.8,0.3,5,2,0,1,12,100,520562,144485,7252015,183544,1508319,552,141210,1185502,532,0,0,0,12,120998,642298,2104779,passed,20,3,14,3
idempotency-accuracy,854,855,idempotency,21,2,3,3,11,0.8,0.3,5,2,0,1,1,1,353039,100000,4995245,77,114,2,78,116,0,0,0,0,1,86,353181,987379,passed,21,0,1,0
idempotency-accuracy,855,856,idempotency,12,4,2,5,21,0.8,0.3,5,2,0,1,4,16,363694,101385,5096638,25916,251255,65,19479,195471,76,0,0,0,4,17323,381398,1923107,passed,12,1,6,1
idempotency-accuracy,856,857,idempotency,24,3,2,2,16,0.8,0.3,5,2,0,1,12,124,1136801,319451,15957523,171827,1117868,514,158617,1033812,717,0,0,0,12,115097,1252842,12236120,validation_failed,24,2,17,2
idempotency-accuracy,857,858,idempotency,23,2,4,4,11,0.8,0.3,5,2,0,1,10,106,410552,114276,5719862,205062,1150462,566,152319,880506,382,0,0,0,10,121985,533055,4320779,passed,23,4,18,4
idempotency-accuracy,858,859,idempotency,14,5,2,2,26,0.8,0.3,5,2,0,1,13,107,443020,123298,6154882,234618,3093754,1044,184835,2188062,652,0,0,0,13,180445,624404,9224456,passed,14,1,14,1
idempotency-accuracy,859,860,idempotency,19,5,5,5,26,0.8,0.3,5,2,0,1,1,1,354804,100000,4996062,281,420,2,285,425,0,0,0,0,1,213,355055,1642223,passed,19,0,1,0
idempotency-accuracy,860,861,idempotency,23,4,3,4,21,0.8,0.3,5,2,0,1,12,134,827690,228297,11419245,507260,5445385,1802,470758,5093294,1722,0,0,0,12,385210,1214041,37064967,passed,23,1,20,1
idempotency-accuracy,861,862,idempotency,12,2,4,2,11,0.8,0.3,5,2,0,1,4,14,382379,101184,5040296,4529,54567,12,3163,38924,8,0,0,0,4,3272,385866,1006787,passed,12,1,5,1
idempotency-accuracy,862,863,idempotency,23,5,2,4,26,0.8,0.3,5,2,0,1,14,141,557068,155986,7796992,712296,8223651,1941,579145,6662056,2176,0,0,0,14,513559,1072181,84999843,validation_failed,23,1,18,1
idempotency-accuracy,863,864,idempotency,20,3,4,3,16,0.8,0.3,5,2,0,1,7,69,464995,129362,6464789,105451,556232,239,93216,503600,277,0,0,0,7,67879,533333,5643142,passed,20,2,15,2
idempotency-accuracy,864,865,idempotency,24,4,5,5,21,0.8,0.3,5,2,0,1,15,180,527529,135684,6796522,1021821,6330444,7593,805207,5166028,7889,0,0,0,15,674978,1203586,58503682,validation_failed,24,3,21,3
idempotency-accuracy,865,866,idempotency,11,5,2,5,26,0.8,0.3,5,2,0,1,7,38,390836,104841,5244669,126963,852581,497,99352,680273,366,0,0,0,7,90946,482097,4770021,passed,11,2,9,2
idempotency-accuracy,866,867,idempotency,22,2,2,5,11,0.8,0.3,5,2,0,1,1,1,413522,100000,4996648,119,177,2,120,179,0,0,0,0,1,145,413710,1021212,passed,22,0,1,0
idempotency-accuracy,867,868,idempotency,22,3,5,3,16,0.8,0.3,5,2,0,1,14,154,451392,113229,5665178,598441,4202298,1962,523739,3707469,1848,0,0,0,14,449161,901913,16525959,passed,22,2,21,2
idempotency-accuracy,868,869,idempotency,13,5,3,2,26,0.8,0.3,5,2,0,1,9,58,805001,221398,11055081,104261,610464,338,82790,504975,291,0,0,0,9,66139,871624,7854710,passed,13,1,11,1
idempotency-accuracy,869,870,idempotency,11,4,2,5,21,0.8,0.3,5,2,0,1,1,1,365303,100000,4998205,223,333,1,226,337,4,0,0,0,1,179,365521,1070732,passed,11,0,1,0
idempotency-accuracy,870,871,idempotency,22,4,2,5,21,0.8,0.3,5,2,0,1,1,1,381964,100000,5012662,223,333,2,226,337,0,0,0,0,1,187,382193,1432396,passed,22,0,1,0
idempotency-accuracy,871,872,idempotency,14,3,2,4,16,0.8,0.3,5,2,0,1,1,1,373176,100000,5004318,139,207,1,141,210,0,0,0,0,1,121,373336,1020523,passed,14,0,1,0
idempotency-accuracy,872,873,idempotency,15,3,5,5,16,0.8,0.3,5,2,0,1,1,1,369811,100000,4987522,177,264,2,179,267,0,0,0,0,1,190,370042,1021056,passed,15,0,1,0
idempotency-accuracy,873,874,idempotency,14,3,5,3,16,0.8,0.3,5,2,0,1,1,1,360617,100000,5004224,113,168,2,115,171,0,0,0,0,1,124,360784,1025312,passed,14,0,1,0
idempotency-accuracy,874,875,idempotency,12,5,4,4,26,0.8,0.3,5,2,0,1,6,27,386007,108285,5409160,62341,293522,126,46788,227456,169,0,0,0,6,37977,424194,3913173,validation_failed,12,2,7,1
idempotency-accuracy,875,876,idempotency,10,3,3,3,16,0.8,0.3,5,2,0,1,5,30,366996,100549,5035565,29181,160248,154,26377,151001,126,0,0,0,5,19804,387065,1325247,validation_failed,10,1,9,1
idempotency-accuracy,876,877,idempotency,13,2,2,2,11,0.8,0.3,5,2,0,1,1,1,360268,100000,5004779,53,78,8,54,80,0,0,0,0,1,79,360384,977845,passed,13,0,1,0
idempotency-accuracy,877,878,idempotency,11,5,2,3,26,0.8,0.3,5,2,0,1,6,38,377482,103482,5194206,77128,457650,568,57082,337581,341,0,0,0,6,49690,427491,4237860,passed,11,4,10,3
idempotency-accuracy,878,879,idempotency,14,3,5,2,16,0.8,0.3,5,2,0,1,9,66,537368,150835,7544235,76757,450291,182,58366,354107,159,0,0,0,9,46554,584300,1882059,passed,14,2,13,2
idempotency-accuracy,879,880,idempotency,11,2,2,2,11,0.8,0.3,5,2,0,1,4,18,359521,100346,4999518,7317,27565,26,5477,20857,0,0,0,0,4,4313,363951,1014817,passed,11,3,7,2
idempotency-accuracy,880,881,idempotency,17,5,5,2,26,0.8,0.3,5,2,0,1,1,1,361047,100000,5006457,125,186,2,129,191,0,0,0,0,1,154,361239,1428564,passed,17,0,1,0
idempotency-accuracy,881,882,idempotency,22,2,2,3,11,0.8,0.3,5,2,0,1,3,9,355727,101044,5043352,2488,27873,27,1690,20332,0,0,0,0,3,1717,357654,1088226,passed,22,1,4,1
idempotency-accuracy,882,883,idempotency,10,3,5,2,16,0.8,0.3,5,2,0,1,1,1,360313,100000,5008811,81,120,3,83,123,0,0,0,0,1,100,360456,980050,passed,10,0,1,0
idempotency-accuracy,883,884,idempotency,18,3,3,5,16,0.8,0.3,5,2,0,1,1,1,354803,100000,5003157,173,258,10,175,261,1,0,0,0,1,160,355004,1044584,passed,18,0,1,0
idempotency-accuracy,884,885,idempotency,22,2,5,5,11,0.8,0.3,5,2,0,1,7,48,394802,110329,5507101,73113,481078,155,51190,359828,221,0,0,0,7,44324,439422,2186840,passed,22,2,11,2
idempotency-accuracy,885,886,idempotency,16,3,2,3,16,0.8,0.3,5,2,0,1,1,1,355303,100000,5012184,107,159,1,109,162,9,0,0,0,1,126,355469,1020443,passed,16,0,1,0
idempotency-accuracy,886,887,idempotency,22,3,2,2,16,0.8,0.3,5,2,0,1,8,71,396402,110431,5530369,79126,419729,230,73533,393539,217,0,0,0,8,53764,450597,5536050,passed,22,1,14,1
idempotency-accuracy,887,888,idempotency,12,4,3,5,21,0.8,0.3,5,2,0,1,7,53,482497,135114,6760529,140585,591872,277,128469,552424,380,0,0,0,7,87539,570338,3601588,passed,12,1,11,1
idempotency-accuracy,888,889,idempotency,22,5,3,3,26,0.8,0.3,5,2,0,1,16,201,580158,161069,8037819,993171,5898763,2332,816130,4657501,2675,0,0,0,16,633274,1214756,97122168,passed,22,3,21,3
idempotency-accuracy,889,890,idempotency,18,4,4,5,21,0.8,0.3,5,2,0,1,8,43,414290,115624,5775231,125569,890024,329,107796,776157,264,0,0,0,8,85624,500403,6023191,passed,18,1,9,1
idempotency-accuracy,890,891,idempotency,16,2,5,4,11,0.8,0.3,5,2,0,1,1,1,357076,100000,4997007,103,153,1,104,155,0,0,0,0,1,110,357227,990870,passed,16,0,1,0
idempotency-accuracy,891,892,idempotency,15,3,5,2,16,0.8,0.3,5,2,0,1,6,50,394675,109165,5451331,47144,247982,56,42598,224726,165,0,0,0,6,30485,425467,2219960,passed,15,1,12,1
idempotency-accuracy,892,893,idempotency,22,2,2,2,11,0.8,0.3,5,2,0,1,1,1,358777,100000,5003563,53,78,1,54,80,0,0,0,0,1,73,358889,978637,passed,22,0,1,0
idempotency-accuracy,893,894,idempotency,24,4,5,2,21,0.8,0.3,5,2,0,1,13,141,461787,128879,6427841,398489,2034196,970,308386,1585772,977,0,0,0,13,240671,703199,37686793,passed,24,3,19,3
idempotency-accuracy,894,895,idempotency,23,5,3,2,26,0.8,0.3,5,2,0,1,1,1,358086,100000,5001057,121,180,2,125,185,0,0,0,0,1,112,358244,1940439,passed,23,0,1,0
idempotency-accuracy,895,896,idempotency,15,2,3,5,11,0.8,0.3,5,2,0,1,10,63,474233,128043,6369352,135635,922590,523,112093,792650,425,0,0,0,10,90913,565892,1355587,passed,15,2,11,2
idempotency-accuracy,896,897,idempotency,22,2,3,4,11,0.8,0.3,5,2,0,1,1,1,354604,100000,4995782,99,147,1,100,149,0,0,0,0,1,99,354738,984296,passed,22,0,1,0
idempotency-accuracy,897,898,idempotency,23,5,4,4,26,0.8,0.3,5,2,0,1,7,39,617401,169061,8443543,95079,409808,234,70783,315429,268,0,0,0,7,55974,673673,22587550,validation_failed,23,1,9,1
idempotency-accuracy,898,899,idempotency,23,2,2,3,11,0.8,0.3,5,2,0,1,14,163,374534,105613,5270544,344724,5397378,1085,258687,4132158,962,0,0,0,14,264054,640760,4257036,passed,23,2,20,2
idempotency-accuracy,899,900,idempotency,20,3,4,2,16,0.8,0.3,5,2,0,1,10,77,583444,163690,8193957,136478,868253,360,110397,668578,303,0,0,0,10,86393,670472,5224339,passed,20,1,14,1
idempotency-accuracy,900,901,idempotency,14,3,4,5,16,0.8,0.3,5,2,0,1,1,1,355790,100000,5002185,175,261,2,177,264,0,0,0,0,1,153,355986,1019824,passed,14,0,1,0
idempotency-accuracy,901,902,idempotency,23,3,3,5,16,0.8,0.3,5,2,0,1,1,1,361349,100000,4989479,173,258,1,175,261,0,0,0,0,1,146,361535,1126367,passed,23,0,1,0
idempotency-accuracy,902,903,idempotency,24,2,4,4,11,0.8,0.3,5,2,0,1,14,157,529135,143836,7187465,567149,3797280,1687,457088,3052098,1623,0,0,0,14,362673,893184,5313745,validation_failed,24,2,19,2
idempotency-accuracy,903,904,idempotency,12,4,3,2,21,0.8,0.3,5,2,0,1,1,1,357367,100000,4995133,99,147,1,102,151,0,0,0,0,1,122,357529,1039474,passed,12,0,1,0
idempotency-accuracy,904,905,idempotency,17,4,3,4,21,0.8,0.3,5,2,0,1,10,76,721263,199463,9984283,200398,1285369,495,153053,960154,671,0,0,0,10,130027,851890,7221669,validation_failed,17,1,14,1
idempotency-accuracy,905,906,idempotency,17,4,4,2,21,0.8,0.3,5,2,0,1,1,1,364213,100000,5002325,101,150,2,104,154,0,0,0,0,1,107,364372,1159621,passed,17,0,1,0
idempotency-accuracy,906,907,idempotency,17,4,5,2,21,0.8,0.3,5,2,0,1,8,61,411102,114770,5738985,111134,709101,335,94950,555832,339,0,0,0,8,75808,487298,8560858,validation_failed,17,2,14,2
idempotency-accuracy,907,908,idempotency,16,4,3,4,21,0.8,0.3,5,2,0,1,1,1,360447,100000,4991348,183,273,2,186,277,0,0,0,0,1,149,360639,1192039,passed,16,0,1,0
idempotency-accuracy,908,909,idempotency,15,4,2,5,21,0.8,0.3,5,2,0,1,1,1,361657,100000,5004628,223,333,10,226,337,2,0,0,0,1,205,361908,1155835,passed,15,0,1,0
idempotency-accuracy,909,910,idempotency,13,5,4,5,26,0.8,0.3,5,2,0,1,1,1,358490,100000,4998280,279,417,2,283,422,0,0,0,0,1,210,358739,1312187,passed,13,0,1,0
idempotency-accuracy,910,911,idempotency,17,4,2,2,21,0.8,0.3,5,2,0,1,1,1,362852,100000,4999922,97,144,1,100,148,0,0,0,0,1,100,362994,1191868,passed,17,0,1,0
idempotency-accuracy,911,912,idempotency,15,2,2,5,11,0.8,0.3,5,2,0,1,1,1,360903,100000,4999369,119,177,2,120,179,2,0,0,0,1,126,361073,1002963,passed,15,0,1,0
idempotency-accuracy,912,913,idempotency,16,2,3,2,11,0.8,0.3,5,2,0,1,8,66,716689,197436,9872552,57210,313055,184,47702,267038,94,0,0,0,8,36163,753213,1451500,passed,16,4,14,4
idempotency-accuracy,913,914,idempotency,24,3,4,2,16,0.8,0.3,5,2,0,1,13,147,457807,127412,6366031,322483,2188099,766,257644,1747166,862,0,0,0,13,205037,663896,14205715,validation_failed,24,1,19,1
idempotency-accuracy,914,915,idempotency,11,4,5,4,21,0.8,0.3,5,2,0,1,5,34,390420,109411,5469004,60726,288382,187,52887,257369,174,0,0,0,5,38003,428641,2686751,passed,11,2,10,2
idempotency-accuracy,915,916,idempotency,20,3,2,2,16,0.8,0.3,5,2,0,1,1,1,363283,100000,4991984,75,111,1,77,114,0,0,0,0,1,83,363404,1049632,passed,20,0,1,0
idempotency-accuracy,916,917,idempotency,14,4,2,3,21,0.8,0.3,5,2,0,1,9,77,614716,171046,8548841,184683,1010168,514,139801,794301,452,0,0,0,9,112808,728102,5928686,passed,14,2,15,2
idempotency-accuracy,917,918,idempotency,12,5,5,2,26,0.8,0.3,5,2,0,1,7,40,415651,116885,5828464,59561,321969,173,49850,272713,180,0,0,0,7,37090,453091,4447542,passed,12,1,9,1
idempotency-accuracy,918,919,idempotency,19,4,3,4,21,0.8,0.3,5,2,0,1,11,101,397083,111823,5592368,470664,4861571,1520,379162,3615210,1357,0,0,0,11,323954,721929,21121328,validation_failed,19,1,16,1
idempotency-accuracy,919,920,idempotency,23,4,3,5,21,0.8,0.3,5,2,0,1,8,64,705446,190659,9551132,193750,1439996,662,177986,1370658,637,0,0,0,8,138059,844008,18498194,passed,23,1,12,1
idempotency-accuracy,920,921,idempotency,18,5,4,5,26,0.8,0.3,5,2,0,1,8,71,509784,140505,7020241,280992,1011803,754,243545,890921,775,0,0,0,8,180477,690634,21927742,validation_failed,18,3,14,3
idempotency-accuracy,921,922,idempotency,14,4,2,2,21,0.8,0.3,5,2,0,1,6,42,552472,151896,7613831,39910,146763,130,35843,133161,145,0,0,0,6,24505,577304,2479456,validation_failed,14,1,10,1
idempotency-accuracy,922,923,idempotency,17,4,3,4,21,0.8,0.3,5,2,0,1,1,1,357333,100000,5007994,183,273,2,186,277,0,0,0,0,1,167,357540,1219835,passed,17,0,1,0
idempotency-accuracy,923,924,idempotency,23,3,2,2,16,0.8,0.3,5,2,0,1,5,20,385863,104732,5222183,11510,76949,53,8754,61156,17,0,0,0,5,7353,393457,2143127,passed,23,1,6,1
idempotency-accuracy,924,925,idempotency,14,4,3,4,21,0.8,0.3,5,2,0,1,7,36,374641,102595,5129979,84950,707570,358,65673,562486,305,0,0,0,7,60331,435404,3438219,passed,14,1,8,1
idempotency-accuracy,925,926,idempotency,15,3,4,5,16,0.8,0.3,5,2,0,1,6,36,434948,116593,5832488,75777,522226,312,57954,392895,147,0,0,0,6,50288,485529,2456247,passed,15,1,11,1
idempotency-accuracy,926,927,idempotency,16,5,5,3,26,0.8,0.3,5,2,0,1,9,70,606167,162680,8151699,168896,922402,803,155234,872457,937,0,0,0,9,114195,720924,13547286,validation_failed,16,1,12,1
idempotency-accuracy,927,928,idempotency,16,5,3,5,26,0.8,0.3,5,2,0,1,11,109,648298,179858,8971579,564101,4283621,1849,501797,3751735,1820,0,0,0,11,398771,1048089,22036301,passed,16,1,17,1
idempotency-accuracy,928,929,idempotency,17,3,4,4,16,0.8,0.3,5,2,0,1,8,69,465626,129935,6502769,137645,602445,355,121070,544106,325,0,0,0,8,85885,551954,3892376,passed,17,2,13,2
idempotency-accuracy,929,930,idempotency,15,4,4,4,21,0.8,0.3,5,2,0,1,8,61,497997,137866,6904750,190240,887254,502,154072,735222,614,0,0,0,8,130773,629268,6196445,passed,15,1,14,1
idempotency-accuracy,930,931,idempotency,18,5,5,4,26,0.8,0.3,5,2,0,1,12,124,488916,133328,6662984,678038,3798703,1581,584826,3310435,1735,0,0,0,12,427022,916812,42595173,passed,18,1,18,1
idempotency-accuracy,931,932,idempotency,11,2,5,2,11,0.8,0.3,5,2,0,1,1,1,367438,100000,5004603,59,87,22,60,89,0,0,0,0,1,97,367573,975803,passed,11,0,1,0
idempotency-accuracy,932,933,idempotency,20,3,3,3,16,0.8,0.3,5,2,0,1,1,1,356799,100000,4997458,109,162,2,111,165,1,0,0,0,1,142,356994,1078829,passed,20,0,1,0
idempotency-accuracy,933,934,idempotency,17,4,2,5,21,0.8,0.3,5,2,0,1,7,36,394970,109649,5485825,108119,641147,410,85809,527005,401,0,0,0,7,74451,469965,5686681,passed,17,1,9,1
idempotency-accuracy,934,935,idempotency,11,4,3,4,21,0.8,0.3,5,2,0,1,1,1,359642,100000,5002519,183,273,1,186,277,0,0,0,0,1,148,359829,1059995,passed,11,0,1,0
idempotency-accuracy,935,936,idempotency,12,5,4,3,26,0.8,0.3,5,2,0,1,1,1,356194,100000,5009213,175,261,2,179,266,0,0,0,0,1,150,356381,1187501,passed,12,0,1,0
idempotency-accuracy,936,937,idempotency,16,2,2,2,11,0.8,0.3,5,2,0,1,4,14,362485,101424,5082405,4351,55800,33,3085,42520,25,0,0,0,4,3274,366019,1032072,passed,16,1,5,1
idempotency-accuracy,937,938,idempotency,19,5,3,2,26,0.8,0.3,5,2,0,1,1,1,358027,100000,4995901,121,180,1,125,185,0,0,0,0,1,119,358186,1557597,passed,19,0,1,0
idempotency-accuracy,938,939,idempotency,24,4,5,3,21,0.8,0.3,5,2,0,1,11,92,510401,142916,7143961,316666,2373699,1023,267323,1827620,911,0,0,0,11,218857,729947,29625180,passed,24,1,16,1
idempotency-accuracy,939,940,idempotency,11,3,4,3,16,0.8,0.3,5,2,0,1,4,14,377350,105195,5256777,8467,67604,12,6224,51358,29,0,0,0,4,5639,383151,1131689,passed,11,1,5,1
idempotency-accuracy,940,941,idempotency,24,4,2,4,21,0.8,0.3,5,2,0,1,1,1,357210,100000,4995317,181,270,0,184,274,0,0,0,0,1,148,357399,1497365,passed,24,0,1,0
idempotency-accuracy,941,942,idempotency,14,4,5,3,21,0.8,0.3,5,2,0,1,10,92,569774,158514,7906101,249593,1534106,733,224223,1396901,1016,0,0,0,10,166532,737219,6595230,passed,14,1,15,1
idempotency-accuracy,942,943,idempotency,21,5,4,4,26,0.8,0.3,5,2,0,1,1,1,354175,100000,4989132,227,339,11,231,344,0,0,0,0,1,187,354399,1836537,passed,21,0,1,0
idempotency-accuracy,943,944,idempotency,19,4,2,3,21,0.8,0.3,5,2,0,1,11,125,469371,130095,6499663,330700,1992463,857,275462,1677432,948,0,0,0,11,210322,680444,15743550,passed,19,1,18,1
idempotency-accuracy,944,945,idempotency,24,2,2,2,11,0.8,0.3,5,2,0,1,9,74,504902,141715,7084328,62336,363115,221,58718,346856,302,0,0,0,9,46806,552409,2275070,validation_failed,24,1,14,1
idempotency-accuracy,945,946,idempotency,10,2,5,2,11,0.8,0.3,5,2,0,1,5,21,367272,102845,5144279,6784,37702,9,5039,29415,11,0,0,0,5,4127,371572,1018141,passed,10,2,6,2
idempotency-accuracy,946,947,idempotency,12,3,4,4,16,0.8,0.3,5,2,0,1,1,1,357581,100000,4994858,143,213,1,145,216,0,0,0,0,1,120,357742,1009934,passed,12,0,1,0
idempotency-accuracy,947,948,idempotency,20,2,3,4,11,0.8,0.3,5,2,0,1,7,54,433822,117161,5860331,83793,525797,181,71690,460465,248,0,0,0,7,56097,490384,2054721,passed,20,1,13,1
idempotency-accuracy,948,949,idempotency,21,4,4,4,21,0.8,0.3,5,2,0,1,1,1,365166,100000,5000705,185,276,2,188,280,0,0,0,0,1,154,365360,1360822,passed,21,0,1,0
idempotency-accuracy,949,950,idempotency,21,5,4,2,26,0.8,0.3,5,2,0,1,14,158,773642,213173,10653777,460904,2518385,1366,372477,1996117,1234,0,0,0,14,290509,1065176,65393190,passed,21,3,20,3
idempotency-accuracy,950,951,idempotency,11,4,4,3,21,0.8,0.3,5,2,0,1,1,1,356492,100000,5002804,143,213,1,146,217,10,0,0,0,1,137,356667,1031640,passed,11,0,1,0
idempotency-accuracy,951,952,idempotency,19,5,3,5,26,0.8,0.3,5,2,0,1,11,115,727177,203131,10159860,497540,3716292,1691,454343,3405875,1830,0,0,0,11,343085,1071163,31129438,passed,19,1,16,1
idempotency-accuracy,952,953,idempotency,15,4,4,5,21,0.8,0.3,5,2,0,1,5,24,382897,106694,5332636,40727,180866,116,36013,165124,102,0,0,0,5,25577,408662,2716395,passed,15,1,7,1
idempotency-accuracy,953,954,idempotency,20,5,2,3,26,0.8,0.3,5,2,0,1,11,111,472210,126405,6311981,533607,4410505,1751,417025,3272432,1432,0,0,0,11,360944,833970,63691501,passed,20,1,19,1
idempotency-accuracy,954,955,idempotency,20,3,2,5,16,0.8,0.3,5,2,0,1,7,49,457516,126885,6349864,127277,696905,315,112440,626623,344,0,0,0,7,81270,539221,3430353,validation_failed,20,1,11,1
idempotency-accuracy,955,956,idempotency,12,5,5,2,26,0.8,0.3,5,2,0,1,6,32,378765,102418,5130438,37907,435191,261,27260,282911,136,0,0,0,6,32949,412064,3344836,passed,12,1,9,1
idempotency-accuracy,956,957,idempotency,12,4,5,3,21,0.8,0.3,5,2,0,1,7,47,380228,105466,5251648,80976,480479,234,75828,452314,265,0,0,0,7,55911,436539,2991487,passed,12,1,10,1
idempotency-accuracy,957,958,idempotency,20,4,4,2,21,0.8,0.3,5,2,0,1,10,89,451595,125097,6228403,192941,1739864,738,162549,1520343,645,0,0,0,10,142101,594432,16897806,passed,20,2,15,2
idempotency-accuracy,958,959,idempotency,17,5,3,5,26,0.8,0.3,5,2,0,1,12,122,425585,113334,5655999,758651,6735003,5260,594151,5214137,5106,0,0,0,12,541922,968436,34112751,passed,17,1,17,1
idempotency-accuracy,959,960,idempotency,20,4,4,3,21,0.8,0.3,5,2,0,1,7,53,400602,111271,5558841,85632,389688,224,73573,330638,300,0,0,0,7,55010,455905,8909138,validation_failed,20,3,12,3
idempotency-accuracy,960,961,idempotency,20,5,2,5,26,0.8,0.3,5,2,0,1,1,1,355607,100000,4996532,275,411,2,279,416,0,0,0,0,1,200,355845,1799209,passed,20,0,1,0
idempotency-accuracy,961,962,idempotency,17,4,4,5,21,0.8,0.3,5,2,0,1,5,25,356178,100343,5021764,51010,251444,136,33842,164522,141,0,0,0,5,29187,385495,4720289,passed,17,3,8,3
idempotency-accuracy,962,963,idempotency,22,2,2,5,11,0.8,0.3,5,2,0,1,1,1,353279,100000,4994390,119,177,2,120,179,0,0,0,0,1,114,353429,972085,passed,22,0,1,0
idempotency-accuracy,963,964,idempotency,17,5,4,3,26,0.8,0.3,5,2,0,1,9,94,405937,112886,5659913,257856,1468941,864,236248,1361990,892,0,0,0,9,166811,573281,26017624,passed,17,1,16,1
idempotency-accuracy,964,965,idempotency,17,4,2,5,21,0.8,0.3,5,2,0,1,1,1,354052,100000,5000880,223,333,1,226,337,0,0,0,0,1,175,354267,1141543,passed,17,0,1,0
idempotency-accuracy,965,966,idempotency,22,4,2,3,21,0.8,0.3,5,2,0,1,12,141,1018953,284875,14213247,459543,4182517,1247,399601,3677088,1552,0,0,0,12,318327,1338462,26219506,validation_failed,22,2,19,2
idempotency-accuracy,966,967,idempotency,24,4,3,3,21,0.8,0.3,5,2,0,1,16,234,470789,125254,6258859,881039,7182589,2455,781892,6602904,2652,0,0,0,16,638211,1110337,76254976,passed,24,4,25,4
idempotency-accuracy,967,968,idempotency,17,4,5,4,21,0.8,0.3,5,2,0,1,9,91,557461,147632,7369872,258420,1202698,1854,231194,1097451,3009,0,0,0,9,179289,737353,12398315,passed,17,2,16,2
idempotency-accuracy,968,969,idempotency,17,3,3,3,16,0.8,0.3,5,2,0,1,10,65,509553,137685,6876287,113501,1197599,436,87730,975557,327,0,0,0,10,81628,591768,2496396,validation_failed,17,2,11,2
idempotency-accuracy,969,970,idempotency,16,5,5,5,26,0.8,0.3,5,2,0,1,9,72,502016,138247,6913561,303597,1573124,1062,241152,1266577,1355,0,0,0,9,186198,688806,16720323,passed,16,1,13,1
idempotency-accuracy,970,971,idempotency,23,2,4,4,11,0.8,0.3,5,2,0,1,1,1,367468,100000,4987333,101,150,2,102,152,0,0,0,0,1,102,367608,1013969,passed,23,0,1,0
idempotency-accuracy,971,972,idempotency,10,5,4,5,26,0.8,0.3,5,2,0,1,1,1,376849,100000,4994622,279,417,1,283,422,0,0,0,0,1,235,377124,1186095,passed,10,0,1,0
idempotency-accuracy,972,973,idempotency,13,3,5,2,16,0.8,0.3,5,2,0,1,1,1,367703,100000,5003452,81,120,1,83,123,0,0,0,0,1,101,367842,1006399,passed,13,0,1,0
idempotency-accuracy,973,974,idempotency,23,5,3,2,26,0.8,0.3,5,2,0,1,8,69,907726,243220,12166028,144036,674539,723,122799,574506,377,0,0,0,8,98142,1006413,31531412,validation_failed,23,1,14,1
idempotency-accuracy,974,975,idempotency,17,3,3,4,16,0.8,0.3,5,2,0,1,8,51,477592,128065,6414084,74954,373703,185,54755,287496,177,0,0,0,8,45138,523049,2375151,passed,17,2,10,2
idempotency-accuracy,975,976,idempotency,10,2,5,3,11,0.8,0.3,5,2,0,1,1,1,367337,100000,4998302,81,120,2,82,122,0,0,0,0,1,104,367486,977199,passed,10,0,1,0
idempotency-accuracy,976,977,idempotency,18,3,3,4,16,0.8,0.3,5,2,0,1,8,72,468137,128518,6421001,141342,737944,402,128768,683111,395,0,0,0,8,92260,560951,4157451,passed,18,1,14,1
idempotency-accuracy,977,978,idempotency,22,3,2,4,16,0.8,0.3,5,2,0,1,7,44,518655,139365,6971740,79248,489489,435,67769,427415,502,0,0,0,7,55475,574538,4304553,validation_failed,22,1,10,1
idempotency-accuracy,978,979,idempotency,20,2,2,3,11,0.8,0.3,5,2,0,1,3,8,377177,102020,5111260,2930,12687,7,2409,9727,26,0,0,0,3,1903,379203,1112285,passed,20,1,4,1
idempotency-accuracy,979,980,idempotency,22,5,5,5,26,0.8,0.3,5,2,0,1,12,117,454980,118099,5902597,773127,5940928,4952,568918,4493827,4456,0,0,0,12,538780,994608,117774671,validation_failed,22,3,19,3
idempotency-accuracy,980,981,idempotency,10,5,4,3,26,0.8,0.3,5,2,0,1,1,1,355073,100000,4988376,175,261,2,179,266,0,0,0,0,1,157,355277,1145586,passed,10,0,1,0
idempotency-accuracy,981,982,idempotency,18,5,3,5,26,0.8,0.3,5,2,0,1,13,127,570733,160267,8018796,577224,3653241,1297,531692,3362494,1605,0,0,0,13,379454,951049,32049525,passed,18,1,16,1
idempotency-accuracy,982,983,idempotency,16,4,4,3,21,0.8,0.3,5,2,0,1,8,65,370538,103909,5200542,149505,675961,293,123497,566306,360,0,0,0,8,88620,459630,9701389,passed,16,1,15,1
idempotency-accuracy,983,984,idempotency,10,3,2,4,16,0.8,0.3,5,2,0,1,1,1,363070,100000,5001749,139,207,1,141,210,0,0,0,0,1,129,363239,987882,passed,10,0,1,0
idempotency-accuracy,984,985,idempotency,11,4,5,5,21,0.8,0.3,5,2,0,1,1,1,353717,100000,4985373,229,342,0,232,346,0,0,0,0,1,175,353931,1069198,passed,11,0,1,0
idempotency-accuracy,985,986,idempotency,11,5,5,4,26,0.8,0.3,5,2,0,1,1,1,353914,100000,4991548,229,342,2,233,347,0,0,0,0,1,178,354132,1205914,passed,11,0,1,0
idempotency-accuracy,986,987,idempotency,20,5,3,4,26,0.8,0.3,5,2,0,1,12,123,564797,157074,7875134,678355,5104958,2042,516254,3844776,1661,0,0,0,12,438922,1004597,46181888,validation_failed,20,3,17,3
idempotency-accuracy,987,988,idempotency,19,5,5,5,26,0.8,0.3,5,2,0,1,9,101,489176,132013,6585932,469542,1923645,2588,430448,1782631,2393,0,0,0,9,313053,802921,50152941,passed,19,1,16,1
idempotency-accuracy,988,989,idempotency,16,2,5,5,11,0.8,0.3,5,2,0,1,10,68,394508,109807,5473540,140888,1198184,438,108912,971152,463,0,0,0,10,97179,492218,1603592,passed,16,2,12,2
idempotency-accuracy,989,990,idempotency,15,2,5,2,11,0.8,0.3,5,2,0,1,7,35,978488,265695,13279662,16426,116682,67,13778,104718,76,0,0,0,7,11823,990825,1128724,passed,15,1,8,1
idempotency-accuracy,990,991,idempotency,15,2,2,5,11,0.8,0.3,5,2,0,1,1,1,367495,100000,5007560,119,177,2,120,179,0,0,0,0,1,112,367645,984689,passed,15,0,1,0
idempotency-accuracy,991,992,idempotency,10,5,2,3,26,0.8,0.3,5,2,0,1,7,52,501522,138839,6932053,103631,488926,489,93393,452713,373,0,0,0,7,68617,570523,4274905,passed,10,2,11,2
idempotency-accuracy,992,993,idempotency,20,5,5,4,26,0.8,0.3,5,2,0,1,1,1,360660,100000,5011901,229,342,1,233,347,0,0,0,0,1,177,360870,1733839,passed,20,0,1,0
idempotency-accuracy,993,994,idempotency,19,3,5,3,16,0.8,0.3,5,2,0,1,11,110,699127,196365,9823098,200770,1069918,603,178892,966517,492,0,0,0,11,129033,828868,5675416,passed,19,2,16,2
idempotency-accuracy,994,995,idempotency,20,3,4,4,16,0.8,0.3,5,2,0,1,1,1,356440,100000,5004503,143,213,1,145,216,0,0,0,0,1,142,356619,1077539,passed,20,0,1,0
idempotency-accuracy,995,996,idempotency,24,3,3,5,16,0.8,0.3,5,2,0,1,1,1,356309,100000,5009005,173,258,2,175,261,0,0,0,0,1,145,356499,1128811,passed,24,0,1,0
idempotency-accuracy,996,997,idempotency,19,4,4,3,21,0.8,0.3,5,2,0,1,10,104,419428,117841,5884852,244694,1038648,546,216609,935349,778,0,0,0,10,152191,572164,15776675,passed,19,3,16,3
idempotency-accuracy,997,998,idempotency,15,4,3,5,21,0.8,0.3,5,2,0,1,8,54,403514,110512,5524528,156421,1481860,2076,122878,1172858,1225,0,0,0,8,111837,515934,5268508,passed,15,1,11,1
idempotency-accuracy,998,999,idempotency,22,2,3,3,11,0.8,0.3,5,2,0,1,6,26,356147,100157,5006869,18760,103725,89,14901,83489,23,0,0,0,6,11763,368117,1239567,passed,22,1,6,1
idempotency-accuracy,999,1000,idempotency,17,5,5,2,26,0.8,0.3,5,2,0,1,1,1,375029,100000,5000540,125,186,0,129,191,0,0,0,0,1,114,375184,1530538,passed,17,0,1,0
idempotency-accuracy,1000,1001,idempotency,12,3,3,4,16,0.8,0.3,5,2,0,1,1,1,365215,100000,5009809,141,210,2,143,213,20,0,0,0,1,165,365418,997802,passed,12,0,1,0
idempotency-accuracy,1001,1002,idempotency,22,3,5,4,16,0.8,0.3,5,2,0,1,12,121,780147,218290,10930835,458462,3142992,1272,366796,2520980,1109,0,0,0,12,292830,1073897,9178638,passed,22,1,18,1
idempotency-accuracy,1002,1003,idempotency,16,3,3,2,16,0.8,0.3,5,2,0,1,1,1,356566,100000,5014480,77,114,1,79,117,0,0,0,0,1,80,356684,998144,passed,16,0,1,0
idempotency-accuracy,1003,1004,idempotency,22,5,5,3,26,0.8,0.3,5,2,0,1,1,1,354534,100000,4998958,177,264,2,181,269,0,0,0,0,1,181,354751,1970554,passed,22,0,1,0
idempotency-accuracy,1004,1005,idempotency,24,5,5,3,26,0.8,0.3,5,2,0,1,8,67,475881,133009,6645312,213449,860802,531,173699,709958,524,0,0,0,8,126035,602536,36626238,passed,24,1,13,1
idempotency-accuracy,1005,1006,idempotency,10,3,5,4,16,0.8,0.3,5,2,0,1,1,1,385546,100000,4996481,145,216,4,147,219,0,0,0,0,1,179,385770,1036620,passed,10,0,1,0
idempotency-accuracy,1006,1007,idempotency,21,4,5,5,21,0.8,0.3,5,2,0,1,10,84,644919,177418,8861391,354175,4142531,3103,250602,3156076,2092,0,0,0,10,264100,909607,27693827,passed,21,6,15,6
idempotency-accuracy,1007,1008,idempotency,22,3,3,5,16,0.8,0.3,5,2,0,1,11,99,460292,129271,6451701,417871,3822569,1367,344139,3366928,961,0,0,0,11,291125,752709,10302018,passed,22,2,15,2
idempotency-accuracy,1008,1009,idempotency,13,5,2,5,26,0.8,0.3,5,2,0,1,9,64,583060,159817,7995439,212967,1192587,903,195184,1115525,1190,0,0,0,9,140998,724602,7853387,passed,13,1,11,1
idempotency-accuracy,1009,1010,idempotency,22,2,4,4,11,0.8,0.3,5,2,0,1,6,34,396405,108729,5425509,35011,269749,100,30433,238240,130,0,0,0,6,25069,421818,1568247,passed,22,2,9,2
idempotency-accuracy,1010,1011,idempotency,23,4,2,3,21,0.8,0.3,5,2,0,1,11,131,493343,138395,6917361,346959,2792112,1093,320238,2588574,1125,0,0,0,11,247197,741506,28113724,passed,23,2,19,1
idempotency-accuracy,1011,1012,idempotency,12,3,5,5,16,0.8,0.3,5,2,0,1,7,41,368404,103481,5169379,102631,518098,256,83688,439078,269,0,0,0,7,62353,431143,1726143,passed,12,1,9,1
idempotency-accuracy,1012,1013,idempotency,16,2,4,4,11,0.8,0.3,5,2,0,1,1,1,352478,100000,4981127,101,150,2,102,152,0,0,0,0,1,123,352637,976466,passed,16,0,1,0
idempotency-accuracy,1013,1014,idempotency,20,5,4,3,26,0.8,0.3,5,2,0,1,1,1,355784,100000,4990004,175,261,3,179,266,0,0,0,0,1,155,355978,1685517,passed,20,0,1,0
idempotency-accuracy,1014,1015,idempotency,11,5,2,3,26,0.8,0.3,5,2,0,1,1,1,357357,100000,5011380,171,255,0,175,260,0,0,0,0,1,147,357540,1168069,passed,11,0,1,0
idempotency-accuracy,1015,1016,idempotency,17,3,5,3,16,0.8,0.3,5,2,0,1,1,1,351628,100000,4996965,113,168,1,115,171,0,0,0,0,1,108,351766,1057623,passed,17,0,1,0
idempotency-accuracy,1016,1017,idempotency,16,2,4,3,11,0.8,0.3,5,2,0,1,5,24,380699,103953,5202173,13939,65009,24,9355,44999,46,0,0,0,5,8082,388978,1222203,passed,16,2,7,2
idempotency-accuracy,1017,1018,idempotency,16,3,5,3,16,0.8,0.3,5,2,0,1,4,14,359344,101033,5059383,8699,28000,13,7359,24546,9,0,0,0,4,5265,364709,1335393,passed,16,1,5,1
idempotency-accuracy,1018,1019,idempotency,13,4,2,5,21,0.8,0.3,5,2,0,1,1,1,353724,100000,4991693,223,333,2,226,337,1,0,0,0,1,184,353945,1105063,passed,13,0,1,0
idempotency-accuracy,1019,1020,idempotency,22,5,3,3,26,0.8,0.3,5,2,0,1,1,1,356860,100000,5012066,173,258,1,177,263,0,0,0,0,1,139,357034,1972808,passed,22,0,1,0
idempotency-accuracy,1020,1021,idempotency,17,3,3,3,16,0.8,0.3,5,2,0,1,5,20,364599,101853,5110793,16502,82546,83,12374,64090,34,0,0,0,5,9865,374649,1459839,passed,17,1,6,1
idempotency-accuracy,1021,1022,idempotency,16,3,5,5,16,0.8,0.3,5,2,0,1,1,1,353154,100000,5001784,177,264,0,179,267,0,0,0,0,1,164,353355,1048292,passed,16,0,1,0
idempotency-accuracy,1022,1023,idempotency,17,5,5,2,26,0.8,0.3,5,2,0,1,1,1,355467,100000,5000869,125,186,1,129,191,0,0,0,0,1,115,355615,1390391,passed,17,0,1,0
idempotency-accuracy,1023,1024,idempotency,22,3,3,2,16,0.8,0.3,5,2,0,1,1,1,354877,100000,4985325,77,114,2,79,117,9,0,0,0,1,106,355023,1091170,passed,22,0,1,0
idempotency-accuracy,1024,1025,idempotency,17,2,3,3,11,0.8,0.3,5,2,0,1,4,20,478320,135292,6764698,11585,63224,8,10416,58470,36,0,0,0,4,7522,486062,1110026,passed,17,1,7,1
idempotency-accuracy,1025,1026,idempotency,13,3,4,2,16,0.8,0.3,5,2,0,1,11,81,736319,205839,10303035,111991,894652,324,93067,743003,328,0,0,0,11,73044,810074,1989924,passed,13,1,13,1
idempotency-accuracy,1026,1027,idempotency,19,5,5,3,26,0.8,0.3,5,2,0,1,9,112,676872,187909,9394456,325679,1572418,786,289735,1406292,1016,0,0,0,9,204439,881875,41992615,validation_failed,19,3,19,3
idempotency-accuracy,1027,1028,idempotency,18,3,5,2,16,0.8,0.3,5,2,0,1,9,66,666241,186870,9350746,91479,706521,272,71230,553811,292,0,0,0,9,59857,726688,3283461,passed,18,1,13,1
idempotency-accuracy,1028,1029,idempotency,17,3,2,5,16,0.8,0.3,5,2,0,1,9,69,1187635,328386,16438707,155868,1146912,387,136938,1049194,407,0,0,0,9,106348,1294659,3875401,passed,17,2,12,2
idempotency-accuracy,1029,1030,idempotency,11,3,5,3,16,0.8,0.3,5,2,0,1,1,1,354900,100000,4998222,113,168,1,115,171,0,0,0,0,1,109,355047,1009144,passed,11,0,1,0
idempotency-accuracy,1030,1031,idempotency,19,2,5,2,11,0.8,0.3,5,2,0,1,1,1,371188,100000,4988513,59,87,2,60,89,0,0,0,0,1,76,371304,989176,passed,19,0,1,0
idempotency-accuracy,1031,1032,idempotency,22,4,5,3,21,0.8,0.3,5,2,0,1,1,1,360037,100000,5006566,145,216,2,148,220,21,0,0,0,1,163,360242,1377707,passed,22,0,1,0
idempotency-accuracy,1032,1033,idempotency,23,5,4,5,26,0.8,0.3,5,2,0,1,13,192,791023,215649,10794272,1398503,8515697,3721,1324601,8185884,3916,0,0,0,13,936232,1728444,198512377,passed,23,1,23,1
idempotency-accuracy,1033,1034,idempotency,15,5,3,2,26,0.8,0.3,5,2,0,1,1,1,354995,100000,5018633,121,180,2,125,185,23,0,0,0,1,147,355180,1365348,passed,15,0,1,0
idempotency-accuracy,1034,1035,idempotency,12,5,2,2,26,0.8,0.3,5,2,0,1,6,36,527754,148583,7437196,40163,414884,125,36444,385161,128,0,0,0,6,28921,557256,3373214,validation_failed,12,1,9,1
idempotency-accuracy,1035,1036,idempotency,22,5,2,2,26,0.8,0.3,5,2,0,1,12,148,1142146,315677,15811440,421581,2754259,1003,370375,2496997,1288,0,0,0,12,281396,1424550,57164508,validation_failed,22,1,19,1
idempotency-accuracy,1036,1037,idempotency,24,3,2,4,16,0.8,0.3,5,2,0,1,9,63,990715,278839,13968265,141210,810227,379,108262,626320,303,0,0,0,9,83856,1075124,6060335,validation_failed,24,1,12,1
idempotency-accuracy,1037,1038,idempotency,10,5,2,2,26,0.8,0.3,5,2,0,1,7,42,445489,122218,6114128,68322,387564,616,54868,290804,242,0,0,0,7,45175,490986,3332041,passed,10,1,10,1
idempotency-accuracy,1038,1039,idempotency,16,2,4,4,11,0.8,0.3,5,2,0,1,9,62,420985,116720,5849081,95818,866245,625,69948,654149,467,0,0,0,9,64854,486443,1582703,passed,16,3,12,3
idempotency-accuracy,1039,1040,idempotency,22,2,5,3,11,0.8,0.3,5,2,0,1,13,129,772338,201564,10087777,269133,1672097,2081,212109,1297680,2922,0,0,0,13,177525,950936,3113851,passed,22,2,17,2
idempotency-accuracy,1040,1041,idempotency,17,3,2,5,16,0.8,0.3,5,2,0,1,11,112,736080,198635,9930465,442437,3925258,3645,340081,3167705,2553,0,0,0,11,310498,1047966,6074789,passed,17,2,17,2
idempotency-accuracy,1041,1042,idempotency,23,5,4,4,26,0.8,0.3,5,2,0,1,11,154,633005,174654,8738478,769516,4478975,1893,709768,4224102,2285,0,0,0,11,511223,1145232,150577508,passed,23,2,22,2
idempotency-accuracy,1042,1043,idempotency,19,5,3,4,26,0.8,0.3,5,2,0,1,1,1,352484,100000,4981609,225,336,2,229,341,0,0,0,0,1,176,352692,1700499,passed,19,0,1,0
idempotency-accuracy,1043,1044,idempotency,11,5,5,3,26,0.8,0.3,5,2,0,1,1,1,361578,100000,5007480,177,264,2,181,269,0,0,0,0,1,171,361792,1187840,passed,11,0,1,0
idempotency-accuracy,1044,1045,idempotency,12,3,2,3,16,0.8,0.3,5,2,0,1,2,7,370957,102183,5109175,3583,10076,10,2978,8776,21,0,0,0,2,2253,373284,1130830,passed,12,1,5,1
idempotency-accuracy,1045,1046,idempotency,18,2,3,2,11,0.8,0.3,5,2,0,1,10,73,800414,222545,11099163,76543,797144,278,62725,670863,178,0,0,0,10,55006,856253,1535562,validation_failed,18,1,13,1
idempotency-accuracy,1046,1047,idempotency,13,2,4,2,11,0.8,0.3,5,2,0,1,1,1,356128,100000,5005047,57,84,1,58,86,0,0,0,0,1,75,356240,967601,passed,13,0,1,0
idempotency-accuracy,1047,1048,idempotency,14,4,3,3,21,0.8,0.3,5,2,0,1,5,26,491172,138204,6921273,33796,137321,81,26418,109905,50,0,0,0,5,19859,511243,2415515,passed,14,1,8,1
idempotency-accuracy,1048,1049,idempotency,11,4,2,5,21,0.8,0.3,5,2,0,1,7,41,369531,103920,5193722,93215,699927,320,75435,577180,234,0,0,0,7,59355,429339,2193096,passed,11,1,9,1
idempotency-accuracy,1049,1050,idempotency,10,4,5,3,21,0.8,0.3,5,2,0,1,6,33,375143,103006,5145266,49803,214470,179,35532,152205,89,0,0,0,6,28497,403822,1923635,passed,10,1,9,1
idempotency-accuracy,1050,1051,idempotency,16,5,3,3,26,0.8,0.3,5,2,0,1,8,81,475837,133174,6644577,263007,2524162,817,213272,1922162,740,0,0,0,8,181726,657987,23961665,passed,16,3,17,3
idempotency-accuracy,1051,1052,idempotency,15,2,4,2,11,0.8,0.3,5,2,0,1,8,57,460892,125207,6249516,35746,247508,338,26096,180654,117,0,0,0,8,26733,488251,1270575,passed,15,4,12,4
idempotency-accuracy,1052,1053,idempotency,21,5,2,3,26,0.8,0.3,5,2,0,1,14,183,675232,189480,9469111,736351,3900548,2045,617750,3341083,2106,0,0,0,14,468381,1144729,81868445,validation_failed,21,3,21,3
idempotency-accuracy,1053,1054,idempotency,19,5,5,4,26,0.8,0.3,5,2,0,1,1,1,362594,100000,5008495,229,342,2,233,347,0,0,0,0,1,177,362809,1644785,passed,19,0,1,0
idempotency-accuracy,1054,1055,idempotency,16,4,4,2,21,0.8,0.3,5,2,0,1,1,1,353822,100000,5005425,101,150,1,104,154,1,0,0,0,1,99,353954,1122079,passed,16,0,1,0
idempotency-accuracy,1055,1056,idempotency,16,5,2,5,26,0.8,0.3,5,2,0,1,1,1,365424,100000,4994760,275,411,1,279,416,0,0,0,0,1,199,365665,1523576,passed,16,0,1,0
idempotency-accuracy,1056,1057,idempotency,22,4,3,2,21,0.8,0.3,5,2,0,1,1,1,358523,100000,5004639,99,147,2,102,151,21,0,0,0,1,120,358680,1337307,passed,22,0,1,0
idempotency-accuracy,1057,1058,idempotency,11,2,2,4,11,0.8,0.3,5,2,0,1,1,1,373456,100000,5007634,97,144,2,98,146,0,0,0,0,1,111,373607,957091,passed,11,0,1,0
idempotency-accuracy,1058,1059,idempotency,16,3,3,4,16,0.8,0.3,5,2,0,1,1,1,359796,100000,5004852,141,210,2,143,213,6,0,0,0,1,134,359971,1042459,passed,16,0,1,0
idempotency-accuracy,1059,1060,idempotency,18,4,5,3,21,0.8,0.3,5,2,0,1,7,58,505185,137919,6888221,109245,387168,470,95215,337705,327,0,0,0,7,75328,580860,9864295,validation_failed,18,5,15,5
idempotency-accuracy,1060,1061,idempotency,18,3,3,2,16,0.8,0.3,5,2,0,1,10,88,654729,173049,8676488,127400,730392,912,103284,571445,745,0,0,0,10,93804,749144,4238440,validation_failed,18,1,16,1
idempotency-accuracy,1061,1062,idempotency,23,5,4,3,26,0.8,0.3,5,2,0,1,1,1,365361,100000,4996939,175,261,1,179,266,0,0,0,0,1,166,365565,1888519,passed,23,0,1,0
idempotency-accuracy,1062,1063,idempotency,21,5,3,2,26,0.8,0.3,5,2,0,1,9,107,458911,126133,6315402,223809,1043288,1616,206246,970494,1643,0,0,0,9,158688,618329,60436966,validation_failed,21,1,19,1
idempotency-accuracy,1063,1064,idempotency,19,4,2,3,21,0.8,0.3,5,2,0,1,13,149,614776,171593,8593656,516180,3653818,1297,402291,2867390,1054,0,0,0,13,330622,946433,26280439,passed,19,1,20,1
idempotency-accuracy,1064,1065,idempotency,20,2,5,5,11,0.8,0.3,5,2,0,1,1,1,361710,100000,4996265,125,186,7,126,188,0,0,0,0,1,136,361885,975281,passed,20,0,1,0
idempotency-accuracy,1065,1066,idempotency,16,3,5,5,16,0.8,0.3,5,2,0,1,11,80,630543,176092,8802714,271773,1791472,790,214384,1309705,912,0,0,0,11,175597,806708,3322008,passed,16,1,13,1
idempotency-accuracy,1066,1067,idempotency,17,5,5,3,26,0.8,0.3,5,2,0,1,1,1,356704,100000,4991025,177,264,1,181,269,0,0,0,0,1,159,356901,1531166,passed,17,0,1,0
idempotency-accuracy,1067,1068,idempotency,23,2,3,3,11,0.8,0.3,5,2,0,1,11,102,510139,142393,7112573,118183,817510,366,94289,699145,302,0,0,0,11,78274,589093,3113965,passed,23,6,15,6
idempotency-accuracy,1068,1069,idempotency,11,3,3,3,16,0.8,0.3,5,2,0,1,1,1,362064,100000,4998715,109,162,1,111,165,0,0,0,0,1,119,362221,994227,passed,11,0,1,0
idempotency-accuracy,1069,1070,idempotency,16,3,3,5,16,0.8,0.3,5,2,0,1,7,39,426917,119117,5961864,89967,568404,227,74606,461182,291,0,0,0,7,58621,485883,2307396,passed,16,1,9,1
idempotency-accuracy,1070,1071,idempotency,24,3,2,2,16,0.8,0.3,5,2,0,1,9,58,534454,149750,7490574,61177,372146,222,51542,321255,199,0,0,0,9,39364,574312,5080859,validation_failed,24,1,11,1
idempotency-accuracy,1071,1072,idempotency,20,2,5,5,11,0.8,0.3,5,2,0,1,7,35,413121,116359,5824066,53802,562163,155,42004,469222,190,0,0,0,7,37794,451263,1496693,passed,20,2,8,2
idempotency-accuracy,1072,1073,idempotency,24,4,3,2,21,0.8,0.3,5,2,0,1,10,77,421003,119168,5940899,154239,1794427,437,118683,1363050,402,0,0,0,10,107860,529957,15374347,passed,24,1,13,1
idempotency-accuracy,1073,1074,idempotency,12,3,4,4,16,0.8,0.3,5,2,0,1,8,52,365506,103747,5171153,105202,758725,306,79508,560312,274,0,0,0,8,66693,432590,1698990,passed,12,2,10,2
idempotency-accuracy,1074,1075,idempotency,16,5,5,3,26,0.8,0.3,5,2,0,1,8,60,456946,117687,5871808,161189,839897,526,121210,641559,519,0,0,0,8,98651,556196,17293777,passed,16,1,13,1
idempotency-accuracy,1075,1076,idempotency,13,5,3,4,26,0.8,0.3,5,2,0,1,11,72,969432,270726,13543071,328288,2486638,891,279583,2082577,1343,0,0,0,11,222718,1192821,9310816,validation_failed,13,1,12,1
idempotency-accuracy,1076,1077,idempotency,12,5,2,3,26,0.8,0.3,5,2,0,1,9,61,815102,218048,10907997,148197,721856,770,120267,598772,644,0,0,0,9,101209,916955,7081322,passed,12,2,11,2
idempotency-accuracy,1077,1078,idempotency,10,4,5,3,21,0.8,0.3,5,2,0,1,3,9,368034,101753,5082900,6126,28580,31,4422,20903,38,0,0,0,3,3772,371978,1296947,passed,10,1,4,1
idempotency-accuracy,1078,1079,idempotency,23,3,4,3,16,0.8,0.3,5,2,0,1,11,93,420127,115663,5774844,193703,1320328,1424,160204,1045674,1474,0,0,0,11,131187,552071,9141964,passed,23,2,15,2
idempotency-accuracy,1079,1080,idempotency,13,4,4,2,21,0.8,0.3,5,2,0,1,9,76,645530,177817,8891392,96500,571946,214,88303,533037,272,0,0,0,9,62223,708444,3353061,validation_failed,13,1,12,1
idempotency-accuracy,1080,1081,idempotency,17,3,3,3,16,0.8,0.3,5,2,0,1,1,1,356383,100000,4996403,109,162,0,111,165,0,0,0,0,1,104,356525,1054770,passed,17,0,1,0
idempotency-accuracy,1081,1082,idempotency,21,4,5,5,21,0.8,0.3,5,2,0,1,1,1,356598,100000,4991695,229,342,2,232,346,0,0,0,0,1,182,356820,1395451,passed,21,0,1,0
idempotency-accuracy,1082,1083,idempotency,10,2,5,3,11,0.8,0.3,5,2,0,1,4,19,440573,122464,6133932,11371,50545,26,9758,44812,11,0,0,0,4,7104,447841,1052142,passed,10,1,7,1
idempotency-accuracy,1083,1084,idempotency,11,5,3,4,26,0.8,0.3,5,2,0,1,1,1,355334,100000,5005781,225,336,1,229,341,0,0,0,0,1,175,355556,1188291,passed,11,0,1,0
idempotency-accuracy,1084,1085,idempotency,13,2,2,2,11,0.8,0.3,5,2,0,1,4,15,362409,102521,5121967,4718,34352,24,3317,24481,30,0,0,0,4,3094,365668,1047784,passed,13,1,6,1
idempotency-accuracy,1085,1086,idempotency,23,4,4,4,21,0.8,0.3,5,2,0,1,14,138,692066,192377,9600308,677759,4298773,2036,527638,3291855,1693,0,0,0,14,437374,1130369,36769918,passed,23,4,17,4
idempotency-accuracy,1086,1087,idempotency,23,5,4,2,26,0.8,0.3,5,2,0,1,13,149,483618,133862,6676311,637573,3814037,2505,536854,3184519,2437,0,0,0,13,411869,896551,94046930,validation_failed,23,2,21,2
idempotency-accuracy,1087,1088,idempotency,17,4,4,4,21,0.8,0.3,5,2,0,1,10,81,676108,189299,9456012,239107,1328523,492,222177,1249599,695,0,0,0,10,155668,832419,10298500,validation_failed,17,1,13,1
idempotency-accuracy,1088,1089,idempotency,13,3,4,5,16,0.8,0.3,5,2,0,1,1,1,353135,100000,4996028,175,261,2,177,264,0,0,0,0,1,156,353324,1001202,passed,13,0,1,0
idempotency-accuracy,1089,1090,idempotency,24,5,4,2,26,0.8,0.3,5,2,0,1,1,1,369960,100000,4994326,123,183,2,127,188,1,0,0,0,1,118,370133,2100274,passed,24,0,1,0
idempotency-accuracy,1090,1091,idempotency,22,2,3,3,11,0.8,0.3,5,2,0,1,9,56,470156,132417,6626287,58419,335486,176,43177,249467,145,0,0,0,9,35704,506221,1770551,validation_failed,22,2,11,2
idempotency-accuracy,1091,1092,idempotency,15,3,3,5,16,0.8,0.3,5,2,0,1,5,21,404123,109807,5496826,25304,125804,55,17894,100206,82,0,0,0,5,15218,419481,1381889,passed,15,2,6,2
idempotency-accuracy,1092,1093,idempotency,13,2,5,5,11,0.8,0.3,5,2,0,1,5,20,367472,102948,5152188,16598,259140,54,12313,215673,49,0,0,0,5,12738,380852,1119918,passed,13,2,6,2
idempotency-accuracy,1093,1094,idempotency,15,5,4,3,26,0.8,0.3,5,2,0,1,10,91,452217,125384,6279806,250162,1749609,766,236793,1653731,757,0,0,0,10,171961,625383,15898361,passed,15,1,14,1
idempotency-accuracy,1094,1095,idempotency,21,2,5,4,11,0.8,0.3,5,2,0,1,8,66,484823,134896,6755809,100997,901671,353,80210,736066,372,0,0,0,8,72351,557965,2258159,passed,21,2,13,2
idempotency-accuracy,1095,1096,idempotency,13,4,4,5,21,0.8,0.3,5,2,0,1,7,39,630994,176707,8845743,93905,424230,250,69867,319787,155,0,0,0,7,55795,687094,2906268,passed,13,1,9,1
idempotency-accuracy,1096,1097,idempotency,23,4,4,3,21,0.8,0.3,5,2,0,1,1,1,365290,100000,5003851,143,213,2,146,217,0,0,0,0,1,144,365475,1441254,passed,23,0,1,0
idempotency-accuracy,1097,1098,idempotency,22,5,5,5,26,0.8,0.3,5,2,0,1,1,1,355983,100000,4990653,281,420,2,285,425,0,0,0,0,1,241,356264,2051744,passed,22,0,1,0
idempotency-accuracy,1098,1099,idempotency,10,5,3,3,26,0.8,0.3,5,2,0,1,1,1,354567,100000,5006978,173,258,1,177,263,0,0,0,0,1,140,354744,1153473,passed,10,0,1,0
idempotency-accuracy,1099,1100,idempotency,16,3,5,2,16,0.8,0.3,5,2,0,1,6,32,402150,112375,5605377,24754,124204,57,17209,91795,59,0,0,0,6,14260,416621,1975664,passed,16,3,8,3
idempotency-accuracy,1100,1101,idempotency,21,5,3,5,26,0.8,0.3,5,2,0,1,1,1,357330,100000,5015533,277,414,2,281,419,0,0,0,0,1,214,357580,1784473,passed,21,0,1,0
idempotency-accuracy,1101,1102,idempotency,20,5,3,2,26,0.8,0.3,5,2,0,1,1,1,361944,100000,4999502,121,180,1,125,185,0,0,0,0,1,125,362106,1599919,passed,20,0,1,0
idempotency-accuracy,1102,1103,idempotency,23,5,5,5,26,0.8,0.3,5,2,0,1,6,29,359708,101299,5073217,78320,347253,330,59780,271728,235,0,0,0,6,47322,407274,17563797,passed,23,2,8,2
idempotency-accuracy,1103,1104,idempotency,10,2,2,4,11,0.8,0.3,5,2,0,1,7,40,400381,111928,5580492,44387,242728,77,38230,215993,174,0,0,0,7,28399,429081,1044958,passed,10,1,9,1
idempotency-accuracy,1104,1105,idempotency,12,5,3,3,26,0.8,0.3,5,2,0,1,1,1,359165,100000,4998521,173,258,1,177,263,0,0,0,0,1,146,359345,1165771,passed,12,0,1,0
idempotency-accuracy,1105,1106,idempotency,14,4,5,2,21,0.8,0.3,5,2,0,1,1,1,371700,100000,4997681,103,153,1,106,157,0,0,0,0,1,99,371833,1118462,passed,14,0,1,0
idempotency-accuracy,1106,1107,idempotency,16,4,3,4,21,0.8,0.3,5,2,0,1,1,1,382784,100000,4994053,183,273,2,186,277,0,0,0,0,1,193,383020,1178786,passed,16,0,1,0
idempotency-accuracy,1107,1108,idempotency,21,2,5,5,11,0.8,0.3,5,2,0,1,7,51,394704,109309,5451521,90992,459285,205,67098,338867,269,0,0,0,7,54709,449738,2068268,passed,21,1,12,1
idempotency-accuracy,1108,1109,idempotency,13,5,4,2,26,0.8,0.3,5,2,0,1,1,1,358823,100000,4991398,123,183,0,127,188,0,0,0,0,1,115,358975,1247871,passed,13,0,1,0
idempotency-accuracy,1109,1110,idempotency,18,3,3,3,16,0.8,0.3,5,2,0,1,6,34,399250,111234,5575525,34275,154539,54,30662,142611,87,0,0,0,6,21366,420810,2361893,passed,18,2,9,1
idempotency-accuracy,1110,1111,idempotency,15,5,3,3,26,0.8,0.3,5,2,0,1,9,62,440405,123603,6191062,160014,1008891,416,141741,888188,576,0,0,0,9,104751,545586,11128348,passed,15,1,12,1
idempotency-accuracy,1111,1112,idempotency,15,4,2,5,21,0.8,0.3,5,2,0,1,7,48,385393,108224,5419944,109400,466724,440,98830,433190,246,0,0,0,7,67497,453286,4099478,passed,15,1,10,1
idempotency-accuracy,1112,1113,idempotency,23,3,2,3,16,0.8,0.3,5,2,0,1,15,185,669393,184578,9230181,698851,4819749,2241,652845,4548923,2672,0,0,0,15,490081,1161123,16518207,passed,23,1,21,1
idempotency-accuracy,1113,1114,idempotency,13,5,5,5,26,0.8,0.3,5,2,0,1,1,1,353814,100000,5008456,281,420,0,285,425,8,0,0,0,1,218,354066,1296868,passed,13,0,1,0
idempotency-accuracy,1114,1115,idempotency,20,2,4,5,11,0.8,0.3,5,2,0,1,1,1,358116,100000,4997514,123,183,1,124,185,0,0,0,0,1,116,358269,978787,passed,20,0,1,0
idempotency-accuracy,1115,1116,idempotency,14,5,2,5,26,0.8,0.3,5,2,0,1,9,87,434433,120168,5983174,335558,1230340,619,306986,1149268,827,0,0,0,9,207297,642608,15614093,passed,14,2,14,1
idempotency-accuracy,1116,1117,idempotency,14,5,3,5,26,0.8,0.3,5,2,0,1,8,80,445514,124499,6237586,326569,1903506,843,299155,1770630,1001,0,0,0,8,217470,663682,18672485,passed,14,1,15,1
idempotency-accuracy,1117,1118,idempotency,14,3,5,3,16,0.8,0.3,5,2,0,1,1,1,357043,100000,5000430,113,168,8,115,171,0,0,0,0,1,111,357195,1009468,passed,14,0,1,0
idempotency-accuracy,1118,1119,idempotency,14,2,3,3,11,0.8,0.3,5,2,0,1,3,9,362527,100049,4994360,3156,10811,48,2686,9302,0,0,0,0,3,2117,364743,1006632,passed,14,1,4,1
idempotency-accuracy,1119,1120,idempotency,15,2,4,2,11,0.8,0.3,5,2,0,1,11,80,432600,121085,6049910,65900,567403,306,56764,502896,245,0,0,0,11,45644,478964,1192008,passed,15,1,12,1
idempotency-accuracy,1120,1121,idempotency,12,3,3,5,16,0.8,0.3,5,2,0,1,7,43,506768,142203,7109686,113554,685307,325,91752,545290,268,0,0,0,7,70388,577457,1846805,validation_failed,12,1,10,1
idempotency-accuracy,1121,1122,idempotency,18,3,3,5,16,0.8,0.3,5,2,0,1,1,1,357340,100000,5014654,173,258,1,175,261,0,0,0,0,1,147,357527,1038583,passed,18,0,1,0
idempotency-accuracy,1122,1123,idempotency,16,2,2,5,11,0.8,0.3,5,2,0,1,5,20,365503,102551,5131170,17072,159521,92,12538,118004,24,0,0,0,5,11307,377083,1064548,passed,16,1,6,1
idempotency-accuracy,1123,1124,idempotency,22,2,3,4,11,0.8,0.3,5,2,0,1,12,90,523626,146825,7343398,158593,941770,418,127780,747538,393,0,0,0,12,101842,626035,2235412,validation_failed,22,1,13,1
idempotency-accuracy,1124,1125,idempotency,14,4,5,2,21,0.8,0.3,5,2,0,1,10,72,430494,116098,5816838,134784,1037253,311,107302,855971,432,0,0,0,10,86725,517795,4763579,passed,14,1,12,1
idempotency-accuracy,1125,1126,idempotency,18,3,5,4,16,0.8,0.3,5,2,0,1,8,51,472213,126268,6328990,97448,533079,1612,70476,390279,1272,0,0,0,8,64163,536768,3166622,passed,18,2,10,2
idempotency-accuracy,1126,1127,idempotency,23,4,3,4,21,0.8,0.3,5,2,0,1,7,70,658380,183547,9186627,248833,1581031,617,215224,1353256,697,0,0,0,7,160207,819166,39790389,validation_failed,23,1,17,1
idempotency-accuracy,1127,1128,idempotency,19,3,2,3,16,0.8,0.3,5,2,0,1,1,1,357468,100000,5000763,107,159,1,109,162,19,0,0,0,1,127,357629,1068060,passed,19,0,1,0
idempotency-accuracy,1128,1129,idempotency,13,3,4,4,16,0.8,0.3,5,2,0,1,9,78,435380,122353,6121815,159495,773182,342,147255,725607,603,0,0,0,9,105150,541063,2529396,passed,13,1,13,1
idempotency-accuracy,1129,1130,idempotency,21,2,2,2,11,0.8,0.3,5,2,0,1,6,37,420010,118473,5921672,23660,212651,87,20410,192316,88,0,0,0,6,16541,436902,1446656,validation_failed,21,2,10,2
idempotency-accuracy,1130,1131,idempotency,20,4,2,3,21,0.8,0.3,5,2,0,1,1,1,359050,100000,5014981,139,207,2,142,211,0,0,0,0,1,123,359203,1254157,passed,20,0,1,0
idempotency-accuracy,1131,1132,idempotency,14,3,3,4,16,0.8,0.3,5,2,0,1,1,1,353488,100000,5008027,141,210,1,143,213,0,0,0,0,1,123,353638,1005769,passed,14,0,1,0
idempotency-accuracy,1132,1133,idempotency,12,5,4,2,26,0.8,0.3,5,2,0,1,1,1,386234,100000,4982712,123,183,2,127,188,0,0,0,0,1,130,386399,1185803,passed,12,0,1,0
idempotency-accuracy,1133,1134,idempotency,15,2,5,5,11,0.8,0.3,5,2,0,1,1,1,354612,100000,5009854,125,186,2,126,188,0,0,0,0,1,113,354754,978199,passed,15,0,1,0
idempotency-accuracy,1134,1135,idempotency,14,5,5,3,26,0.8,0.3,5,2,0,1,7,40,369771,103357,5167606,81624,386708,254,61797,298198,190,0,0,0,7,48056,418043,7400068,passed,14,1,10,1
idempotency-accuracy,1135,1136,idempotency,21,4,4,2,21,0.8,0.3,5,2,0,1,1,1,354253,100000,5003668,101,150,1,104,154,0,0,0,0,1,98,354379,1309460,passed,21,0,1,0
idempotency-accuracy,1136,1137,idempotency,13,5,5,5,26,0.8,0.3,5,2,0,1,8,51,423008,117996,5908319,208488,1260831,535,153001,935111,555,0,0,0,8,126588,549996,7812876,passed,13,1,10,1
idempotency-accuracy,1137,1138,idempotency,21,2,2,3,11,0.8,0.3,5,2,0,1,5,26,509053,135451,6771831,19994,97354,132,16865,83798,144,0,0,0,5,13157,522546,1332736,passed,21,1,8,1
idempotency-accuracy,1138,1139,idempotency,12,2,4,3,11,0.8,0.3,5,2,0,1,5,21,375298,103589,5177695,12233,46603,35,10738,41189,75,0,0,0,5,7722,383187,1070701,passed,12,2,7,2
idempotency-accuracy,1139,1140,idempotency,19,4,2,3,21,0.8,0.3,5,2,0,1,8,73,472388,130978,6563155,184349,952265,870,164203,866804,929,0,0,0,8,119752,592645,14467382,validation_failed,19,1,15,1
idempotency-accuracy,1140,1141,idempotency,20,4,5,4,21,0.8,0.3,5,2,0,1,13,151,535229,150150,7491423,804517,6005301,2138,695158,5067496,2231,0,0,0,13,537418,1073575,33172767,passed,20,1,19,1
idempotency-accuracy,1141,1142,idempotency,10,2,2,5,11,0.8,0.3,5,2,0,1,1,1,362604,100000,4998551,119,177,1,120,179,0,0,0,0,1,111,362751,985065,passed,10,0,1,0
idempotency-accuracy,1142,1143,idempotency,18,2,2,3,11,0.8,0.3,5,2,0,1,8,60,533751,142082,7108600,64244,525208,302,50236,411502,346,0,0,0,8,45104,579503,1564305,passed,18,2,12,2
idempotency-accuracy,1143,1144,idempotency,22,3,2,5,16,0.8,0.3,5,2,0,1,6,32,667522,183602,9173839,46830,217930,353,41949,200534,475,0,0,0,6,31347,699175,3020771,passed,22,1,8,1
idempotency-accuracy,1144,1145,idempotency,22,2,2,3,11,0.8,0.3,5,2,0,1,11,97,445305,118306,5915446,131380,867050,688,104385,704175,989,0,0,0,11,90395,536478,2675480,passed,22,2,16,2
idempotency-accuracy,1145,1146,idempotency,22,4,2,2,21,0.8,0.3,5,2,0,1,15,162,1122144,312826,15654423,377131,2004173,1943,316524,1701819,1691,0,0,0,15,244617,1368022,29682672,validation_failed,22,2,19,2
idempotency-accuracy,1146,1147,idempotency,13,4,2,5,21,0.8,0.3,5,2,0,1,1,1,384301,100000,5004927,223,333,2,226,337,0,0,0,0,1,174,384514,1114239,passed,13,0,1,0
idempotency-accuracy,1147,1148,idempotency,24,3,5,5,16,0.8,0.3,5,2,0,1,13,160,611387,171270,8567939,763397,6476602,1979,681021,5898487,2325,0,0,0,13,526646,1139418,24225565,passed,24,1,21,1
idempotency-accuracy,1148,1149,idempotency,17,4,4,4,21,0.8,0.3,5,2,0,1,1,1,368274,100000,5014339,185,276,1,188,280,0,0,0,0,1,153,368466,1182051,passed,17,0,1,0
idempotency-accuracy,1149,1150,idempotency,21,2,4,3,11,0.8,0.3,5,2,0,1,7,59,452401,127169,6353288,56268,219293,110,47302,186853,141,0,0,0,7,33666,486344,1963715,passed,21,5,14,5
idempotency-accuracy,1150,1151,idempotency,23,4,3,2,21,0.8,0.3,5,2,0,1,13,162,683300,187979,9392132,408879,1983703,1238,364718,1782380,1289,0,0,0,13,264014,948292,51498747,validation_failed,23,3,21,3
idempotency-accuracy,1151,1152,idempotency,20,4,3,2,21,0.8,0.3,5,2,0,1,13,128,1143620,321628,16071916,356484,2172612,861,299156,1792258,954,0,0,0,13,224067,1368655,19037100,validation_failed,20,1,18,1
idempotency-accuracy,1152,1153,idempotency,17,3,3,5,16,0.8,0.3,5,2,0,1,9,67,597506,168417,8416965,190150,1675722,502,168345,1524642,724,0,0,0,9,131935,730155,3784887,passed,17,1,12,1
idempotency-accuracy,1153,1154,idempotency,18,5,3,4,26,0.8,0.3,5,2,0,1,8,52,436389,123539,6164651,174444,2252638,656,130690,1665594,492,0,0,0,8,126946,563764,14310482,passed,18,1,10,1
idempotency-accuracy,1154,1155,idempotency,20,2,4,2,11,0.8,0.3,5,2,0,1,12,110,654205,185006,9231278,177795,1623242,560,142552,1367485,434,0,0,0,12,117941,773199,2312642,passed,20,3,17,3
idempotency-accuracy,1155,1156,idempotency,14,4,5,4,21,0.8,0.3,5,2,0,1,1,1,354365,100000,5001863,187,279,1,190,283,1,0,0,0,1,185,354583,1144537,passed,14,0,1,0
idempotency-accuracy,1156,1157,idempotency,15,3,5,4,16,0.8,0.3,5,2,0,1,1,1,375993,100000,5012300,145,216,1,147,219,0,0,0,0,1,130,376170,1024237,passed,15,0,1,0
idempotency-accuracy,1157,1158,idempotency,12,5,3,3,26,0.8,0.3,5,2,0,1,4,14,372163,104392,5221870,13861,83676,18,9641,59872,14,0,0,0,4,8168,380453,2527234,passed,12,1,5,1
idempotency-accuracy,1158,1159,idempotency,13,4,5,2,21,0.8,0.3,5,2,0,1,8,65,439228,122883,6132018,86634,466283,316,79534,438336,254,0,0,0,8,56071,495723,3578106,passed,13,1,12,1
idempotency-accuracy,1159,1160,idempotency,18,5,2,5,26,0.8,0.3,5,2,0,1,1,1,357336,100000,5016752,275,411,1,279,416,0,0,0,0,1,205,357582,1689545,passed,18,0,1,0
idempotency-accuracy,1160,1161,idempotency,15,3,2,5,16,0.8,0.3,5,2,0,1,10,82,578038,162270,8102086,340415,2095134,683,281852,1716482,1159,0,0,0,10,216341,795076,4215442,passed,15,1,15,1
idempotency-accuracy,1161,1162,idempotency,14,2,4,2,11,0.8,0.3,5,2,0,1,5,20,884036,251243,12524032,5846,73556,15,4481,59656,43,0,0,0,5,4351,888757,1005888,validation_failed,14,2,6,1
idempotency-accuracy,1162,1163,idempotency,24,5,5,4,26,0.8,0.3,5,2,0,1,9,112,394539,108779,5439533,656895,3124829,1745,545905,2637845,1945,0,0,0,9,412319,807529,175603503,passed,24,1,21,1
idempotency-accuracy,1163,1164,idempotency,16,4,2,4,21,0.8,0.3,5,2,0,1,1,1,353767,100000,4991221,181,270,2,184,274,1,0,0,0,1,166,353973,1150526,passed,16,0,1,0
idempotency-accuracy,1164,1165,idempotency,22,4,2,2,21,0.8,0.3,5,2,0,1,1,1,355091,100000,5006689,97,144,1,100,148,0,0,0,0,1,97,355229,1292120,passed,22,0,1,0
idempotency-accuracy,1165,1166,idempotency,23,2,5,2,11,0.8,0.3,5,2,0,1,1,1,362420,100000,5010922,59,87,2,60,89,0,0,0,0,1,90,362553,1005124,passed,23,0,1,0
idempotency-accuracy,1166,1167,idempotency,22,5,5,4,26,0.8,0.3,5,2,0,1,1,1,374368,100000,4997525,229,342,2,233,347,0,0,0,0,1,179,374586,1895890,passed,22,0,1,0
idempotency-accuracy,1167,1168,idempotency,21,5,3,3,26,0.8,0.3,5,2,0,1,1,1,367957,100000,4986743,173,258,2,177,263,0,0,0,0,1,142,368137,1828248,passed,21,0,1,0
idempotency-accuracy,1168,1169,idempotency,22,2,5,4,11,0.8,0.3,5,2,0,1,1,1,366732,100000,5004640,103,153,2,104,155,0,0,0,0,1,128,366907,1036572,passed,22,0,1,0
idempotency-accuracy,1169,1170,idempotency,13,3,3,5,16,0.8,0.3,5,2,0,1,8,57,420739,116241,5815211,131493,630868,303,98323,476141,298,0,0,0,8,77634,498877,1851427,passed,13,1,11,1
idempotency-accuracy,1170,1171,idempotency,14,5,2,3,26,0.8,0.3,5,2,0,1,10,88,475179,133167,6658455,292438,1763779,847,260621,1565254,989,0,0,0,10,192678,668415,14469052,passed,14,1,14,1
idempotency-accuracy,1171,1172,idempotency,11,5,5,4,26,0.8,0.3,5,2,0,1,1,1,360099,100000,4987704,229,342,2,233,347,0,0,0,0,1,196,360334,1199166,passed,11,0,1,0
idempotency-accuracy,1172,1173,idempotency,23,3,3,5,16,0.8,0.3,5,2,0,1,12,115,402451,113269,5656957,435621,3422080,1228,338271,2708017,1140,0,0,0,12,286204,689537,11791166,passed,23,1,17,1
idempotency-accuracy,1173,1174,idempotency,18,2,5,4,11,0.8,0.3,5,2,0,1,8,44,391856,110790,5544036,50035,208347,101,46030,193262,151,0,0,0,8,31728,423873,1433852,passed,18,1,9,1
idempotency-accuracy,1174,1175,idempotency,12,2,5,2,11,0.8,0.3,5,2,0,1,7,47,391248,110567,5515345,30010,107792,95,27173,93779,97,0,0,0,7,17710,409500,1138687,passed,12,1,10,1
idempotency-accuracy,1175,1176,idempotency,10,3,3,4,16,0.8,0.3,5,2,0,1,1,1,363502,100000,4995781,141,210,2,143,213,0,0,0,0,1,137,363682,1016969,passed,10,0,1,0
idempotency-accuracy,1176,1177,idempotency,20,3,3,3,16,0.8,0.3,5,2,0,1,1,1,375748,100000,4996236,109,162,1,111,165,1,0,0,0,1,142,375929,1105568,passed,20,0,1,0
idempotency-accuracy,1177,1178,idempotency,11,3,4,2,16,0.8,0.3,5,2,0,1,1,1,355273,100000,4987670,79,117,2,81,120,0,0,0,0,1,102,355423,974283,passed,11,0,1,0
idempotency-accuracy,1178,1179,idempotency,21,2,5,3,11,0.8,0.3,5,2,0,1,10,88,426304,113894,5712645,134113,730720,377,98569,556510,374,0,0,0,10,78012,504841,2661575,passed,21,3,15,3
idempotency-accuracy,1179,1180,idempotency,24,5,4,5,26,0.8,0.3,5,2,0,1,11,138,885062,212781,10630059,1057175,6628664,3386,966845,6129033,3782,0,0,0,11,761593,1647731,151913938,validation_failed,24,1,21,1
idempotency-accuracy,1180,1181,idempotency,11,2,2,4,11,0.8,0.3,5,2,0,1,4,14,395995,108945,5446820,7717,44107,29,5158,29829,20,0,0,0,4,4561,400702,1020632,passed,11,1,5,1
idempotency-accuracy,1181,1182,idempotency,24,4,5,2,21,0.8,0.3,5,2,0,1,1,1,357213,100000,5012513,103,153,2,106,157,0,0,0,0,1,125,357379,1364258,passed,24,0,1,0
idempotency-accuracy,1182,1183,idempotency,17,5,5,4,26,0.8,0.3,5,2,0,1,1,1,361874,100000,4998489,229,342,2,233,347,1,0,0,0,1,191,362105,1527399,passed,17,0,1,0
idempotency-accuracy,1183,1184,idempotency,23,4,3,2,21,0.8,0.3,5,2,0,1,1,1,359919,100000,5007597,99,147,2,102,151,0,0,0,0,1,98,360056,1400700,passed,23,0,1,0
idempotency-accuracy,1184,1185,idempotency,21,2,4,4,11,0.8,0.3,5,2,0,1,7,48,551752,150376,7514133,54205,324448,161,49097,301189,199,0,0,0,7,38573,590792,1691779,validation_failed,21,1,11,1
idempotency-accuracy,1185,1186,idempotency,13,5,5,3,26,0.8,0.3,5,2,0,1,8,70,468836,130638,6517132,167053,730742,449,150012,664785,395,0,0,0,8,104109,573382,10019450,passed,13,2,13,2
idempotency-accuracy,1186,1187,idempotency,14,2,4,2,11,0.8,0.3,5,2,0,1,5,20,407300,114382,5723461,7150,38656,14,5021,28207,7,0,0,0,5,4338,411792,1057803,passed,14,2,6,2
idempotency-accuracy,1187,1188,idempotency,11,5,3,5,26,0.8,0.3,5,2,0,1,8,46,589583,163123,8161790,198790,1266529,452,156002,1036090,515,0,0,0,8,124833,714860,5333635,passed,11,1,10,1
idempotency-accuracy,1188,1189,idempotency,14,2,4,4,11,0.8,0.3,5,2,0,1,1,1,355140,100000,5005455,101,150,1,102,152,1,0,0,0,1,108,355285,962103,passed,14,0,1,0
idempotency-accuracy,1189,1190,idempotency,20,2,3,4,11,0.8,0.3,5,2,0,1,1,1,360735,100000,4995853,99,147,12,100,149,0,0,0,0,1,145,360915,983159,passed,20,0,1,0
idempotency-accuracy,1190,1191,idempotency,24,4,4,5,21,0.8,0.3,5,2,0,1,1,1,356772,100000,4998764,227,339,2,230,343,0,0,0,0,1,221,357032,1560172,passed,24,0,1,0
idempotency-accuracy,1191,1192,idempotency,23,5,5,3,26,0.8,0.3,5,2,0,1,1,1,356200,100000,5015716,177,264,3,181,269,0,0,0,0,1,203,356447,1897041,passed,23,0,1,0
idempotency-accuracy,1192,1193,idempotency,18,3,5,3,16,0.8,0.3,5,2,0,1,5,29,384331,108263,5422328,27980,115678,55,25101,106211,67,0,0,0,5,17528,402039,2080307,passed,18,1,8,1
idempotency-accuracy,1193,1194,idempotency,22,2,3,4,11,0.8,0.3,5,2,0,1,6,33,361095,101641,5083253,35805,272991,79,26593,210348,94,0,0,0,6,22468,383905,1493245,passed,22,2,9,2
idempotency-accuracy,1194,1195,idempotency,24,3,5,3,16,0.8,0.3,5,2,0,1,1,1,359349,100000,4984357,113,168,0,115,171,0,0,0,0,1,105,359494,1119862,passed,24,0,1,0
idempotency-accuracy,1195,1196,idempotency,19,5,5,2,26,0.8,0.3,5,2,0,1,8,51,745312,200750,10056754,66718,406891,246,57622,355106,171,0,0,0,8,43708,789437,10945512,passed,19,2,10,2
idempotency-accuracy,1196,1197,idempotency,20,4,3,3,21,0.8,0.3,5,2,0,1,1,1,363874,100000,4989092,141,210,2,144,214,0,0,0,0,1,122,364038,1225511,passed,20,0,1,0
idempotency-accuracy,1197,1198,idempotency,16,3,4,4,16,0.8,0.3,5,2,0,1,1,1,380602,100000,4997140,143,213,7,145,216,0,0,0,0,1,138,380779,1086717,passed,16,0,1,0
idempotency-accuracy,1198,1199,idempotency,19,5,5,4,26,0.8,0.3,5,2,0,1,4,25,386306,105085,5265663,64979,269927,379,50785,204846,344,0,0,0,4,40161,426632,17980263,passed,19,1,11,1
idempotency-accuracy,1199,1200,idempotency,11,3,5,2,16,0.8,0.3,5,2,0,1,5,28,369630,103529,5172186,19244,109544,46,17256,100868,64,0,0,0,5,12488,382336,1277362,passed,11,1,8,1
idempotency-accuracy,1200,1201,idempotency,22,5,5,3,26,0.8,0.3,5,2,0,1,9,93,427556,114178,5700692,263558,1255428,609,232742,1137367,793,0,0,0,9,165259,593268,58711194,passed,22,2,16,2
idempotency-accuracy,1201,1202,idempotency,14,4,2,5,21,0.8,0.3,5,2,0,1,1,1,352571,100000,4996793,223,333,2,226,337,0,0,0,0,1,176,352778,1163266,passed,14,0,1,0
idempotency-accuracy,1202,1203,idempotency,23,3,3,5,16,0.8,0.3,5,2,0,1,15,153,556912,153461,7675253,734724,3771291,1863,659314,3430662,2047,0,0,0,15,475527,1033483,16361074,passed,23,3,18,3
idempotency-accuracy,1203,1204,idempotency,16,2,4,5,11,0.8,0.3,5,2,0,1,9,64,693619,191499,9576039,91946,387761,265,67252,293491,230,0,0,0,9,58186,752238,1446020,passed,16,3,12,3
idempotency-accuracy,1204,1205,idempotency,16,5,3,3,26,0.8,0.3,5,2,0,1,7,41,413616,116011,5798344,77781,344252,202,54639,247899,169,0,0,0,7,44661,458507,12112758,validation_failed,16,3,9,3
idempotency-accuracy,1205,1206,idempotency,17,3,2,4,16,0.8,0.3,5,2,0,1,1,1,355708,100000,4987617,139,207,2,141,210,0,0,0,0,1,124,355870,1009043,passed,17,0,1,0
idempotency-accuracy,1206,1207,idempotency,24,5,4,5,26,0.8,0.3,5,2,0,1,7,53,536345,148886,7444264,169517,747379,438,154676,695351,427,0,0,0,7,106110,642759,30151969,validation_failed,24,1,11,1
idempotency-accuracy,1207,1208,idempotency,11,3,5,4,16,0.8,0.3,5,2,0,1,1,1,381227,100000,5018302,145,216,2,147,219,0,0,0,0,1,206,381487,1002419,passed,11,0,1,0
idempotency-accuracy,1208,1209,idempotency,21,4,2,2,21,0.8,0.3,5,2,0,1,13,150,426046,119063,5947422,414448,4135308,1299,333221,3304440,1173,0,0,0,13,289017,715905,21498842,passed,21,1,22,1
idempotency-accuracy,1209,1210,idempotency,19,5,5,4,26,0.8,0.3,5,2,0,1,7,50,374703,105398,5276362,134981,634131,339,123269,582730,349,0,0,0,7,85382,460550,18005428,passed,19,1,11,1
idempotency-accuracy,1210,1211,idempotency,14,5,3,4,26,0.8,0.3,5,2,0,1,1,1,360070,100000,4998489,225,336,2,229,341,0,0,0,0,1,178,360287,1379531,passed,14,0,1,0
idempotency-accuracy,1211,1212,idempotency,12,4,4,4,21,0.8,0.3,5,2,0,1,1,1,351345,100000,4994482,185,276,2,188,280,7,0,0,0,1,161,351540,1075610,passed,12,0,1,0
idempotency-accuracy,1212,1213,idempotency,21,5,5,3,26,0.8,0.3,5,2,0,1,1,1,356821,100000,5006653,177,264,2,181,269,0,0,0,0,1,146,357000,1681461,passed,21,0,1,0
idempotency-accuracy,1213,1214,idempotency,22,3,3,4,16,0.8,0.3,5,2,0,1,1,1,387744,100000,4999755,141,210,1,143,213,0,0,0,0,1,126,387908,1121156,passed,22,0,1,0
idempotency-accuracy,1214,1215,idempotency,10,3,4,5,16,0.8,0.3,5,2,0,1,1,1,353300,100000,4995682,175,261,1,177,264,0,0,0,0,1,166,353502,1007141,passed,10,0,1,0
idempotency-accuracy,1215,1216,idempotency,16,2,2,3,11,0.8,0.3,5,2,0,1,1,1,388123,100000,4989979,75,111,2,76,113,0,0,0,0,1,112,388277,990734,passed,16,0,1,0
idempotency-accuracy,1216,1217,idempotency,10,2,3,2,11,0.8,0.3,5,2,0,1,1,1,354315,100000,4993922,55,81,1,56,83,0,0,0,0,1,85,354438,958154,passed,10,0,1,0
idempotency-accuracy,1217,1218,idempotency,13,4,4,5,21,0.8,0.3,5,2,0,1,1,1,367981,100000,4997514,227,339,2,230,343,0,0,0,0,1,226,368249,1094882,passed,13,0,1,0
idempotency-accuracy,1218,1219,idempotency,20,4,3,3,21,0.8,0.3,5,2,0,1,1,1,360469,100000,5018224,141,210,4,144,214,0,0,0,0,1,138,360648,1244904,passed,20,0,1,0
idempotency-accuracy,1219,1220,idempotency,17,5,5,3,26,0.8,0.3,5,2,0,1,1,1,357926,100000,5017776,177,264,0,181,269,0,0,0,0,1,145,358110,1513443,passed,17,0,1,0
idempotency-accuracy,1220,1221,idempotency,11,5,5,2,26,0.8,0.3,5,2,0,1,7,47,430544,114831,5745873,69039,314579,216,50978,239858,260,0,0,0,7,40679,471483,4298916,validation_failed,11,2,11,2
idempotency-accuracy,1221,1222,idempotency,23,5,5,2,26,0.8,0.3,5,2,0,1,12,137,525309,146734,7332716,411704,1971813,1069,361109,1789381,1094,0,0,0,12,253881,779805,72877983,passed,23,3,20,3
idempotency-accuracy,1222,1223,idempotency,20,5,2,2,26,0.8,0.3,5,2,0,1,1,1,359242,100000,5002344,119,177,0,123,182,0,0,0,0,1,135,359417,1491511,passed,20,0,1,0
idempotency-accuracy,1223,1224,idempotency,14,2,4,5,11,0.8,0.3,5,2,0,1,1,1,359249,100000,5013160,123,183,2,124,185,19,0,0,0,1,149,359439,966322,passed,14,0,1,0
idempotency-accuracy,1224,1225,idempotency,21,2,4,4,11,0.8,0.3,5,2,0,1,8,55,470093,131413,6593342,84921,308958,154,70497,262773,234,0,0,0,8,51092,521554,1714609,validation_failed,21,3,11,3
idempotency-accuracy,1225,1226,idempotency,23,2,5,5,11,0.8,0.3,5,2,0,1,11,95,673872,187846,9380850,314953,1914709,825,256665,1538512,957,0,0,0,11,198073,872675,3384062,passed,23,1,15,1
idempotency-accuracy,1226,1227,idempotency,10,3,5,3,16,0.8,0.3,5,2,0,1,1,1,378839,100000,4985011,113,168,2,115,171,0,0,0,0,1,111,378991,990700,passed,10,0,1,0
idempotency-accuracy,1227,1228,idempotency,11,4,2,5,21,0.8,0.3,5,2,0,1,1,1,355985,100000,5000973,223,333,0,226,337,0,0,0,0,1,168,356184,1076804,passed,11,0,1,0
idempotency-accuracy,1228,1229,idempotency,21,2,4,5,11,0.8,0.3,5,2,0,1,6,29,380747,108291,5400855,31146,151993,71,28263,143317,66,0,0,0,6,19928,400886,1321268,passed,21,1,8,1
idempotency-accuracy,1229,1230,idempotency,19,3,5,3,16,0.8,0.3,5,2,0,1,8,58,385992,108783,5437596,80507,440020,237,69654,394972,223,0,0,0,8,51060,437443,3578104,passed,19,2,11,2
idempotency-accuracy,1230,1231,idempotency,18,3,3,2,16,0.8,0.3,5,2,0,1,5,28,387401,107760,5394372,19182,90121,43,18481,85018,96,0,0,0,5,12937,400667,1853537,validation_failed,18,1,8,1
idempotency-accuracy,1231,1232,idempotency,11,5,3,2,26,0.8,0.3,5,2,0,1,9,61,395940,105700,5280909,115307,479802,597,86039,357515,660,0,0,0,9,71085,467401,4841508,passed,11,2,11,2
idempotency-accuracy,1232,1233,idempotency,17,3,2,4,16,0.8,0.3,5,2,0,1,10,67,413848,114149,5724897,159127,1190979,675,133076,1028527,1074,0,0,0,10,109150,523658,3195563,passed,17,1,11,1
idempotency-accuracy,1233,1234,idempotency,10,5,4,3,26,0.8,0.3,5,2,0,1,1,1,363225,100000,4992333,175,261,2,179,266,0,0,0,0,1,162,363429,1176504,passed,10,0,1,0
idempotency-accuracy,1234,1235,idempotency,23,4,4,5,21,0.8,0.3,5,2,0,1,12,147,431581,117779,5896972,609847,7307959,5309,559866,6598301,5948,0,0,0,12,479750,912643,34110875,passed,23,1,21,1
idempotency-accuracy,1235,1236,idempotency,12,5,3,2,26,0.8,0.3,5,2,0,1,5,33,443628,124504,6206812,36075,152772,80,32459,139061,113,0,0,0,5,22326,466173,4029461,validation_failed,12,1,9,1
idempotency-accuracy,1236,1237,idempotency,23,5,3,2,26,0.8,0.3,5,2,0,1,10,125,408838,114735,5729823,278082,1358972,756,245520,1224340,866,0,0,0,10,173400,582792,72978718,validation_failed,23,4,20,4
idempotency-accuracy,1237,1238,idempotency,10,4,3,4,21,0.8,0.3,5,2,0,1,6,27,374912,105065,5263907,47657,198440,96,35078,147992,89,0,0,0,6,27771,402844,2068504,passed,10,1,7,1
idempotency-accuracy,1238,1239,idempotency,19,2,5,2,11,0.8,0.3,5,2,0,1,10,87,733747,200465,10015656,94310,561868,263,71363,417262,232,0,0,0,10,58191,792542,1710772,passed,19,2,16,2
idempotency-accuracy,1239,1240,idempotency,10,2,3,3,11,0.8,0.3,5,2,0,1,1,1,355595,100000,5006189,77,114,0,78,116,0,0,0,0,1,83,355714,982421,passed,10,0,1,0
idempotency-accuracy,1240,1241,idempotency,23,3,3,2,16,0.8,0.3,5,2,0,1,12,143,871572,243542,12189956,266526,3129424,1031,198034,2391471,892,0,0,0,12,189737,1062467,10488161,passed,23,3,20,3
idempotency-accuracy,1241,1242,idempotency,12,2,5,5,11,0.8,0.3,5,2,0,1,6,31,432648,118774,5959118,37477,158077,94,27140,116592,112,0,0,0,6,21683,454523,1171674,passed,12,3,9,3
idempotency-accuracy,1242,1243,idempotency,21,5,5,4,26,0.8,0.3,5,2,0,1,1,1,358664,100000,5003998,229,342,1,233,347,0,0,0,0,1,182,358881,1808589,passed,21,0,1,0
idempotency-accuracy,1243,1244,idempotency,24,2,4,5,11,0.8,0.3,5,2,0,1,13,127,625087,174096,8702949,290842,1967162,832,261234,1751599,867,0,0,0,13,193531,819657,3617415,passed,24,2,16,2
idempotency-accuracy,1244,1245,idempotency,18,4,3,5,21,0.8,0.3,5,2,0,1,11,113,533244,144137,7196106,624136,3753039,1696,479453,2993742,1519,0,0,0,11,395149,929091,23516256,passed,18,3,18,3
idempotency-accuracy,1245,1246,idempotency,14,3,3,4,16,0.8,0.3,5,2,0,1,1,1,356788,100000,4997244,141,210,2,143,213,0,0,0,0,1,131,356957,1042888,passed,14,0,1,0
idempotency-accuracy,1246,1247,idempotency,24,3,3,5,16,0.8,0.3,5,2,0,1,12,166,947863,262286,13102796,782691,4905584,2522,680236,4323408,2274,0,0,0,12,523038,1472165,33250332,validation_failed,24,1,23,1
idempotency-accuracy,1247,1248,idempotency,18,4,2,3,21,0.8,0.3,5,2,0,1,8,46,384840,107246,5367513,86753,566375,239,70264,457066,294,0,0,0,8,55105,440280,4955923,validation_failed,18,1,9,1
idempotency-accuracy,1248,1249,idempotency,10,3,5,3,16,0.8,0.3,5,2,0,1,7,38,378653,105703,5286283,51871,327054,172,39545,248248,147,0,0,0,7,32010,410921,1403468,passed,10,1,9,1
idempotency-accuracy,1249,1250,idempotency,13,4,4,4,21,0.8,0.3,5,2,0,1,1,1,361832,100000,4988988,185,276,1,188,280,10,0,0,0,1,167,362037,1096496,passed,13,0,1,0
idempotency-accuracy,1250,1251,idempotency,20,5,2,5,26,0.8,0.3,5,2,0,1,1,1,358861,100000,4992147,275,411,0,279,416,0,0,0,0,1,204,359102,1829440,passed,20,0,1,0
idempotency-accuracy,1251,1252,idempotency,12,5,5,2,26,0.8,0.3,5,2,0,1,7,53,435919,121999,6106571,73129,289178,297,65080,262326,144,0,0,0,7,45100,481305,4927887,passed,12,2,11,2
idempotency-accuracy,1252,1253,idempotency,19,5,5,2,26,0.8,0.3,5,2,0,1,1,1,361037,100000,4977595,125,186,2,129,191,0,0,0,0,1,117,361195,1566360,passed,19,0,1,0
idempotency-accuracy,1253,1254,idempotency,22,4,5,3,21,0.8,0.3,5,2,0,1,1,1,372768,100000,4995091,145,216,10,148,220,0,0,0,0,1,134,372941,1365426,passed,22,0,1,0
idempotency-accuracy,1254,1255,idempotency,10,5,3,3,26,0.8,0.3,5,2,0,1,1,1,360976,100000,4994507,173,258,1,177,263,0,0,0,0,1,141,361155,1123371,passed,10,0,1,0
idempotency-accuracy,1255,1256,idempotency,13,4,3,5,21,0.8,0.3,5,2,0,1,1,1,376981,100000,5008269,225,336,2,228,340,0,0,0,0,1,191,377210,1096932,passed,13,0,1,0
idempotency-accuracy,1256,1257,idempotency,12,5,2,2,26,0.8,0.3,5,2,0,1,8,47,373492,104436,5210902,76370,548174,272,63037,477779,209,0,0,0,8,50315,424253,4489311,validation_failed,12,1,10,1
idempotency-accuracy,1257,1258,idempotency,23,2,3,3,11,0.8,0.3,5,2,0,1,1,1,369236,100000,5008718,77,114,2,78,116,0,0,0,0,1,97,369374,997712,passed,23,0,1,0
idempotency-accuracy,1258,1259,idempotency,23,4,5,2,21,0.8,0.3,5,2,0,1,1,1,357450,100000,4993189,103,153,0,106,157,0,0,0,0,1,99,357585,1338149,passed,23,0,1,0
idempotency-accuracy,1259,1260,idempotency,10,4,3,5,21,0.8,0.3,5,2,0,1,6,42,729663,201343,10066435,95238,400419,271,85617,370564,269,0,0,0,6,60433,790416,2318049,validation_failed,10,1,10,1
idempotency-accuracy,1260,1261,idempotency,18,5,2,3,26,0.8,0.3,5,2,0,1,8,83,418032,116091,5778898,281352,1211638,1007,207866,909730,932,0,0,0,8,171675,590187,37216710,passed,18,4,18,3
idempotency-accuracy,1261,1262,idempotency,15,3,5,5,16,0.8,0.3,5,2,0,1,8,55,406781,114844,5722927,155891,898517,366,138452,805287,408,0,0,0,8,98317,505545,2804688,passed,15,1,11,1
idempotency-accuracy,1262,1263,idempotency,11,2,3,2,11,0.8,0.3,5,2,0,1,6,30,403572,112351,5615257,16734,84187,27,13269,68734,50,0,0,0,6,10515,414408,1052097,validation_failed,11,2,8,2
idempotency-accuracy,1263,1264,idempotency,15,4,4,4,21,0.8,0.3,5,2,0,1,9,76,376950,101465,5072695,299646,1577763,793,225676,1225824,859,0,0,0,9,182836,560209,9295375,passed,15,2,14,2
idempotency-accuracy,1264,1265,idempotency,10,3,4,4,16,0.8,0.3,5,2,0,1,1,1,370172,100000,4989048,143,213,1,145,216,0,0,0,0,1,123,370333,991486,passed,10,0,1,0
idempotency-accuracy,1265,1266,idempotency,16,2,5,4,11,0.8,0.3,5,2,0,1,1,1,352872,100000,5002656,103,153,1,104,155,0,0,0,0,1,100,353005,980793,passed,16,0,1,0
idempotency-accuracy,1266,1267,idempotency,22,4,3,4,21,0.8,0.3,5,2,0,1,1,1,378052,100000,4996039,183,273,1,186,277,0,0,0,0,1,159,378260,1378120,passed,22,0,1,0
idempotency-accuracy,1267,1268,idempotency,17,2,4,2,11,0.8,0.3,5,2,0,1,1,1,355427,100000,5003082,57,84,2,58,86,0,0,0,0,1,72,355533,971605,passed,17,0,1,0
idempotency-accuracy,1268,1269,idempotency,15,3,3,2,16,0.8,0.3,5,2,0,1,5,20,378967,101759,5069220,11000,57092,63,8225,43414,13,0,0,0,5,7083,386266,1360925,passed,15,1,6,1
idempotency-accuracy,1269,1270,idempotency,19,5,4,3,26,0.8,0.3,5,2,0,1,1,1,355740,100000,5013243,175,261,1,179,266,0,0,0,0,1,138,355916,1644787,passed,19,0,1,0
idempotency-accuracy,1270,1271,idempotency,17,5,5,4,26,0.8,0.3,5,2,0,1,9,61,518485,145752,7287977,211709,977152,601,177453,827256,657,0,0,0,9,129370,648270,17858502,passed,17,1,11,1
idempotency-accuracy,1271,1272,idempotency,23,2,3,3,11,0.8,0.3,5,2,0,1,7,43,638593,174619,8709412,40790,206487,91,32456,170691,84,0,0,0,7,26801,665711,1838396,passed,23,2,10,2
idempotency-accuracy,1272,1273,idempotency,17,3,4,4,16,0.8,0.3,5,2,0,1,1,1,354093,100000,5001846,143,213,1,145,216,0,0,0,0,1,125,354253,1041404,passed,17,0,1,0
idempotency-accuracy,1273,1274,idempotency,12,4,5,4,21,0.8,0.3,5,2,0,1,5,32,517985,143782,7199383,55087,169246,165,49616,154218,185,0,0,0,5,33629,551814,2505071,passed,12,1,9,1
idempotency-accuracy,1274,1275,idempotency,21,2,2,4,11,0.8,0.3,5,2,0,1,6,38,478513,129717,6489206,37785,206696,235,33485,180058,137,0,0,0,6,25006,503824,1675032,passed,21,3,11,3
idempotency-accuracy,1275,1276,idempotency,21,3,3,2,16,0.8,0.3,5,2,0,1,1,1,353436,100000,4993185,77,114,1,79,117,0,0,0,0,1,85,353553,1056787,passed,21,0,1,0
idempotency-accuracy,1276,1277,idempotency,15,3,5,5,16,0.8,0.3,5,2,0,1,8,49,398110,111636,5582296,130685,1989111,513,100866,1487255,447,0,0,0,8,101084,499766,2869007,validation_failed,15,1,11,1
idempotency-accuracy,1277,1278,idempotency,10,2,2,5,11,0.8,0.3,5,2,0,1,1,1,354761,100000,5003882,119,177,2,120,179,0,0,0,0,1,110,354908,950707,passed,10,0,1,0
idempotency-accuracy,1278,1279,idempotency,18,5,5,2,26,0.8,0.3,5,2,0,1,1,1,354763,100000,5008029,125,186,2,129,191,1,0,0,0,1,126,354929,1507681,passed,18,0,1,0
idempotency-accuracy,1279,1280,idempotency,13,5,4,3,26,0.8,0.3,5,2,0,1,5,26,384210,106835,5339472,41652,275174,164,37862,262219,165,0,0,0,5,28015,412465,5061061,passed,13,1,8,1
idempotency-accuracy,1280,1281,idempotency,22,2,2,3,11,0.8,0.3,5,2,0,1,4,14,393957,101950,5108803,6435,54035,28,4536,38576,36,0,0,0,4,4199,398298,1207292,passed,22,1,5,1
idempotency-accuracy,1281,1282,idempotency,13,3,3,2,16,0.8,0.3,5,2,0,1,1,1,354685,100000,4996223,77,114,2,79,117,0,0,0,0,1,87,354810,1010213,passed,13,0,1,0
idempotency-accuracy,1282,1283,idempotency,23,2,4,3,11,0.8,0.3,5,2,0,1,5,32,376994,103921,5196680,24616,83546,105,21588,73989,67,0,0,0,5,15006,392164,1662628,passed,23,2,10,2
idempotency-accuracy,1283,1284,idempotency,24,3,2,3,16,0.8,0.3,5,2,0,1,6,39,377433,105690,5281596,42304,210586,114,38134,193390,114,0,0,0,6,26630,404318,3707218,passed,24,1,10,1
idempotency-accuracy,1284,1285,idempotency,22,4,3,3,21,0.8,0.3,5,2,0,1,13,147,558993,155579,7784649,431765,3175728,1224,401343,2936156,1369,0,0,0,13,295216,855179,30973443,passed,22,1,19,1
idempotency-accuracy,1285,1286,idempotency,19,5,5,5,26,0.8,0.3,5,2,0,1,7,70,507526,141196,7041840,280554,1250757,762,254968,1150289,734,0,0,0,7,175353,683246,36777384,validation_failed,19,1,16,1
idempotency-accuracy,1286,1287,idempotency,11,4,4,3,21,0.8,0.3,5,2,0,1,1,1,363357,100000,5005392,143,213,1,146,217,0,0,0,0,1,167,363563,1053297,passed,11,0,1,0
idempotency-accuracy,1287,1288,idempotency,10,2,4,3,11,0.8,0.3,5,2,0,1,1,1,357946,100000,4993290,79,117,1,80,119,0,0,0,0,1,88,358072,978690,passed,10,0,1,0
idempotency-accuracy,1288,1289,idempotency,14,3,3,4,16,0.8,0.3,5,2,0,1,8,52,538206,151545,7591448,87574,641350,281,77971,594457,285,0,0,0,8,59818,598526,2122927,validation_failed,14,2,10,2
idempotency-accuracy,1289,1290,idempotency,12,3,3,2,16,0.8,0.3,5,2,0,1,4,17,390226,108697,5437946,7586,33078,27,5886,27014,30,0,0,0,4,4740,395114,1270244,passed,12,2,6,2
idempotency-accuracy,1290,1291,idempotency,14,5,3,3,26,0.8,0.3,5,2,0,1,1,1,354224,100000,5007877,173,258,1,177,263,0,0,0,0,1,137,354404,1303401,passed,14,0,1,0
idempotency-accuracy,1291,1292,idempotency,14,5,3,2,26,0.8,0.3,5,2,0,1,10,82,456500,128198,6406793,171391,1204440,507,131688,887161,677,0,0,0,10,110362,567388,11507523,passed,14,2,13,2
idempotency-accuracy,1292,1293,idempotency,22,2,4,4,11,0.8,0.3,5,2,0,1,3,9,356182,100021,4996381,4252,16285,12,2849,11159,18,0,0,0,3,2435,358696,1098656,passed,22,1,4,1
idempotency-accuracy,1293,1294,idempotency,11,5,3,3,26,0.8,0.3,5,2,0,1,7,53,421880,117720,5886890,106019,476240,278,96343,440837,314,0,0,0,7,67995,490257,4871409,passed,11,1,11,1
idempotency-accuracy,1294,1295,idempotency,20,4,2,5,21,0.8,0.3,5,2,0,1,14,172,926490,258858,12928751,1020003,7205665,2799,793632,5458205,2405,0,0,0,14,649311,1576839,45228050,passed,20,1,21,1
idempotency-accuracy,1295,1296,idempotency,22,4,4,4,21,0.8,0.3,5,2,0,1,13,154,547528,147754,7385608,778921,4805403,2636,632533,4014752,2772,0,0,0,13,522102,1070913,42708165,passed,22,2,21,2
idempotency-accuracy,1296,1297,idempotency,15,5,5,5,26,0.8,0.3,5,2,0,1,1,1,355248,100000,4993566,281,420,2,285,425,22,0,0,0,1,227,355514,1419329,passed,15,0,1,0
idempotency-accuracy,1297,1298,idempotency,21,4,2,5,21,0.8,0.3,5,2,0,1,13,148,833287,228807,11427246,681139,4696207,2045,632942,4380371,2217,0,0,0,13,482600,1317180,31462903,passed,21,1,19,1
idempotency-accuracy,1298,1299,idempotency,19,3,2,3,16,0.8,0.3,5,2,0,1,8,57,722610,204021,10191112,75993,370174,278,53919,270867,144,0,0,0,8,44172,767124,3583831,passed,19,3,11,3
idempotency-accuracy,1299,1300,idempotency,22,3,3,3,16,0.8,0.3,5,2,0,1,1,1,352710,100000,5002027,109,162,0,111,165,0,0,0,0,1,104,352849,1116542,passed,22,0,1,0
idempotency-accuracy,1300,1301,idempotency,11,4,2,3,21,0.8,0.3,5,2,0,1,6,35,402493,113578,5675425,55929,235362,121,47331,203557,157,0,0,0,6,35654,438373,2327483,passed,11,2,9,2
idempotency-accuracy,1301,1302,idempotency,20,3,5,2,16,0.8,0.3,5,2,0,1,13,136,646002,178678,8935102,243834,1408682,719,222812,1299705,738,0,0,0,13,158201,805084,8215986,passed,20,1,18,1
idempotency-accuracy,1302,1303,idempotency,10,4,5,2,21,0.8,0.3,5,2,0,1,1,1,358287,100000,4992431,103,153,1,106,157,0,0,0,0,1,101,358423,1035449,passed,10,0,1,0
idempotency-accuracy,1303,1304,idempotency,14,5,2,2,26,0.8,0.3,5,2,0,1,1,1,360016,100000,5014116,119,177,2,123,182,0,0,0,0,1,111,360166,1273035,passed,14,0,1,0
idempotency-accuracy,1304,1305,idempotency,18,5,5,5,26,0.8,0.3,5,2,0,1,9,81,456046,123590,6181327,332240,1825480,1277,305241,1703583,1820,0,0,0,9,227327,683938,30871362,passed,18,1,14,1
idempotency-accuracy,1305,1306,idempotency,20,2,2,4,11,0.8,0.3,5,2,0,1,1,1,358963,100000,5000244,97,144,2,98,146,0,0,0,0,1,113,359115,998132,passed,20,0,1,0
idempotency-accuracy,1306,1307,idempotency,16,3,4,4,16,0.8,0.3,5,2,0,1,1,1,366991,100000,4995660,143,213,2,145,216,1,0,0,0,1,150,367178,1027937,passed,16,0,1,0
idempotency-accuracy,1307,1308,idempotency,19,2,5,4,11,0.8,0.3,5,2,0,1,1,1,360101,100000,5002759,103,153,2,104,155,21,0,0,0,1,121,360261,970335,passed,19,0,1,0
idempotency-accuracy,1308,1309,idempotency,14,4,4,2,21,0.8,0.3,5,2,0,1,1,1,360249,100000,5003500,101,150,2,104,154,0,0,0,0,1,101,360390,1103150,passed,14,0,1,0
idempotency-accuracy,1309,1310,idempotency,16,2,2,3,11,0.8,0.3,5,2,0,1,4,12,361704,100436,5033692,4388,12355,11,3090,8780,23,0,0,0,4,2548,364354,1011487,passed,16,2,4,1
idempotency-accuracy,1310,1311,idempotency,22,3,4,5,16,0.8,0.3,5,2,0,1,10,121,500978,138901,6930016,381379,1744235,955,339257,1578455,1257,0,0,0,10,240958,743011,13519880,validation_failed,22,2,19,2
idempotency-accuracy,1311,1312,idempotency,11,5,4,3,26,0.8,0.3,5,2,0,1,7,55,441025,120613,6026916,110066,627198,313,100110,581463,290,0,0,0,7,73303,514715,6155662,passed,11,1,12,1
idempotency-accuracy,1312,1313,idempotency,19,5,2,4,26,0.8,0.3,5,2,0,1,1,1,356725,100000,5000650,223,333,2,227,338,0,0,0,0,1,170,356933,1625185,passed,19,0,1,0
idempotency-accuracy,1313,1314,idempotency,22,3,5,5,16,0.8,0.3,5,2,0,1,1,1,357196,100000,4982364,177,264,2,179,267,0,0,0,0,1,144,357387,1107332,passed,22,0,1,0
idempotency-accuracy,1314,1315,idempotency,10,5,4,4,26,0.8,0.3,5,2,0,1,1,1,375946,100000,4997840,227,339,2,231,344,0,0,0,0,1,194,376179,1146954,passed,10,0,1,0
idempotency-accuracy,1315,1316,idempotency,21,4,2,4,21,0.8,0.3,5,2,0,1,16,195,717290,194752,9723752,881893,6236538,2679,716417,5113211,2775,0,0,0,16,592190,1311018,37690503,validation_failed,21,1,21,1
idempotency-accuracy,1316,1317,idempotency,15,2,3,4,11,0.8,0.3,5,2,0,1,1,1,356197,100000,4997579,99,147,2,100,149,0,0,0,0,1,121,356355,960027,passed,15,0,1,0
idempotency-accuracy,1317,1318,idempotency,17,4,4,3,21,0.8,0.3,5,2,0,1,12,112,658660,181809,9091705,316239,1997797,969,244867,1622258,745,0,0,0,12,196348,855643,14327519,passed,17,2,17,2
idempotency-accuracy,1318,1319,idempotency,21,4,5,2,21,0.8,0.3,5,2,0,1,12,138,976921,268331,13415904,367173,2014750,774,296433,1644732,1027,0,0,0,12,230429,1208444,27413807,passed,21,2,19,2
idempotency-accuracy,1319,1320,idempotency,14,2,3,5,11,0.8,0.3,5,2,0,1,1,1,374147,100000,5002369,121,180,2,122,182,0,0,0,0,1,113,374295,976938,passed,14,0,1,0
idempotency-accuracy,1320,1321,idempotency,12,4,2,3,21,0.8,0.3,5,2,0,1,7,42,400822,110665,5534040,70090,338576,204,52186,253719,155,0,0,0,7,43401,444487,2595428,passed,12,1,10,1
idempotency-accuracy,1321,1322,idempotency,24,2,3,2,11,0.8,0.3,5,2,0,1,9,81,519064,143510,7196448,77940,356420,229,59958,281579,177,0,0,0,9,46229,565751,2846895,passed,24,3,16,3
idempotency-accuracy,1322,1323,idempotency,17,5,3,4,26,0.8,0.3,5,2,0,1,9,75,523713,145167,7249599,261141,1855572,801,192518,1416839,725,0,0,0,9,167388,691695,20494486,passed,17,2,13,2
idempotency-accuracy,1323,1324,idempotency,20,3,5,4,16,0.8,0.3,5,2,0,1,1,1,355635,100000,5008275,145,216,2,147,219,0,0,0,0,1,125,355797,1071237,passed,20,0,1,0
idempotency-accuracy,1324,1325,idempotency,11,4,2,4,21,0.8,0.3,5,2,0,1,9,66,393357,108730,5428775,179588,1021937,442,141962,823228,457,0,0,0,9,113190,507048,3173686,passed,11,1,12,1
idempotency-accuracy,1325,1326,idempotency,15,3,3,3,16,0.8,0.3,5,2,0,1,8,57,485265,135945,6800083,107210,650759,255,92809,550920,372,0,0,0,8,71398,557068,3186350,validation_failed,15,1,12,1
idempotency-accuracy,1326,1327,idempotency,21,5,2,5,26,0.8,0.3,5,2,0,1,12,146,1062161,297740,14890641,894176,5879881,2143,775043,5148494,2775,0,0,0,12,586901,1650005,97503266,validation_failed,21,1,20,1
idempotency-accuracy,1327,1328,idempotency,19,3,2,4,16,0.8,0.3,5,2,0,1,1,1,356287,100000,4971520,139,207,2,141,210,0,0,0,0,1,136,356465,1065936,passed,19,0,1,0
idempotency-accuracy,1328,1329,idempotency,13,2,3,5,11,0.8,0.3,5,2,0,1,7,45,506096,141987,7095854,53294,297406,152,47557,271203,150,0,0,0,7,35144,541579,1148051,passed,13,2,10,1
idempotency-accuracy,1329,1330,idempotency,18,5,4,3,26,0.8,0.3,5,2,0,1,1,1,355789,100000,5011066,175,261,2,179,266,0,0,0,0,1,147,355976,1546995,passed,18,0,1,0
idempotency-accuracy,1330,1331,idempotency,21,2,4,3,11,0.8,0.3,5,2,0,1,7,47,383715,107174,5361690,39036,136957,120,35501,125219,81,0,0,0,7,23779,407732,1524517,passed,21,1,10,1
idempotency-accuracy,1331,1332,idempotency,14,2,3,4,11,0.8,0.3,5,2,0,1,4,14,400446,110716,5539668,7443,35504,42,6331,31697,36,0,0,0,4,4753,405344,1045308,passed,14,1,5,1
idempotency-accuracy,1332,1333,idempotency,20,3,4,3,16,0.8,0.3,5,2,0,1,13,136,540180,149318,7485316,397607,2500338,2090,355778,2268466,2156,0,0,0,13,271629,812726,9310757,validation_failed,20,1,19,1
idempotency-accuracy,1333,1334,idempotency,12,5,4,2,26,0.8,0.3,5,2,0,1,1,1,360183,100000,5004142,123,183,1,127,188,0,0,0,0,1,118,360345,1193276,passed,12,0,1,0
idempotency-accuracy,1334,1335,idempotency,18,4,4,2,21,0.8,0.3,5,2,0,1,12,131,764809,214164,10680783,220809,2191820,637,203262,2034302,647,0,0,0,12,157699,923496,10737296,passed,18,1,17,1
idempotency-accuracy,1335,1336,idempotency,16,3,2,5,16,0.8,0.3,5,2,0,1,1,1,358513,100000,5009968,171,255,2,173,258,0,0,0,0,1,152,358704,1057723,passed,16,0,1,0
idempotency-accuracy,1336,1337,idempotency,20,3,2,2,16,0.8,0.3,5,2,0,1,12,116,845719,232498,11605845,195770,1449756,1903,157846,1215521,1080,0,0,0,12,130577,977514,5691095,passed,20,2,16,2
idempotency-accuracy,1337,1338,idempotency,18,4,2,2,21,0.8,0.3,5,2,0,1,1,1,360166,100000,4991358,97,144,2,100,148,0,0,0,0,1,100,360306,1219853,passed,18,0,1,0
idempotency-accuracy,1338,1339,idempotency,15,3,2,5,16,0.8,0.3,5,2,0,1,7,44,629984,176509,8821278,114243,1352701,459,103587,1265825,436,0,0,0,7,86368,716904,2990918,validation_failed,15,1,11,1
idempotency-accuracy,1339,1340,idempotency,23,4,5,4,21,0.8,0.3,5,2,0,1,14,182,744890,205210,10289714,1084356,9214290,5413,876691,7738272,5570,0,0,0,14,753083,1499761,49520012,passed,23,3,22,3
idempotency-accuracy,1340,1341,idempotency,18,4,5,4,21,0.8,0.3,5,2,0,1,7,51,443191,124460,6215583,119355,670502,385,105160,602830,254,0,0,0,7,77882,521403,9269145,validation_failed,18,1,11,1
idempotency-accuracy,1341,1342,idempotency,24,2,3,4,11,0.8,0.3,5,2,0,1,13,129,965969,265791,13296356,269948,1723896,970,215964,1338378,695,0,0,0,13,177216,1144121,3932027,passed,24,1,18,1
idempotency-accuracy,1342,1343,idempotency,20,5,5,2,26,0.8,0.3,5,2,0,1,8,62,570044,158071,7912786,100953,512955,287,92516,474645,226,0,0,0,8,63475,633964,21508920,passed,20,1,13,1
idempotency-accuracy,1343,1344,idempotency,16,5,2,3,26,0.8,0.3,5,2,0,1,9,73,505611,140682,7024832,189627,874226,413,155414,720830,497,0,0,0,9,115764,621935,14961073,validation_failed,16,1,13,1
idempotency-accuracy,1344,1345,idempotency,13,4,4,3,21,0.8,0.3,5,2,0,1,6,27,398997,110873,5514015,35053,186092,95,26008,145541,116,0,0,0,6,22260,421466,2408506,passed,13,1,7,1
idempotency-accuracy,1345,1346,idempotency,11,3,3,4,16,0.8,0.3,5,2,0,1,1,1,390921,100000,5014501,141,210,21,143,213,0,0,0,0,1,144,391104,1012690,passed,11,0,1,0
idempotency-accuracy,1346,1347,idempotency,21,4,5,3,21,0.8,0.3,5,2,0,1,8,61,440024,121566,6088438,116020,906582,262,78818,576961,328,0,0,0,8,74604,515046,14106178,passed,21,3,12,3
idempotency-accuracy,1347,1348,idempotency,15,2,5,3,11,0.8,0.3,5,2,0,1,1,1,357824,100000,4997940,81,120,1,82,122,0,0,0,0,1,91,357955,969479,passed,15,0,1,0
idempotency-accuracy,1348,1349,idempotency,24,4,3,2,21,0.8,0.3,5,2,0,1,12,150,445664,122819,6139791,381758,2052131,1915,299864,1644962,2447,0,0,0,12,245267,691773,57930521,validation_failed,24,3,22,3
idempotency-accuracy,1349,1350,idempotency,22,5,2,2,26,0.8,0.3,5,2,0,1,10,90,620752,168235,8412156,168599,995532,1155,155822,917157,1239,0,0,0,10,112950,734332,35395747,passed,22,1,15,1
idempotency-accuracy,1350,1351,idempotency,24,2,2,3,11,0.8,0.3,5,2,0,1,11,94,407119,114036,5703749,134361,1336681,416,119985,1158505,446,0,0,0,11,95358,503309,2412230,validation_failed,24,1,15,1
idempotency-accuracy,1351,1352,idempotency,14,4,5,2,21,0.8,0.3,5,2,0,1,1,1,360258,100000,5013088,103,153,1,106,157,0,0,0,0,1,99,360395,1079748,passed,14,0,1,0
idempotency-accuracy,1352,1353,idempotency,22,4,4,3,21,0.8,0.3,5,2,0,1,1,1,371927,100000,5000450,143,213,1,146,217,0,0,0,0,1,127,372094,1400974,passed,22,0,1,0
idempotency-accuracy,1353,1354,idempotency,19,4,2,5,21,0.8,0.3,5,2,0,1,12,153,478178,132159,6610654,689239,3407367,2507,637871,3189894,3026,0,0,0,12,440432,919426,27781616,passed,19,1,19,1
idempotency-accuracy,1354,1355,idempotency,20,2,5,5,11,0.8,0.3,5,2,0,1,1,1,365500,100000,5006925,125,186,2,126,188,0,0,0,0,1,125,365663,992058,passed,20,0,1,0
idempotency-accuracy,1355,1356,idempotency,23,4,3,4,21,0.8,0.3,5,2,0,1,10,90,734384,203043,10166513,308174,2790981,999,257826,2212933,838,0,0,0,10,212957,948370,22515009,passed,23,1,14,1
idempotency-accuracy,1356,1357,idempotency,22,4,5,5,21,0.8,0.3,5,2,0,1,10,84,418634,115538,5776415,300019,2106124,1706,277716,1991125,1918,0,0,0,10,218269,637586,23093402,passed,22,1,13,1
idempotency-accuracy,1357,1358,idempotency,12,3,3,2,16,0.8,0.3,5,2,0,1,7,39,469851,129806,6500025,38190,200825,116,28966,155194,80,0,0,0,7,23675,493784,1468902,validation_failed,12,1,10,1
idempotency-accuracy,1358,1359,idempotency,21,2,3,4,11,0.8,0.3,5,2,0,1,12,89,450281,125393,6261654,143223,1442396,470,111280,1068640,521,0,0,0,12,99668,550727,1989961,validation_failed,21,1,13,1
idempotency-accuracy,1359,1360,idempotency,15,3,5,4,16,0.8,0.3,5,2,0,1,9,54,488863,132599,6615353,96130,530573,269,74375,408382,206,0,0,0,9,59976,549305,2170330,passed,15,2,10,2
idempotency-accuracy,1360,1361,idempotency,22,3,5,3,16,0.8,0.3,5,2,0,1,11,120,407020,112726,5626095,321497,2873937,919,253572,2252105,853,0,0,0,11,217442,625396,12807748,passed,22,2,19,2
idempotency-accuracy,1361,1362,idempotency,13,5,2,4,26,0.8,0.3,5,2,0,1,8,65,662571,182858,9142571,167670,788895,666,146172,711422,777,0,0,0,8,107539,770565,7232913,passed,13,2,12,2
idempotency-accuracy,1362,1363,idempotency,21,2,2,3,11,0.8,0.3,5,2,0,1,7,41,418832,112912,5648863,31360,127419,101,22604,94609,64,0,0,0,7,17959,437010,1715398,passed,21,2,10,2
idempotency-accuracy,1363,1364,idempotency,18,3,5,2,16,0.8,0.3,5,2,0,1,11,93,414402,115243,5747752,162974,818846,553,124074,624511,535,0,0,0,11,108379,523356,4413835,validation_failed,18,2,14,2
idempotency-accuracy,1364,1365,idempotency,10,5,5,3,26,0.8,0.3,5,2,0,1,6,46,385197,108755,5444725,95021,392236,274,86697,362796,296,0,0,0,6,59806,445259,4730676,passed,10,1,11,1
idempotency-accuracy,1365,1366,idempotency,14,3,2,2,16,0.8,0.3,5,2,0,1,5,37,380284,102980,5150446,27224,106149,63,23566,93525,89,0,0,0,5,16466,396907,1841012,passed,14,3,12,3
idempotency-accuracy,1366,1367,idempotency,15,2,4,2,11,0.8,0.3,5,2,0,1,8,65,409093,114384,5738662,46942,211122,130,42804,194426,169,0,0,0,8,28885,438347,1327193,validation_failed,15,1,12,1
idempotency-accuracy,1367,1368,idempotency,18,2,2,2,11,0.8,0.3,5,2,0,1,5,22,366151,102218,5120142,10026,63823,53,7814,52470,25,0,0,0,5,6647,373030,1188922,passed,18,1,8,1
idempotency-accuracy,1368,1369,idempotency,16,4,2,4,21,0.8,0.3,5,2,0,1,6,43,371698,104519,5207439,108068,480677,303,90985,404135,399,0,0,0,6,65736,437660,7004976,passed,16,1,12,1
idempotency-accuracy,1369,1370,idempotency,22,5,4,4,26,0.8,0.3,5,2,0,1,9,65,686511,191837,9615132,218453,3250995,978,164513,2483943,806,0,0,0,9,168533,855928,22747777,passed,22,1,11,1
idempotency-accuracy,1370,1371,idempotency,17,2,4,3,11,0.8,0.3,5,2,0,1,1,1,353383,100000,4977545,79,117,2,80,119,0,0,0,0,1,91,353512,975132,passed,17,0,1,0
idempotency-accuracy,1371,1372,idempotency,23,2,3,4,11,0.8,0.3,5,2,0,1,12,99,441884,121540,6074314,202048,1861430,726,158115,1463429,550,0,0,0,12,141650,584367,3449792,validation_failed,23,2,16,2
idempotency-accuracy,1372,1373,idempotency,20,5,2,4,26,0.8,0.3,5,2,0,1,9,94,667717,183294,9175599,356604,2026996,841,328836,1902081,1207,0,0,0,9,230772,899113,52572156,passed,20,1,16,1
idempotency-accuracy,1373,1374,idempotency,13,5,2,2,26,0.8,0.3,5,2,0,1,1,1,366190,100000,4991664,119,177,25,123,182,0,0,0,0,1,160,366391,1242778,passed,13,0,1,0
idempotency-accuracy,1374,1375,idempotency,16,5,2,3,26,0.8,0.3,5,2,0,1,1,1,355919,100000,5013125,171,255,2,175,260,0,0,0,0,1,152,356108,1453416,passed,16,0,1,0
idempotency-accuracy,1375,1376,idempotency,22,4,4,2,21,0.8,0.3,5,2,0,1,12,172,960728,266158,13334660,400674,2467179,1073,371827,2311927,1271,0,0,0,12,264998,1226687,34888224,passed,22,1,22,1
idempotency-accuracy,1376,1377,idempotency,13,2,2,2,11,0.8,0.3,5,2,0,1,7,32,448512,125320,6268570,20400,439529,215,16674,304323,324,0,0,0,7,18864,467754,1093374,passed,13,1,8,1
idempotency-accuracy,1377,1378,idempotency,10,3,5,4,16,0.8,0.3,5,2,0,1,5,35,428400,114827,5748354,50354,160075,108,43823,143600,140,0,0,0,5,30596,459161,1488400,passed,10,3,10,3
idempotency-accuracy,1378,1379,idempotency,17,2,4,2,11,0.8,0.3,5,2,0,1,1,2,354406,100000,5004502,212,421,2,114,248,0,0,0,0,1,143,354589,977526,passed,17,1,2,1
idempotency-accuracy,1379,1380,idempotency,11,4,3,4,21,0.8,0.3,5,2,0,1,1,1,354845,100000,5011871,183,273,0,186,277,0,0,0,0,1,146,355028,1057895,passed,11,0,1,0
idempotency-accuracy,1380,1381,idempotency,20,4,3,3,21,0.8,0.3,5,2,0,1,14,155,735581,207048,10330857,514646,3384510,1303,413529,2742645,1058,0,0,0,14,320294,1056964,19394720,passed,20,1,18,1
idempotency-accuracy,1381,1382,idempotency,12,5,4,2,26,0.8,0.3,5,2,0,1,1,1,361646,100000,5008521,123,183,2,127,188,0,0,0,0,1,130,361815,1231446,passed,12,0,1,0
idempotency-accuracy,1382,1383,idempotency,16,4,3,3,21,0.8,0.3,5,2,0,1,6,38,460339,125498,6270275,66429,497232,270,53546,379599,221,0,0,0,6,45361,506024,5551217,passed,16,1,11,1
idempotency-accuracy,1383,1384,idempotency,17,5,5,4,26,0.8,0.3,5,2,0,1,9,75,666854,186435,9326367,275778,1123093,653,225880,932771,698,0,0,0,9,165939,833219,21147538,passed,17,2,14,2
idempotency-accuracy,1384,1385,idempotency,17,5,4,5,26,0.8,0.3,5,2,0,1,8,70,382751,107037,5350896,323243,2026088,883,260986,1680532,938,0,0,0,8,202620,585870,20298862,passed,17,1,13,1
idempotency-accuracy,1385,1386,idempotency,18,5,3,5,26,0.8,0.3,5,2,0,1,11,118,523924,139396,6976320,862733,3736386,2168,682320,2969794,2221,0,0,0,11,527840,1052325,52996210,passed,18,4,19,4
idempotency-accuracy,1386,1387,idempotency,22,3,4,2,16,0.8,0.3,5,2,0,1,10,114,938996,259109,12945456,207597,1102630,493,157844,820405,477,0,0,0,10,121412,1060947,9260105,passed,22,1,21,1
idempotency-accuracy,1387,1388,idempotency,11,5,2,5,26,0.8,0.3,5,2,0,1,7,50,375610,104868,5245517,167821,703068,371,160500,671262,524,0,0,0,7,109338,485340,6699404,passed,11,1,11,1
idempotency-accuracy,1388,1389,idempotency,18,4,2,2,21,0.8,0.3,5,2,0,1,8,72,580285,160248,8023856,125679,641143,366,110530,576857,282,0,0,0,8,82370,663190,9863391,passed,18,1,15,1
idempotency-accuracy,1389,1390,idempotency,12,5,4,3,26,0.8,0.3,5,2,0,1,9,73,639191,179590,8976405,257761,1177196,694,225978,1044053,721,0,0,0,9,170734,810611,8441830,passed,12,1,13,1
idempotency-accuracy,1390,1391,idempotency,14,4,5,4,21,0.8,0.3,5,2,0,1,1,1,364048,100000,4998589,187,279,3,190,283,40,0,0,0,1,443,364533,1164805,passed,14,0,1,0
idempotency-accuracy,1391,1392,idempotency,12,4,3,5,21,0.8,0.3,5,2,0,1,9,76,433730,113350,5649981,239576,1165375,2777,212189,1051386,3939,0,0,0,9,168255,602642,4707519,passed,12,2,12,2
idempotency-accuracy,1392,1393,idempotency,15,5,3,5,26,0.8,0.3,5,2,0,1,10,74,439308,115603,5767720,347110,1588218,1048,287821,1358397,1376,0,0,0,10,215010,654875,12185734,passed,15,2,12,2
idempotency-accuracy,1393,1394,idempotency,11,2,4,3,11,0.8,0.3,5,2,0,1,1,1,360467,100000,4986849,79,117,2,80,119,0,0,0,0,1,110,360616,999450,passed,11,0,1,0
idempotency-accuracy,1394,1395,idempotency,17,2,5,5,11,0.8,0.3,5,2,0,1,1,1,364509,100000,4999853,125,186,1,126,188,0,0,0,0,1,129,364676,979802,passed,17,0,1,0
idempotency-accuracy,1395,1396,idempotency,19,4,3,3,21,0.8,0.3,5,2,0,1,1,1,356687,100000,4986573,141,210,2,144,214,0,0,0,0,1,147,356874,1214063,passed,19,0,1,0
idempotency-accuracy,1396,1397,idempotency,12,3,3,5,16,0.8,0.3,5,2,0,1,1,1,357758,100000,4980781,173,258,2,175,261,0,0,0,0,1,164,357959,1018637,passed,12,0,1,0
idempotency-accuracy,1397,1398,idempotency,23,5,3,4,26,0.8,0.3,5,2,0,1,1,1,382492,100000,5008318,225,336,1,229,341,20,0,0,0,1,209,382741,2203240,passed,23,0,1,0
idempotency-accuracy,1398,1399,idempotency,16,5,3,3,26,0.8,0.3,5,2,0,1,12,117,675217,174129,8711240,419804,2497319,4735,373333,2250984,6686,0,0,0,12,303594,979748,22006588,validation_failed,16,1,16,1
idempotency-accuracy,1399,1400,idempotency,15,3,3,5,16,0.8,0.3,5,2,0,1,5,23,390872,109146,5460333,28113,182241,83,19959,137692,80,0,0,0,5,17789,408841,1480648,passed,15,2,7,2
idempotency-accuracy,1400,1401,idempotency,12,5,4,3,26,0.8,0.3,5,2,0,1,1,1,356273,100000,4989989,175,261,2,179,266,1,0,0,0,1,158,356476,1201526,passed,12,0,1,0
idempotency-accuracy,1401,1402,idempotency,22,5,5,3,26,0.8,0.3,5,2,0,1,12,132,437599,122337,6113331,474657,4924847,1278,439172,4573142,1746,0,0,0,12,352525,791154,68144098,passed,22,1,21,1
idempotency-accuracy,1402,1403,idempotency,16,2,2,4,11,0.8,0.3,5,2,0,1,4,14,369883,102670,5134103,7549,53669,9,5121,38300,19,0,0,0,4,4858,374898,1062212,passed,16,1,5,1
idempotency-accuracy,1403,1404,idempotency,12,2,5,5,11,0.8,0.3,5,2,0,1,5,31,384474,103200,5154947,45550,231002,118,35868,178343,101,0,0,0,5,27819,412536,1181021,passed,12,1,10,1
idempotency-accuracy,1404,1405,idempotency,16,2,4,5,11,0.8,0.3,5,2,0,1,1,1,356266,100000,5000397,123,183,2,124,185,0,0,0,0,1,128,356436,971905,passed,16,0,1,0
idempotency-accuracy,1405,1406,idempotency,10,3,3,4,16,0.8,0.3,5,2,0,1,5,31,372032,104523,5231447,40745,162544,146,36808,148324,125,0,0,0,5,25396,397660,1413937,passed,10,1,9,1
idempotency-accuracy,1406,1407,idempotency,18,5,4,5,26,0.8,0.3,5,2,0,1,8,76,407748,112069,5603542,307897,1669913,918,263210,1459506,958,0,0,0,8,202333,610540,37845411,validation_failed,18,3,15,3
idempotency-accuracy,1407,1408,idempotency,19,5,5,2,26,0.8,0.3,5,2,0,1,1,1,360634,100000,5000311,125,186,2,129,191,0,0,0,0,1,126,360806,1619978,passed,19,0,1,0
idempotency-accuracy,1408,1409,idempotency,15,4,5,2,21,0.8,0.3,5,2,0,1,8,63,776962,216702,10853989,84530,401294,208,77490,372472,212,0,0,0,8,52832,830263,5312184,passed,15,1,12,1
idempotency-accuracy,1409,1410,idempotency,21,4,5,4,21,0.8,0.3,5,2,0,1,10,132,502621,138146,6914646,475518,2395150,1154,430257,2166049,1237,0,0,0,10,303377,806679,40669231,passed,21,2,20,2
idempotency-accuracy,1410,1411,idempotency,13,5,2,4,26,0.8,0.3,5,2,0,1,1,1,363069,100000,5006358,223,333,3,227,338,0,0,0,0,1,277,363381,1231032,passed,13,0,1,0
idempotency-accuracy,1411,1412,idempotency,19,3,4,2,16,0.8,0.3,5,2,0,1,1,1,354039,100000,4990056,79,117,2,81,120,0,0,0,0,1,124,354202,1072401,passed,19,0,1,0
idempotency-accuracy,1412,1413,idempotency,18,5,5,4,26,0.8,0.3,5,2,0,1,8,54,485849,131874,6584506,156750,620630,1042,119290,485645,768,0,0,0,8,94786,581099,17660329,validation_failed,18,2,12,2
idempotency-accuracy,1413,1414,idempotency,17,4,2,3,21,0.8,0.3,5,2,0,1,10,78,448404,123420,6164345,170715,861125,345,128569,666740,453,0,0,0,10,105421,554367,9214637,passed,17,2,13,2
idempotency-accuracy,1414,1415,idempotency,15,2,2,4,11,0.8,0.3,5,2,0,1,1,1,382705,100000,5015412,97,144,4,98,146,0,0,0,0,1,139,382886,981453,passed,15,0,1,0
idempotency-accuracy,1415,1416,idempotency,17,3,3,5,16,0.8,0.3,5,2,0,1,1,1,379497,100000,5000239,173,258,2,175,261,0,0,0,0,1,142,379680,1070833,passed,17,0,1,0
idempotency-accuracy,1416,1417,idempotency,17,4,3,3,21,0.8,0.3,5,2,0,1,1,1,359902,100000,5006462,141,210,2,144,214,0,0,0,0,1,124,360065,1197726,passed,17,0,1,0
idempotency-accuracy,1417,1418,idempotency,24,5,2,4,26,0.8,0.3,5,2,0,1,12,141,841140,226582,11352696,727558,4776655,3436,638593,4234124,3906,0,0,0,12,502787,1345060,130135495,validation_failed,24,1,20,1
idempotency-accuracy,1418,1419,idempotency,17,4,4,4,21,0.8,0.3,5,2,0,1,11,100,536632,145032,7246274,313349,1568637,1023,290580,1464804,1312,0,0,0,11,221308,758876,11890887,passed,17,1,15,1
idempotency-accuracy,1419,1420,idempotency,18,2,4,5,11,0.8,0.3,5,2,0,1,7,39,567084,154979,7747628,58325,244155,146,49794,209054,199,0,0,0,7,37198,604571,1281827,validation_failed,18,1,9,1
idempotency-accuracy,1420,1421,idempotency,13,4,5,4,21,0.8,0.3,5,2,0,1,9,57,732010,204153,10222779,153631,791496,377,119195,603645,395,0,0,0,9,94313,826745,3976416,passed,13,1,11,1
idempotency-accuracy,1421,1422,idempotency,19,5,3,3,26,0.8,0.3,5,2,0,1,1,1,370028,100000,5002510,173,258,2,177,263,0,0,0,0,1,157,370225,1691102,passed,19,0,1,0
idempotency-accuracy,1422,1423,idempotency,19,4,3,3,21,0.8,0.3,5,2,0,1,7,37,551470,152549,7617614,65355,655898,128,50101,492203,292,0,0,0,7,44016,595945,5799994,passed,19,1,9,1
idempotency-accuracy,1423,1424,idempotency,16,4,2,4,21,0.8,0.3,5,2,0,1,1,1,355374,100000,4993688,181,270,0,184,274,0,0,0,0,1,145,355557,1217938,passed,16,0,1,0
idempotency-accuracy,1424,1425,idempotency,13,3,4,3,16,0.8,0.3,5,2,0,1,1,1,360468,100000,5005006,111,165,1,113,168,0,0,0,0,1,104,360611,1016672,passed,13,0,1,0
idempotency-accuracy,1425,1426,idempotency,14,3,4,3,16,0.8,0.3,5,2,0,1,8,59,391173,107384,5377100,108896,662223,406,89688,562506,337,0,0,0,8,68391,459977,2598935,passed,14,2,12,2
idempotency-accuracy,1426,1427,idempotency,15,4,3,3,21,0.8,0.3,5,2,0,1,1,1,367344,100000,5004913,141,210,2,144,214,0,0,0,0,1,127,367506,1146470,passed,15,0,1,0
idempotency-accuracy,1427,1428,idempotency,14,4,3,4,21,0.8,0.3,5,2,0,1,5,23,408127,107857,5389874,37099,210296,93,30407,184187,140,0,0,0,5,24296,432703,2263508,passed,14,1,7,1
idempotency-accuracy,1428,1429,idempotency,22,4,2,5,21,0.8,0.3,5,2,0,1,7,50,376745,105704,5282713,127479,592263,402,108393,521161,447,0,0,0,7,83009,460034,15642817,validation_failed,22,3,11,3
idempotency-accuracy,1429,1430,idempotency,23,2,5,3,11,0.8,0.3,5,2,0,1,15,142,749107,201516,10065202,315693,2240858,1391,255889,1847194,1424,0,0,0,15,212163,962506,3538581,validation_failed,23,1,17,1
idempotency-accuracy,1430,1431,idempotency,21,2,5,2,11,0.8,0.3,5,2,0,1,1,1,366196,100000,5000215,59,87,2,60,89,0,0,0,0,1,86,366323,1014881,passed,21,0,1,0
idempotency-accuracy,1431,1432,idempotency,22,4,5,5,21,0.8,0.3,5,2,0,1,17,167,955246,249358,12463292,1346528,9820263,12949,1124390,8143319,13845,0,0,0,17,949602,1906423,42886892,passed,22,1,18,1
idempotency-accuracy,1432,1433,idempotency,14,2,4,5,11,0.8,0.3,5,2,0,1,1,1,355065,100000,5001871,123,183,2,124,185,0,0,0,0,1,123,355228,984160,passed,14,0,1,0
idempotency-accuracy,1433,1434,idempotency,16,3,5,2,16,0.8,0.3,5,2,0,1,6,35,375659,103511,5162876,30261,181799,98,27825,172380,96,0,0,0,6,19891,395826,1889521,passed,16,1,9,1
idempotency-accuracy,1434,1435,idempotency,19,5,4,2,26,0.8,0.3,5,2,0,1,9,97,428668,119148,5960915,202750,1379877,891,187720,1296426,804,0,0,0,9,135209,564504,37293113,passed,19,1,16,1
idempotency-accuracy,1435,1436,idempotency,24,5,2,4,26,0.8,0.3,5,2,0,1,1,1,390806,100000,5005828,223,333,2,227,338,0,0,0,0,1,183,391031,2235207,passed,24,0,1,0
idempotency-accuracy,1436,1437,idempotency,20,5,2,2,26,0.8,0.3,5,2,0,1,9,68,401236,109510,5483231,141473,932581,839,108608,714599,674,0,0,0,9,91497,493213,18204170,passed,20,1,13,1
idempotency-accuracy,1437,1438,idempotency,21,4,2,3,21,0.8,0.3,5,2,0,1,1,1,360979,100000,4999334,139,207,1,142,211,0,0,0,0,1,121,361137,1296139,passed,21,0,1,0
idempotency-accuracy,1438,1439,idempotency,23,2,5,3,11,0.8,0.3,5,2,0,1,8,49,437312,123441,6151294,50998,445239,182,38665,339582,130,0,0,0,8,34409,472131,1593787,passed,23,1,10,1
idempotency-accuracy,1439,1440,idempotency,22,5,2,5,26,0.8,0.3,5,2,0,1,13,119,548503,150754,7524152,654374,4052624,1624,552157,3491100,1669,0,0,0,13,419315,968737,68616510,validation_failed,22,1,16,1
idempotency-accuracy,1440,1441,idempotency,19,3,4,4,16,0.8,0.3,5,2,0,1,1,1,357647,100000,5004459,143,213,2,145,216,0,0,0,0,1,138,357828,1070499,passed,19,0,1,0
idempotency-accuracy,1441,1442,idempotency,24,4,5,5,21,0.8,0.3,5,2,0,1,1,1,355770,100000,4995578,229,342,1,232,346,0,0,0,0,1,171,355979,1479037,passed,24,0,1,0
idempotency-accuracy,1442,1443,idempotency,22,4,2,3,21,0.8,0.3,5,2,0,1,1,1,359534,100000,5009830,139,207,1,142,211,0,0,0,0,1,153,359727,1349922,passed,22,0,1,0
idempotency-accuracy,1443,1444,idempotency,11,5,2,4,26,0.8,0.3,5,2,0,1,8,56,492537,138884,6932364,200533,1032962,650,180039,945649,663,0,0,0,8,130121,623206,6207941,passed,11,1,11,1
idempotency-accuracy,1444,1445,idempotency,19,2,2,2,11,0.8,0.3,5,2,0,1,1,1,380059,100000,4988015,53,78,10,54,80,0,0,0,0,1,89,380187,994492,passed,19,0,1,0
idempotency-accuracy,1445,1446,idempotency,15,3,3,3,16,0.8,0.3,5,2,0,1,8,56,403773,110088,5506177,81125,1360209,506,65481,1013133,584,0,0,0,8,69693,474220,2509164,passed,15,1,11,1
idempotency-accuracy,1446,1447,idempotency,14,5,2,2,26,0.8,0.3,5,2,0,1,1,1,363642,100000,4996107,119,177,2,123,182,0,0,0,0,1,130,363814,1325655,passed,14,0,1,0
idempotency-accuracy,1447,1448,idempotency,15,3,5,5,16,0.8,0.3,5,2,0,1,9,76,424028,111356,5580342,220256,1157477,844,202300,1086713,1058,0,0,0,9,150893,575537,3877295,passed,15,1,14,1
idempotency-accuracy,1448,1449,idempotency,24,2,4,4,11,0.8,0.3,5,2,0,1,12,120,544199,138579,6924542,230067,1428447,616,205270,1281757,838,0,0,0,12,160285,705433,3636515,passed,24,3,17,3
idempotency-accuracy,1449,1450,idempotency,15,4,4,2,21,0.8,0.3,5,2,0,1,1,1,362570,100000,5005778,101,150,61,104,154,0,0,0,0,1,105,362723,1120613,passed,15,0,1,0
idempotency-accuracy,1450,1451,idempotency,17,4,3,5,21,0.8,0.3,5,2,0,1,6,31,390710,101347,5069967,65204,284655,228,51112,230548,135,0,0,0,6,40314,431251,3760370,passed,17,1,8,1
idempotency-accuracy,1451,1452,idempotency,20,2,2,4,11,0.8,0.3,5,2,0,1,9,76,990571,275844,13805273,101252,605161,433,92588,562767,542,0,0,0,9,67193,1058329,2189213,validation_failed,20,1,14,1
idempotency-accuracy,1452,1453,idempotency,19,5,4,5,26,0.8,0.3,5,2,0,1,1,1,363268,100000,5004627,279,417,2,283,422,0,0,0,0,1,219,363520,1811668,passed,19,0,1,0
idempotency-accuracy,1453,1454,idempotency,12,4,3,2,21,0.8,0.3,5,2,0,1,1,1,358722,100000,4994585,99,147,1,102,151,0,0,0,0,1,103,358863,1091880,passed,12,0,1,0
idempotency-accuracy,1454,1455,idempotency,15,5,4,2,26,0.8,0.3,5,2,0,1,11,92,998946,272458,13617040,212804,1726594,850,167123,1295525,785,0,0,0,11,145546,1145391,13518475,passed,15,1,14,1
idempotency-accuracy,1455,1456,idempotency,13,5,2,3,26,0.8,0.3,5,2,0,1,1,1,356744,100000,5003762,171,255,2,175,260,20,0,0,0,1,163,356942,1259117,passed,13,0,1,0
idempotency-accuracy,1456,1457,idempotency,13,4,3,5,21,0.8,0.3,5,2,0,1,1,1,353076,100000,4988756,225,336,2,228,340,0,0,0,0,1,174,353286,1119521,passed,13,0,1,0
idempotency-accuracy,1457,1458,idempotency,22,3,2,5,16,0.8,0.3,5,2,0,1,11,100,853556,238053,11921868,342919,1890496,886,301871,1688032,1079,0,0,0,11,224987,1079300,9299236,validation_failed,22,2,15,2
idempotency-accuracy,1458,1459,idempotency,13,2,4,3,11,0.8,0.3,5,2,0,1,1,1,357407,100000,5016877,79,117,2,80,119,0,0,0,0,1,89,357534,981728,passed,13,0,1,0
idempotency-accuracy,1459,1460,idempotency,13,3,4,4,16,0.8,0.3,5,2,0,1,8,54,475684,134056,6695993,112227,588524,301,95627,511212,266,0,0,0,8,69705,545778,2137042,passed,13,1,11,1
idempotency-accuracy,1460,1461,idempotency,21,5,3,5,26,0.8,0.3,5,2,0,1,13,118,652186,183844,9173055,754670,4033181,1853,608274,3180714,1727,0,0,0,13,466365,1119474,57071958,validation_failed,21,1,16,1
idempotency-accuracy,1461,1462,idempotency,22,5,3,5,26,0.8,0.3,5,2,0,1,14,192,779936,218333,10919106,1108641,8513017,2864,1029349,7997207,3210,0,0,0,14,763744,1545137,129723615,passed,22,1,23,1
idempotency-accuracy,1462,1463,idempotency,23,5,4,3,26,0.8,0.3,5,2,0,1,8,74,371454,104569,5233283,212800,1327338,446,148565,976996,423,0,0,0,8,128813,500844,68706286,passed,23,4,16,4
idempotency-accuracy,1463,1464,idempotency,19,2,5,2,11,0.8,0.3,5,2,0,1,9,80,472735,128818,6447348,100391,651608,265,84343,562281,208,0,0,0,9,62790,536301,2091387,validation_failed,19,1,17,1
idempotency-accuracy,1464,1465,idempotency,17,4,4,5,21,0.8,0.3,5,2,0,1,6,31,502604,135468,6781273,77744,342220,190,61481,275319,209,0,0,0,6,46888,549847,3576317,passed,17,1,8,1
idempotency-accuracy,1465,1466,idempotency,21,3,5,3,16,0.8,0.3,5,2,0,1,1,1,363263,100000,4996445,113,168,2,115,171,0,0,0,0,1,122,363428,1078236,passed,21,0,1,0
idempotency-accuracy,1466,1467,idempotency,24,2,3,5,11,0.8,0.3,5,2,0,1,1,1,367718,100000,4979064,121,180,2,122,182,0,0,0,0,1,122,367880,1004861,passed,24,0,1,0
idempotency-accuracy,1467,1468,idempotency,17,4,4,5,21,0.8,0.3,5,2,0,1,1,1,362526,100000,5010623,227,339,2,230,343,0,0,0,0,1,174,362740,1246551,passed,17,0,1,0
idempotency-accuracy,1468,1469,idempotency,20,5,2,5,26,0.8,0.3,5,2,0,1,15,176,416671,115865,5800730,1786413,11660791,4136,1523112,9889769,4337,0,0,0,15,1153242,1571296,94315969,passed,20,1,21,1
idempotency-accuracy,1469,1470,idempotency,13,2,3,3,11,0.8,0.3,5,2,0,1,4,15,395586,109967,5500043,4751,17253,1,3445,13379,17,0,0,0,4,2785,398510,1001633,passed,13,2,5,2
idempotency-accuracy,1470,1471,idempotency,16,5,5,5,26,0.8,0.3,5,2,0,1,11,109,395732,108847,5451694,636339,4379833,1858,484598,3423039,1609,0,0,0,11,403993,800470,31623675,passed,16,3,17,3
idempotency-accuracy,1471,1472,idempotency,23,2,2,2,11,0.8,0.3,5,2,0,1,10,70,418413,116790,5851491,58471,456560,164,45634,371201,150,0,0,0,10,38176,457077,1797581,passed,23,3,13,3
idempotency-accuracy,1472,1473,idempotency,15,2,2,4,11,0.8,0.3,5,2,0,1,4,20,387391,108812,5443901,15161,49741,26,13536,44844,49,0,0,0,4,9480,396994,1132339,passed,15,1,7,1
idempotency-accuracy,1473,1474,idempotency,14,2,5,3,11,0.8,0.3,5,2,0,1,1,1,353763,100000,5006028,81,120,2,82,122,0,0,0,0,1,5373,359165,1006876,passed,14,0,1,0
idempotency-accuracy,1474,1475,idempotency,19,3,5,5,16,0.8,0.3,5,2,0,1,1,1,352246,100000,4993733,177,264,2,179,267,19,0,0,0,1,168,352451,1088481,passed,19,0,1,0
idempotency-accuracy,1475,1476,idempotency,24,3,2,3,16,0.8,0.3,5,2,0,1,1,1,355974,100000,5018642,107,159,2,109,162,4,0,0,0,1,123,356130,1110285,passed,24,0,1,0
idempotency-accuracy,1476,1477,idempotency,24,5,3,3,26,0.8,0.3,5,2,0,1,10,115,754155,207791,10377688,357431,1623978,966,333340,1539910,913,0,0,0,10,226058,980778,72369326,passed,24,1,17,1
idempotency-accuracy,1477,1478,idempotency,18,4,5,4,21,0.8,0.3,5,2,0,1,1,1,394818,100000,5012743,187,279,2,190,283,1,0,0,0,1,169,395027,1324844,passed,18,0,1,0
idempotency-accuracy,1478,1479,idempotency,13,2,3,2,11,0.8,0.3,5,2,0,1,4,14,381104,100443,5011333,4637,36208,10,4039,32882,0,0,0,0,4,3321,384653,1059814,passed,13,1,5,1
idempotency-accuracy,1479,1480,idempotency,14,2,3,3,11,0.8,0.3,5,2,0,1,3,11,377248,101904,5109782,4299,13218,27,3570,11330,16,0,0,0,3,2811,380175,1051255,passed,14,1,5,1
idempotency-accuracy,1480,1481,idempotency,10,4,2,3,21,0.8,0.3,5,2,0,1,1,1,379609,100000,5002599,139,207,1,142,211,0,0,0,0,1,134,379783,1062580,passed,10,0,1,0
idempotency-accuracy,1481,1482,idempotency,17,3,2,3,16,0.8,0.3,5,2,0,1,9,64,557232,152567,7628454,98999,981575,898,78730,801659,960,0,0,0,9,73582,631799,2877227,passed,17,2,11,2
idempotency-accuracy,1482,1483,idempotency,19,4,4,3,21,0.8,0.3,5,2,0,1,1,1,358402,100000,5004806,143,213,2,146,217,0,0,0,0,1,148,358588,1277998,passed,19,0,1,0
idempotency-accuracy,1483,1484,idempotency,11,4,2,5,21,0.8,0.3,5,2,0,1,1,1,357394,100000,5014553,223,333,1,226,337,0,0,0,0,1,180,357611,1071123,passed,11,0,1,0
idempotency-accuracy,1484,1485,idempotency,21,5,3,3,26,0.8,0.3,5,2,0,1,1,1,375443,100000,4997148,173,258,16,177,263,0,0,0,0,1,171,375650,1892533,passed,21,0,1,0
idempotency-accuracy,1485,1486,idempotency,14,2,3,4,11,0.8,0.3,5,2,0,1,2,5,370857,101140,5059985,1297,4497,1,829,3136,11,0,0,0,2,797,371726,985103,passed,14,1,3,1
idempotency-accuracy,1486,1487,idempotency,24,3,5,3,16,0.8,0.3,5,2,0,1,1,1,363963,100000,5004752,113,168,10,115,171,0,0,0,0,1,118,364119,1146243,passed,24,0,1,0
idempotency-accuracy,1487,1488,idempotency,17,3,3,5,16,0.8,0.3,5,2,0,1,1,1,366496,100000,5016513,173,258,1,175,261,0,0,0,0,1,150,366687,1033860,passed,17,0,1,0
idempotency-accuracy,1488,1489,idempotency,17,2,4,2,11,0.8,0.3,5,2,0,1,7,30,488139,137016,6857724,16281,131499,58,12598,97080,30,0,0,0,7,11013,499460,1138281,passed,17,2,7,2
idempotency-accuracy,1489,1490,idempotency,24,2,3,4,11,0.8,0.3,5,2,0,1,1,1,354175,100000,4990074,99,147,0,100,149,0,0,0,0,1,121,354334,993873,passed,24,0,1,0
idempotency-accuracy,1490,1491,idempotency,10,2,5,4,11,0.8,0.3,5,2,0,1,5,19,365290,101690,5084849,16208,94324,40,13426,78452,39,0,0,0,5,10365,375892,1003651,validation_failed,10,1,6,1
idempotency-accuracy,1491,1492,idempotency,19,4,3,4,21,0.8,0.3,5,2,0,1,1,1,355699,100000,5009646,183,273,1,186,277,0,0,0,0,1,147,355885,1274673,passed,19,0,1,0
idempotency-accuracy,1492,1493,idempotency,14,4,5,5,21,0.8,0.3,5,2,0,1,1,1,383224,100000,4997516,229,342,2,232,346,0,0,0,0,1,244,383533,1117588,passed,14,0,1,0
idempotency-accuracy,1493,1494,idempotency,18,4,2,5,21,0.8,0.3,5,2,0,1,9,57,506485,142471,7106745,183334,1318632,394,137833,1005268,359,0,0,0,9,116524,623443,6915264,passed,18,1,10,1
idempotency-accuracy,1494,1495,idempotency,22,4,3,3,21,0.8,0.3,5,2,0,1,10,120,818410,225660,11300660,412917,2251204,879,330285,1763583,933,0,0,0,10,248425,1067497,29868890,passed,22,1,21,1
idempotency-accuracy,1495,1496,idempotency,14,5,5,5,26,0.8,0.3,5,2,0,1,6,46,383606,107525,5373752,193035,777332,443,143880,579800,346,0,0,0,6,110679,494570,13821812,passed,14,1,13,1
idempotency-accuracy,1496,1497,idempotency,14,2,3,5,11,0.8,0.3,5,2,0,1,1,1,359705,100000,4992470,121,180,2,122,182,0,0,0,0,1,113,359857,981955,passed,14,0,1,0
idempotency-accuracy,1497,1498,idempotency,23,3,3,2,16,0.8,0.3,5,2,0,1,10,88,399454,109035,5460559,136190,1466206,454,98202,1055940,347,0,0,0,10,94323,494303,7500802,passed,23,2,14,2
idempotency-accuracy,1498,1499,idempotency,21,2,3,2,11,0.8,0.3,5,2,0,1,11,103,622296,175159,8757571,126497,798927,304,95352,618581,270,0,0,0,11,77814,700659,2607364,passed,21,3,17,3
idempotency-accuracy,1499,1500,idempotency,20,5,3,3,26,0.8,0.3,5,2,0,1,9,95,592639,165681,8295791,259932,1266115,698,228586,1140697,815,0,0,0,9,164634,757771,40136773,passed,20,3,16,3
idempotency-accuracy,1500,1501,idempotency,14,5,4,4,26,0.8,0.3,5,2,0,1,1,1,363052,100000,4996743,227,339,2,231,344,0,0,0,0,1,186,363274,1280788,passed,14,0,1,0
idempotency-accuracy,1501,1502,idempotency,17,4,3,2,21,0.8,0.3,5,2,0,1,1,1,356445,100000,5004753,99,147,2,102,151,1,0,0,0,1,102,356588,1176137,passed,17,0,1,0
idempotency-accuracy,1502,1503,idempotency,14,2,4,2,11,0.8,0.3,5,2,0,1,9,59,471423,131510,6563360,45291,429034,141,33262,299176,116,0,0,0,9,30059,502034,1194908,passed,14,1,11,1
idempotency-accuracy,1503,1504,idempotency,24,2,3,3,11,0.8,0.3,5,2,0,1,7,39,584344,160354,8031976,44087,429568,199,35213,316669,124,0,0,0,7,32147,616888,2028892,validation_failed,24,1,11,1
idempotency-accuracy,1504,1505,idempotency,17,2,4,4,11,0.8,0.3,5,2,0,1,8,60,655458,181426,9072925,84296,470298,270,78919,449627,261,0,0,0,8,56166,712050,1499189,passed,17,1,12,1
idempotency-accuracy,1505,1506,idempotency,20,2,5,2,11,0.8,0.3,5,2,0,1,12,97,430706,118747,5928455,120540,712442,390,94383,557167,325,0,0,0,12,74020,505533,1921692,passed,20,3,14,3
idempotency-accuracy,1506,1507,idempotency,17,5,3,4,26,0.8,0.3,5,2,0,1,1,1,359208,100000,5025602,225,336,2,229,341,0,0,0,0,1,195,359444,1454678,passed,17,0,1,0
idempotency-accuracy,1507,1508,idempotency,22,4,5,4,21,0.8,0.3,5,2,0,1,1,1,355584,100000,5003048,187,279,2,190,283,0,0,0,0,1,149,355775,1398232,passed,22,0,1,0
idempotency-accuracy,1508,1509,idempotency,11,4,4,3,21,0.8,0.3,5,2,0,1,8,38,385009,107718,5390265,59780,356335,142,50469,318831,193,0,0,0,8,38438,423785,2031081,passed,11,3,8,3
idempotency-accuracy,1509,1510,idempotency,12,5,2,2,26,0.8,0.3,5,2,0,1,1,1,356655,100000,5010576,119,177,2,123,182,0,0,0,0,1,129,356829,1198042,passed,12,0,1,0
idempotency-accuracy,1510,1511,idempotency,15,5,5,5,26,0.8,0.3,5,2,0,1,11,108,425941,116750,5817034,490338,2536497,2022,453665,2391327,2364,0,0,0,11,337129,763996,25838600,passed,15,1,16,1
idempotency-accuracy,1511,1512,idempotency,21,4,3,3,21,0.8,0.3,5,2,0,1,13,116,646955,179556,8977423,358373,2538465,2030,326496,2265375,1941,0,0,0,13,246580,894371,20963871,validation_failed,21,1,15,1
idempotency-accuracy,1512,1513,idempotency,20,2,3,3,11,0.8,0.3,5,2,0,1,1,1,366986,100000,4988643,77,114,2,78,116,0,0,0,0,1,85,367110,1020690,passed,20,0,1,0
idempotency-accuracy,1513,1514,idempotency,20,2,5,2,11,0.8,0.3,5,2,0,1,1,1,381553,100000,4987125,59,87,2,60,89,0,0,0,0,1,79,381671,1046732,passed,20,0,1,0
idempotency-accuracy,1514,1515,idempotency,10,2,4,4,11,0.8,0.3,5,2,0,1,7,30,360430,100943,5037371,26649,153844,252,20174,121432,107,0,0,0,7,16737,377454,1030751,passed,10,1,7,1
idempotency-accuracy,1515,1516,idempotency,17,2,5,2,11,0.8,0.3,5,2,0,1,8,47,559299,130352,6531492,35250,214259,118,27188,168391,185,0,0,0,8,27002,586735,1242940,passed,17,1,10,1
idempotency-accuracy,1516,1517,idempotency,20,5,3,4,26,0.8,0.3,5,2,0,1,1,1,365261,100000,4991130,225,336,2,229,341,0,0,0,0,1,173,365486,1947444,passed,20,0,1,0
idempotency-accuracy,1517,1518,idempotency,19,5,5,3,26,0.8,0.3,5,2,0,1,9,84,434223,118905,5955181,255968,1452716,1516,236876,1355900,1505,0,0,0,9,169401,604130,47143388,validation_failed,19,1,16,1
idempotency-accuracy,1518,1519,idempotency,15,4,5,5,21,0.8,0.3,5,2,0,1,1,1,378396,100000,4991489,229,342,1,232,346,0,0,0,0,1,175,378608,1142599,passed,15,0,1,0
idempotency-accuracy,1519,1520,idempotency,16,2,5,3,11,0.8,0.3,5,2,0,1,1,1,352542,100000,5007173,81,120,2,82,122,0,0,0,0,1,88,352664,972209,passed,16,0,1,0
idempotency-accuracy,1520,1521,idempotency,19,2,2,4,11,0.8,0.3,5,2,0,1,5,24,512024,143641,7164770,19580,130755,57,14036,96415,52,0,0,0,5,12367,524649,1368945,validation_failed,19,1,8,1
idempotency-accuracy,1521,1522,idempotency,24,3,2,3,16,0.8,0.3,5,2,0,1,6,26,609513,171449,8563634,23411,717935,163,17566,513864,183,0,0,0,6,24251,634119,1930111,validation_failed,24,4,7,2
idempotency-accuracy,1522,1523,idempotency,16,3,2,5,16,0.8,0.3,5,2,0,1,5,24,369095,103230,5168099,29615,95261,68,23795,78889,61,0,0,0,5,17747,386986,1772682,passed,16,3,7,3
idempotency-accuracy,1523,1524,idempotency,24,2,5,4,11,0.8,0.3,5,2,0,1,5,24,412104,116152,5795299,17606,110039,56,12661,86874,53,0,0,0,5,10729,423043,1503592,passed,24,2,8,2
idempotency-accuracy,1524,1525,idempotency,24,3,3,3,16,0.8,0.3,5,2,0,1,1,1,354040,100000,4987671,109,162,1,111,165,7,0,0,0,1,113,354191,1103426,passed,24,0,1,0
idempotency-accuracy,1525,1526,idempotency,17,3,2,4,16,0.8,0.3,5,2,0,1,8,72,667501,173055,8637918,121135,611284,778,106122,555474,843,0,0,0,8,85440,753667,3313787,passed,17,2,13,2
idempotency-accuracy,1526,1527,idempotency,18,3,5,2,16,0.8,0.3,5,2,0,1,8,62,429074,119690,5990629,65627,317362,276,59832,293414,241,0,0,0,8,41478,470920,3295334,validation_failed,18,1,13,1
idempotency-accuracy,1527,1528,idempotency,20,5,5,3,26,0.8,0.3,5,2,0,1,10,129,647027,180900,9031220,408935,1945424,910,359681,1737517,973,0,0,0,10,259122,906839,65655430,passed,20,3,21,3
idempotency-accuracy,1528,1529,idempotency,18,2,2,3,11,0.8,0.3,5,2,0,1,10,71,456258,127782,6372754,73944,380024,284,55590,286642,248,0,0,0,10,44535,501236,1523150,validation_failed,18,1,12,1
idempotency-accuracy,1529,1530,idempotency,13,3,5,5,16,0.8,0.3,5,2,0,1,6,33,394493,108855,5465984,55523,353842,145,47422,312290,157,0,0,0,6,36123,430884,1866563,passed,13,2,9,2
idempotency-accuracy,1530,1531,idempotency,14,5,4,3,26,0.8,0.3,5,2,0,1,9,61,395779,109744,5478206,160843,839137,429,127316,670182,474,0,0,0,9,99529,495839,10549363,validation_failed,14,1,11,1
idempotency-accuracy,1531,1532,idempotency,13,2,2,5,11,0.8,0.3,5,2,0,1,5,24,371052,103424,5176383,20613,84314,78,17311,73923,76,0,0,0,5,13156,384390,1101090,passed,13,2,7,2
idempotency-accuracy,1532,1533,idempotency,12,3,2,3,16,0.8,0.3,5,2,0,1,7,35,395146,109118,5473455,35742,546395,192,26496,405054,191,0,0,0,7,30061,425503,1547278,passed,12,3,8,3
idempotency-accuracy,1533,1534,idempotency,15,4,3,4,21,0.8,0.3,5,2,0,1,1,1,361978,100000,4999780,183,273,2,186,277,20,0,0,0,1,183,362199,1141529,passed,15,0,1,0
idempotency-accuracy,1534,1535,idempotency,23,3,2,4,16,0.8,0.3,5,2,0,1,11,118,556844,152265,7611579,357406,1817125,934,298891,1518206,989,0,0,0,11,225454,782965,13094269,validation_failed,23,2,18,2
idempotency-accuracy,1535,1536,idempotency,17,5,2,3,26,0.8,0.3,5,2,0,1,8,41,381329,105823,5287431,89172,415443,281,68233,321490,201,0,0,0,8,52465,434137,7939525,passed,17,1,8,1
idempotency-accuracy,1536,1537,idempotency,21,5,4,5,26,0.8,0.3,5,2,0,1,1,1,354898,100000,5010937,279,417,2,283,422,0,0,0,0,1,206,355138,1965847,passed,21,0,1,0
idempotency-accuracy,1537,1538,idempotency,20,2,4,5,11,0.8,0.3,5,2,0,1,3,9,360196,100035,5027706,4740,15469,18,3867,13224,33,0,0,0,3,3093,363373,1128429,passed,20,1,4,1
idempotency-accuracy,1538,1539,idempotency,14,2,3,3,11,0.8,0.3,5,2,0,1,5,21,358954,100432,5043177,12192,71446,21,8585,51438,34,0,0,0,5,7430,366582,1036972,passed,14,1,6,1
idempotency-accuracy,1539,1540,idempotency,21,4,2,4,21,0.8,0.3,5,2,0,1,12,98,484297,134528,6722851,387275,2107273,1099,342032,1889412,1185,0,0,0,12,255747,741205,17343185,validation_failed,21,1,13,1
idempotency-accuracy,1540,1541,idempotency,24,2,4,2,11,0.8,0.3,5,2,0,1,10,77,593275,165076,8255600,62745,331609,201,58013,311076,154,0,0,0,10,40721,634626,2251562,validation_failed,24,1,13,1
idempotency-accuracy,1541,1542,idempotency,11,3,3,5,16,0.8,0.3,5,2,0,1,4,23,421282,117059,5845507,32308,150766,90,28953,139016,67,0,0,0,4,20339,441810,1357081,passed,11,1,8,1
idempotency-accuracy,1542,1543,idempotency,17,3,5,3,16,0.8,0.3,5,2,0,1,9,81,712713,195269,9761033,180166,872812,663,156518,788140,509,0,0,0,9,117746,831017,3968584,passed,17,2,14,2
idempotency-accuracy,1543,1544,idempotency,11,4,2,4,21,0.8,0.3,5,2,0,1,1,1,354731,100000,4996971,181,270,1,184,274,0,0,0,0,1,154,354923,1045797,passed,11,0,1,0
idempotency-accuracy,1544,1545,idempotency,10,3,5,4,16,0.8,0.3,5,2,0,1,1,1,355512,100000,5007529,145,216,2,147,219,0,0,0,0,1,158,355711,1004321,passed,10,0,1,0
idempotency-accuracy,1545,1546,idempotency,15,4,3,4,21,0.8,0.3,5,2,0,1,10,66,416997,116991,5845413,144640,822603,398,134068,781072,604,0,0,0,10,93513,511024,3974618,passed,15,1,12,1
idempotency-accuracy,1546,1547,idempotency,13,3,4,2,16,0.8,0.3,5,2,0,1,7,37,397831,111594,5578880,35201,137603,103,26518,103625,79,0,0,0,7,20666,418715,1466033,passed,13,1,9,1
idempotency-accuracy,1547,1548,idempotency,24,3,2,4,16,0.8,0.3,5,2,0,1,9,65,675506,188481,9440958,135444,727878,451,124257,680369,467,0,0,0,9,91533,767484,6172481,passed,24,3,12,3
idempotency-accuracy,1548,1549,idempotency,23,4,2,5,21,0.8,0.3,5,2,0,1,15,168,456202,126451,6307525,775867,4825809,2197,727967,4554162,2429,0,0,0,15,516831,974090,41477400,validation_failed,23,1,19,1
idempotency-accuracy,1549,1550,idempotency,22,4,3,2,21,0.8,0.3,5,2,0,1,8,66,412823,114396,5725888,88283,509427,228,62322,364605,273,0,0,0,8,54874,468143,10350293,passed,22,2,13,2
idempotency-accuracy,1550,1551,idempotency,20,5,3,3,26,0.8,0.3,5,2,0,1,1,1,359181,100000,5022541,173,258,2,177,263,0,0,0,0,1,142,359360,1822014,passed,20,0,1,0
idempotency-accuracy,1551,1552,idempotency,14,2,4,4,11,0.8,0.3,5,2,0,1,1,1,359309,100000,4999781,101,150,2,102,152,0,0,0,0,1,100,359444,977003,passed,14,0,1,0
idempotency-accuracy,1552,1553,idempotency,22,4,2,4,21,0.8,0.3,5,2,0,1,1,1,354330,100000,4997420,181,270,1,184,274,0,0,0,0,1,150,354518,1488500,passed,22,0,1,0
idempotency-accuracy,1553,1554,idempotency,24,4,4,4,21,0.8,0.3,5,2,0,1,14,177,793467,214365,10722335,722661,4279238,2004,672345,4009471,2145,0,0,0,14,475741,1270778,61905623,passed,24,1,21,1
idempotency-accuracy,1554,1555,idempotency,13,4,3,5,21,0.8,0.3,5,2,0,1,8,72,433027,121502,6074017,205213,939156,557,182739,855661,469,0,0,0,8,129935,563496,4727416,passed,13,2,13,2
idempotency-accuracy,1555,1556,idempotency,16,5,3,3,26,0.8,0.3,5,2,0,1,11,95,422540,119311,5957885,335644,3085678,1046,268256,2495261,869,0,0,0,11,229808,653309,21124658,passed,16,2,14,1
idempotency-accuracy,1556,1557,idempotency,14,5,4,4,26,0.8,0.3,5,2,0,1,12,109,517068,145009,7228436,493803,3036852,1215,413620,2581801,1396,0,0,0,12,316072,834009,17874459,passed,14,2,15,2
idempotency-accuracy,1557,1558,idempotency,23,2,4,3,11,0.8,0.3,5,2,0,1,1,1,353243,100000,4996558,79,117,1,80,119,0,0,0,0,1,88,353381,994541,passed,23,0,1,0
idempotency-accuracy,1558,1559,idempotency,12,3,4,2,16,0.8,0.3,5,2,0,1,1,1,354398,100000,5011986,79,117,2,81,120,0,0,0,0,1,89,354520,990831,passed,12,0,1,0
idempotency-accuracy,1559,1560,idempotency,20,2,4,4,11,0.8,0.3,5,2,0,1,12,101,445912,124567,6230633,178074,1104944,481,140109,875965,444,0,0,0,12,111418,557963,2357454,validation_failed,20,2,16,2
idempotency-accuracy,1560,1561,idempotency,24,2,5,3,11,0.8,0.3,5,2,0,1,1,1,358289,100000,5005135,81,120,1,82,122,0,0,0,0,1,87,358413,988819,passed,24,0,1,0
idempotency-accuracy,1561,1562,idempotency,24,5,5,2,26,0.8,0.3,5,2,0,1,12,103,439601,123036,6138860,239217,1368573,635,184489,1084567,683,0,0,0,12,148662,589162,40700967,passed,24,3,15,3
idempotency-accuracy,1562,1563,idempotency,23,3,5,4,16,0.8,0.3,5,2,0,1,11,142,479523,132952,6652062,631216,3713626,2834,489239,2950853,2433,0,0,0,11,394723,875078,25190824,passed,23,3,22,3
idempotency-accuracy,1563,1564,idempotency,16,3,2,4,16,0.8,0.3,5,2,0,1,7,31,410786,115399,5758028,45043,374793,134,35840,302455,262,0,0,0,7,31392,442490,1736065,passed,16,1,7,1
idempotency-accuracy,1564,1565,idempotency,23,3,3,3,16,0.8,0.3,5,2,0,1,9,84,455180,123356,6166727,170117,1032063,633,138322,878567,658,0,0,0,9,111221,566968,8629558,validation_failed,23,4,15,3
idempotency-accuracy,1565,1566,idempotency,19,2,5,3,11,0.8,0.3,5,2,0,1,1,1,358694,100000,4988082,81,120,2,82,122,0,0,0,0,1,89,358823,986698,passed,19,0,1,0
idempotency-accuracy,1566,1567,idempotency,16,4,5,3,21,0.8,0.3,5,2,0,1,1,1,362141,100000,4994375,145,216,2,148,220,7,0,0,0,1,158,362350,1165620,passed,16,0,1,0
idempotency-accuracy,1567,1568,idempotency,18,5,4,3,26,0.8,0.3,5,2,0,1,12,116,416231,114938,5750246,571407,2982894,2628,462293,2465597,2376,0,0,0,12,361951,779034,39904860,passed,18,2,17,2
idempotency-accuracy,1568,1569,idempotency,24,3,2,4,16,0.8,0.3,5,2,0,1,8,60,406797,113074,5653807,100552,458389,208,89787,416181,285,0,0,0,8,63233,470390,6387044,validation_failed,24,2,12,2
idempotency-accuracy,1569,1570,idempotency,22,4,2,4,21,0.8,0.3,5,2,0,1,14,134,738418,204846,10237465,514071,2765489,1213,481498,2616324,1470,0,0,0,14,344115,1083607,25461332,passed,22,1,17,1
idempotency-accuracy,1570,1571,idempotency,21,2,4,5,11,0.8,0.3,5,2,0,1,13,151,790656,215532,10750425,354320,2537814,1118,326346,2350659,1373,0,0,0,13,251201,1042923,2967741,passed,21,1,18,1
idempotency-accuracy,1571,1572,idempotency,19,3,4,3,16,0.8,0.3,5,2,0,1,9,66,631302,174193,8717423,130142,842473,341,97912,626184,343,0,0,0,9,80742,712474,5222540,validation_failed,19,1,14,1
idempotency-accuracy,1572,1573,idempotency,22,2,2,3,11,0.8,0.3,5,2,0,1,1,1,356751,100000,4988712,75,111,1,76,113,0,0,0,0,1,82,356870,983897,passed,22,0,1,0
idempotency-accuracy,1573,1574,idempotency,10,5,2,3,26,0.8,0.3,5,2,0,1,1,1,353551,100000,4996975,171,255,2,175,260,0,0,0,0,1,141,353728,1159128,passed,10,0,1,0
idempotency-accuracy,1574,1575,idempotency,11,5,2,3,26,0.8,0.3,5,2,0,1,6,43,393811,109380,5477502,92175,396909,301,73030,322399,243,0,0,0,6,56217,450889,4883856,passed,11,3,11,3
idempotency-accuracy,1575,1576,idempotency,15,2,4,4,11,0.8,0.3,5,2,0,1,9,65,477761,132474,6626752,91094,502438,260,84365,468797,326,0,0,0,9,61738,540063,1457867,passed,15,1,12,1
idempotency-accuracy,1576,1577,idempotency,13,4,2,4,21,0.8,0.3,5,2,0,1,6,37,656736,179944,8989775,74225,303835,179,60184,245594,219,0,0,0,6,48754,705794,2438990,validation_failed,13,1,9,1
idempotency-accuracy,1577,1578,idempotency,10,5,3,2,26,0.8,0.3,5,2,0,1,6,33,479359,127274,6350443,35342,217377,128,31960,204108,104,0,0,0,6,23477,503168,2593206,passed,10,1,8,1
idempotency-accuracy,1578,1579,idempotency,22,5,3,4,26,0.8,0.3,5,2,0,1,9,68,402860,111634,5599421,303789,1662130,791,246352,1366099,748,0,0,0,9,189515,592854,43819375,passed,22,1,13,1
idempotency-accuracy,1579,1580,idempotency,24,4,2,5,21,0.8,0.3,5,2,0,1,11,111,369752,103816,5193256,528236,3824681,1505,434544,3129390,1693,0,0,0,11,341384,712045,34288806,validation_failed,24,1,18,1
idempotency-accuracy,1580,1581,idempotency,11,2,4,2,11,0.8,0.3,5,2,0,1,5,20,410593,113173,5654622,7172,47151,21,5202,35619,20,0,0,0,5,4599,415344,1004109,passed,11,2,6,2
idempotency-accuracy,1581,1582,idempotency,15,2,5,3,11,0.8,0.3,5,2,0,1,1,1,366282,100000,5002569,81,120,2,82,122,0,0,0,0,1,98,366415,967147,passed,15,0,1,0
idempotency-accuracy,1582,1583,idempotency,18,5,5,4,26,0.8,0.3,5,2,0,1,1,1,364742,100000,5000829,229,342,2,233,347,0,0,0,0,1,192,364978,1597821,passed,18,0,1,0
idempotency-accuracy,1583,1584,idempotency,13,4,5,4,21,0.8,0.3,5,2,0,1,1,1,354092,100000,4983607,187,279,1,190,283,0,0,0,0,1,148,354276,1076463,passed,13,0,1,0
idempotency-accuracy,1584,1585,idempotency,12,3,3,3,16,0.8,0.3,5,2,0,1,6,27,563081,157983,7900234,25421,146542,84,19215,110023,86,0,0,0,6,15453,578794,1274191,validation_failed,12,1,7,1
idempotency-accuracy,1585,1586,idempotency,23,4,3,2,21,0.8,0.3,5,2,0,1,10,95,397716,110298,5521119,210352,1298653,644,167567,1038089,493,0,0,0,10,131783,530061,24790827,validation_failed,23,2,20,2
idempotency-accuracy,1586,1587,idempotency,12,2,5,2,11,0.8,0.3,5,2,0,1,1,1,381153,100000,5003604,59,87,1,60,89,0,0,0,0,1,94,381282,972629,passed,12,0,1,0
idempotency-accuracy,1587,1588,idempotency,24,2,5,3,11,0.8,0.3,5,2,0,1,11,113,672478,188167,9406906,233664,1462030,770,180227,1166088,709,0,0,0,11,146526,819774,4330645,passed,24,3,20,3
idempotency-accuracy,1588,1589,idempotency,16,4,4,5,21,0.8,0.3,5,2,0,1,10,78,434193,117619,5886980,277640,1454873,807,201434,1084748,583,0,0,0,10,167319,601994,7786888,passed,16,3,12,3
idempotency-accuracy,1589,1590,idempotency,10,3,2,5,16,0.8,0.3,5,2,0,1,1,1,354919,100000,4998873,171,255,1,173,258,0,0,0,0,1,143,355118,1000416,passed,10,0,1,0
idempotency-accuracy,1590,1591,idempotency,13,2,5,4,11,0.8,0.3,5,2,0,1,1,1,354063,100000,4987075,103,153,1,104,155,0,0,0,0,1,103,354194,983068,passed,13,0,1,0
idempotency-accuracy,1591,1592,idempotency,19,2,3,5,11,0.8,0.3,5,2,0,1,7,35,585177,165723,8277419,43916,275658,131,40371,252563,164,0,0,0,7,29852,615599,1404132,passed,19,1,8,1
idempotency-accuracy,1592,1593,idempotency,14,3,5,5,16,0.8,0.3,5,2,0,1,8,59,526408,146593,7340206,126154,607616,312,110743,549744,428,0,0,0,8,80187,607054,2636953,validation_failed,14,2,12,2
idempotency-accuracy,1593,1594,idempotency,18,3,3,2,16,0.8,0.3,5,2,0,1,11,95,418673,115713,5783196,139266,888842,724,107778,687125,811,0,0,0,11,88789,508118,3358786,passed,18,2,14,1
idempotency-accuracy,1594,1595,idempotency,11,4,3,4,21,0.8,0.3,5,2,0,1,1,1,368958,100000,5019055,183,273,2,186,277,0,0,0,0,1,145,369147,1059419,passed,11,0,1,0
idempotency-accuracy,1595,1596,idempotency,18,3,4,3,16,0.8,0.3,5,2,0,1,7,52,405335,112292,5623482,71381,516324,201,62708,471491,236,0,0,0,7,49611,455368,3673271,passed,18,3,11,3
idempotency-accuracy,1596,1597,idempotency,20,5,3,2,26,0.8,0.3,5,2,0,1,11,134,480171,133043,6647850,355392,2668856,935,281100,1996689,835,0,0,0,11,230963,712078,50776083,passed,20,3,20,3
idempotency-accuracy,1597,1598,idempotency,22,3,4,2,16,0.8,0.3,5,2,0,1,10,109,753676,207534,10382991,208532,1120789,535,170706,894106,663,0,0,0,10,131322,885808,9279880,passed,22,1,18,1
idempotency-accuracy,1598,1599,idempotency,24,4,3,4,21,0.8,0.3,5,2,0,1,1,1,355390,100000,4995330,183,273,2,186,277,0,0,0,0,1,176,355606,1533987,passed,24,0,1,0
idempotency-accuracy,1599,1600,idempotency,11,5,5,4,26,0.8,0.3,5,2,0,1,5,31,451997,124580,6218538,84182,411922,353,69682,345025,301,0,0,0,5,52566,504816,5180232,validation_failed,11,1,10,1
idempotency-accuracy,1600,1601,idempotency,10,5,4,3,26,0.8,0.3,5,2,0,1,7,55,380159,103363,5173958,105939,432656,390,97331,408754,645,0,0,0,7,68639,449202,3895444,passed,10,1,11,1
idempotency-accuracy,1601,1602,idempotency,16,4,4,4,21,0.8,0.3,5,2,0,1,1,1,367318,100000,5001393,185,276,20,188,280,1,0,0,0,1,171,367527,1195681,passed,16,0,1,0
idempotency-accuracy,1602,1603,idempotency,12,3,2,4,16,0.8,0.3,5,2,0,1,10,55,628771,171126,8572785,112741,540442,405,98900,482100,514,0,0,0,10,79784,709243,1499605,passed,12,1,9,1
idempotency-accuracy,1603,1604,idempotency,11,2,3,4,11,0.8,0.3,5,2,0,1,6,34,488616,133397,6681207,34579,201727,123,25351,151523,145,0,0,0,6,22170,511095,1100575,passed,11,1,9,1
idempotency-accuracy,1604,1605,idempotency,24,3,5,3,16,0.8,0.3,5,2,0,1,11,126,421771,115631,5775940,299225,1574029,738,261794,1368014,897,0,0,0,11,189485,611970,22038495,passed,24,4,23,4
idempotency-accuracy,1605,1606,idempotency,23,5,5,2,26,0.8,0.3,5,2,0,1,12,168,461106,129151,6445447,456702,2619728,1236,415869,2451112,1598,0,0,0,12,312240,774231,144050495,validation_failed,23,2,24,2
idempotency-accuracy,1606,1607,idempotency,11,4,4,4,21,0.8,0.3,5,2,0,1,1,1,378114,100000,4979831,185,276,2,188,280,8,0,0,0,1,174,378324,1061908,passed,11,0,1,0
idempotency-accuracy,1607,1608,idempotency,15,5,2,4,26,0.8,0.3,5,2,0,1,10,98,406802,113945,5692890,384632,2407024,1020,306613,1962798,1011,0,0,0,10,237787,645356,21419579,passed,15,1,16,1
idempotency-accuracy,1608,1609,idempotency,22,3,5,4,16,0.8,0.3,5,2,0,1,1,1,356306,100000,5004376,145,216,1,147,219,0,0,0,0,1,129,356467,1099470,passed,22,0,1,0
idempotency-accuracy,1609,1610,idempotency,16,4,5,3,21,0.8,0.3,5,2,0,1,9,63,390723,109516,5484245,150936,916563,517,133586,828210,432,0,0,0,9,96700,487852,7316930,passed,16,1,12,1
idempotency-accuracy,1610,1611,idempotency,23,2,3,5,11,0.8,0.3,5,2,0,1,12,114,556001,155942,7784373,279459,1691695,759,222502,1354679,700,0,0,0,12,175332,732077,4040116,validation_failed,23,2,17,2
idempotency-accuracy,1611,1612,idempotency,11,4,5,2,21,0.8,0.3,5,2,0,1,1,1,357751,100000,5016201,103,153,2,106,157,0,0,0,0,1,109,357902,1074737,passed,11,0,1,0
idempotency-accuracy,1612,1613,idempotency,10,3,3,4,16,0.8,0.3,5,2,0,1,7,33,390620,103359,5181573,43077,212337,150,32506,163139,136,0,0,0,7,26304,417174,1203102,passed,10,1,7,1
idempotency-accuracy,1613,1614,idempotency,17,4,2,5,21,0.8,0.3,5,2,0,1,8,60,394847,110026,5511262,229582,1227738,606,172437,922773,620,0,0,0,8,137899,533103,13112962,passed,17,1,14,1
idempotency-accuracy,1614,1615,idempotency,14,5,4,3,26,0.8,0.3,5,2,0,1,5,38,401043,111410,5571437,71141,305099,197,61497,269371,127,0,0,0,5,43961,445290,9166245,validation_failed,14,2,11,2
idempotency-accuracy,1615,1616,idempotency,12,2,5,3,11,0.8,0.3,5,2,0,1,1,1,361325,100000,4994548,81,120,2,82,122,0,0,0,0,1,104,361469,975974,passed,12,0,1,0
idempotency-accuracy,1616,1617,idempotency,12,4,4,5,21,0.8,0.3,5,2,0,1,8,42,366571,101598,5067761,154877,1211465,431,122759,947711,516,0,0,0,8,103079,470094,3490469,passed,12,1,9,1
idempotency-accuracy,1617,1618,idempotency,24,2,3,5,11,0.8,0.3,5,2,0,1,1,1,356094,100000,5012573,121,180,3,122,182,0,0,0,0,1,139,356281,1022057,passed,24,0,1,0
idempotency-accuracy,1618,1619,idempotency,16,5,4,5,26,0.8,0.3,5,2,0,1,10,101,386124,107671,5387550,513552,2420833,1579,482541,2293983,1601,0,0,0,10,334899,721675,36902380,passed,16,1,16,1
idempotency-accuracy,1619,1620,idempotency,12,2,2,5,11,0.8,0.3,5,2,0,1,1,1,359515,100000,4994560,119,177,3,120,179,0,0,0,0,1,4024,363581,971598,passed,12,0,1,0
idempotency-accuracy,1620,1621,idempotency,16,5,3,2,26,0.8,0.3,5,2,0,1,1,1,358815,100000,4986097,121,180,11,125,185,0,0,0,0,1,121,358975,1450995,passed,16,0,1,0
idempotency-accuracy,1621,1622,idempotency,23,2,5,2,11,0.8,0.3,5,2,0,1,6,35,446544,125342,6252171,20071,89031,127,14093,65167,36,0,0,0,6,11402,458171,1684002,passed,23,2,9,2
idempotency-accuracy,1622,1623,idempotency,15,3,3,2,16,0.8,0.3,5,2,0,1,11,93,420153,112990,5652103,145241,1092349,413,113000,879437,453,0,0,0,11,92618,513589,3222782,passed,15,2,15,2
idempotency-accuracy,1623,1624,idempotency,11,4,2,5,21,0.8,0.3,5,2,0,1,8,49,429140,116091,5801113,143624,887064,398,109568,685725,334,0,0,0,8,92101,521613,2772496,passed,11,1,10,1
idempotency-accuracy,1624,1625,idempotency,10,3,2,4,16,0.8,0.3,5,2,0,1,1,1,362349,100000,4996883,139,207,1,141,210,0,0,0,0,1,156,362538,979580,passed,10,0,1,0
idempotency-accuracy,1625,1626,idempotency,15,5,2,3,26,0.8,0.3,5,2,0,1,12,112,408290,114792,5735725,359648,2557726,941,287215,1976987,876,0,0,0,12,227379,636418,20476080,passed,15,1,16,1
idempotency-accuracy,1626,1627,idempotency,24,5,4,5,26,0.8,0.3,5,2,0,1,1,1,354500,100000,5002371,279,417,10,283,422,0,0,0,0,1,212,354748,2247450,passed,24,0,1,0
idempotency-accuracy,1627,1628,idempotency,11,3,3,4,16,0.8,0.3,5,2,0,1,1,1,364916,100000,5010627,141,210,2,143,213,0,0,0,0,1,144,365103,1030455,passed,11,0,1,0
idempotency-accuracy,1628,1629,idempotency,14,5,4,2,26,0.8,0.3,5,2,0,1,1,1,356748,100000,4995097,123,183,0,127,188,0,0,0,0,1,113,356900,1281555,passed,14,0,1,0
idempotency-accuracy,1629,1630,idempotency,11,4,4,3,21,0.8,0.3,5,2,0,1,1,1,353774,100000,4994581,143,213,2,146,217,0,0,0,0,1,124,353926,1045064,passed,11,0,1,0
idempotency-accuracy,1630,1631,idempotency,21,4,4,3,21,0.8,0.3,5,2,0,1,1,1,354489,100000,4986435,143,213,1,146,217,0,0,0,0,1,140,354663,1341441,passed,21,0,1,0
idempotency-accuracy,1631,1632,idempotency,24,4,2,5,21,0.8,0.3,5,2,0,1,5,28,606258,167829,8402933,57642,254395,192,52092,233862,200,0,0,0,5,38358,644952,10009254,passed,24,1,8,1
idempotency-accuracy,1632,1633,idempotency,16,5,4,4,26,0.8,0.3,5,2,0,1,11,78,449956,126214,6309045,332432,2293673,786,273548,1881042,944,0,0,0,11,212497,663088,17622038,passed,16,1,12,1
idempotency-accuracy,1633,1634,idempotency,24,3,3,2,16,0.8,0.3,5,2,0,1,10,116,919368,258479,12934415,242270,2715421,778,208907,2456586,723,0,0,0,10,177163,1097498,16256323,validation_failed,24,2,20,2
idempotency-accuracy,1634,1635,idempotency,20,2,4,2,11,0.8,0.3,5,2,0,1,4,17,386715,106051,5310806,6222,33340,2,5433,29803,10,0,0,0,4,4101,390965,1154350,passed,20,1,6,1
idempotency-accuracy,1635,1636,idempotency,23,4,3,3,21,0.8,0.3,5,2,0,1,9,61,494983,135263,6742947,109993,498468,274,98972,447187,252,0,0,0,9,71282,566786,12392410,passed,23,3,11,2
idempotency-accuracy,1636,1637,idempotency,24,2,3,3,11,0.8,0.3,5,2,0,1,10,85,732472,199237,9957710,99188,520886,516,92625,483714,652,0,0,0,10,70833,803969,2715997,passed,24,2,14,2
idempotency-accuracy,1637,1638,idempotency,15,2,5,4,11,0.8,0.3,5,2,0,1,12,102,863389,238562,11907121,175928,852628,691,168466,809402,850,0,0,0,12,119030,983202,1578062,passed,15,1,14,1
idempotency-accuracy,1638,1639,idempotency,12,4,5,4,21,0.8,0.3,5,2,0,1,4,20,374883,104606,5222771,28511,105868,48,25567,96368,101,0,0,0,4,17569,392592,2097725,passed,12,1,7,1
idempotency-accuracy,1639,1640,idempotency,12,4,2,2,21,0.8,0.3,5,2,0,1,1,1,360066,100000,4990831,97,144,1,100,148,0,0,0,0,1,93,360195,1085459,passed,12,0,1,0
idempotency-accuracy,1640,1641,idempotency,12,5,2,4,26,0.8,0.3,5,2,0,1,1,1,358622,100000,5003197,223,333,2,227,338,9,0,0,0,1,181,358841,1223827,passed,12,0,1,0
idempotency-accuracy,1641,1642,idempotency,23,3,2,3,16,0.8,0.3,5,2,0,1,11,107,803877,223189,11150845,203396,1271056,516,158585,977584,533,0,0,0,11,129303,934121,6226090,validation_failed,23,1,18,1
idempotency-accuracy,1642,1643,idempotency,15,3,4,4,16,0.8,0.3,5,2,0,1,7,40,567127,156356,7799247,57483,234530,188,40889,170517,172,0,0,0,7,33723,601154,2045265,passed,15,2,9,2
idempotency-accuracy,1643,1644,idempotency,22,2,4,2,11,0.8,0.3,5,2,0,1,8,53,711649,196164,9806814,35720,239957,152,31428,213772,189,0,0,0,8,23890,735983,2026413,validation_failed,22,2,12,2
idempotency-accuracy,1644,1645,idempotency,17,3,4,3,16,0.8,0.3,5,2,0,1,10,75,525030,144558,7230384,123189,665769,705,111223,615699,676,0,0,0,10,84367,610083,3641855,passed,17,2,13,2
idempotency-accuracy,1645,1646,idempotency,11,3,5,3,16,0.8,0.3,5,2,0,1,1,1,359689,100000,4992534,113,168,2,115,171,0,0,0,0,1,107,359856,1004689,passed,11,0,1,0
idempotency-accuracy,1646,1647,idempotency,12,4,2,3,21,0.8,0.3,5,2,0,1,1,1,359616,100000,4999206,139,207,2,142,211,0,0,0,0,1,142,359796,1055196,passed,12,0,1,0
idempotency-accuracy,1647,1648,idempotency,20,5,4,5,26,0.8,0.3,5,2,0,1,1,1,362300,100000,4985023,279,417,2,283,422,9,0,0,0,1,214,362553,1865336,passed,20,0,1,0
idempotency-accuracy,1648,1649,idempotency,18,2,5,3,11,0.8,0.3,5,2,0,1,1,1,375196,100000,4987185,81,120,1,82,122,0,0,0,0,1,90,375325,967646,passed,18,0,1,0
idempotency-accuracy,1649,1650,idempotency,18,5,2,5,26,0.8,0.3,5,2,0,1,1,1,354949,100000,5002844,275,411,2,279,416,0,0,0,0,1,209,355189,1562351,passed,18,0,1,0
idempotency-accuracy,1650,1651,idempotency,20,5,3,4,26,0.8,0.3,5,2,0,1,10,102,408617,114345,5696747,381509,2079885,1020,351542,1944999,973,0,0,0,10,251171,660430,42563962,passed,20,1,15,1
idempotency-accuracy,1651,1652,idempotency,21,3,3,4,16,0.8,0.3,5,2,0,1,9,65,699766,187380,9366554,157930,1067849,721,122688,795364,555,0,0,0,9,103192,803631,4739215,validation_failed,21,1,12,1
idempotency-accuracy,1652,1653,idempotency,16,2,5,2,11,0.8,0.3,5,2,0,1,7,40,477243,129616,6480412,24529,219137,115,18116,157976,83,0,0,0,7,17028,494579,1249124,passed,16,1,9,1
idempotency-accuracy,1653,1654,idempotency,23,4,3,5,21,0.8,0.3,5,2,0,1,11,130,609277,167169,8351233,759328,4562832,2567,644163,3930461,2313,0,0,0,11,507826,1117976,73024998,validation_failed,23,2,20,2
idempotency-accuracy,1654,1655,idempotency,14,5,2,4,26,0.8,0.3,5,2,0,1,9,73,914905,254541,12713050,277824,1478723,792,222805,1188391,669,0,0,0,9,172727,1088155,9866455,passed,14,2,14,2
idempotency-accuracy,1655,1656,idempotency,21,5,4,3,26,0.8,0.3,5,2,0,1,13,167,832077,232080,11615621,623838,3837199,1653,578723,3579502,1936,0,0,0,13,413028,1246214,69739047,validation_failed,21,1,20,1
idempotency-accuracy,1656,1657,idempotency,17,3,5,2,16,0.8,0.3,5,2,0,1,1,1,357556,100000,5008121,81,120,2,83,123,0,0,0,0,1,111,357712,1031134,passed,17,0,1,0
idempotency-accuracy,1657,1658,idempotency,10,3,4,3,16,0.8,0.3,5,2,0,1,1,1,365499,100000,5024494,111,165,2,113,168,0,0,0,0,1,123,365664,991148,passed,10,0,1,0
idempotency-accuracy,1658,1659,idempotency,15,4,3,3,21,0.8,0.3,5,2,0,1,10,86,493622,134955,6750719,257380,1182072,767,188012,865441,709,0,0,0,10,154889,649045,7995780,passed,15,3,14,3
idempotency-accuracy,1659,1660,idempotency,14,3,4,3,16,0.8,0.3,5,2,0,1,10,74,519719,142223,7107092,145170,982689,683,127142,804366,809,0,0,0,10,100613,620980,2368685,passed,14,1,12,1
idempotency-accuracy,1660,1661,idempotency,20,3,5,4,16,0.8,0.3,5,2,0,1,7,38,383153,102982,5141151,73503,326851,608,60957,281771,692,0,0,0,7,46954,430488,3015098,passed,20,1,9,1
idempotency-accuracy,1661,1662,idempotency,13,5,4,3,26,0.8,0.3,5,2,0,1,1,1,358217,100000,5011227,175,261,0,179,266,0,0,0,0,1,141,358396,1295314,passed,13,0,1,0
idempotency-accuracy,1662,1663,idempotency,13,2,4,5,11,0.8,0.3,5,2,0,1,1,1,381933,100000,5007079,123,183,2,124,185,0,0,0,0,1,110,382079,971407,passed,13,0,1,0
idempotency-accuracy,1663,1664,idempotency,18,4,3,5,21,0.8,0.3,5,2,0,1,11,98,576297,158163,7913360,337196,2202604,2190,311291,2069051,2349,0,0,0,11,240090,817322,13172100,validation_failed,18,1,14,1
idempotency-accuracy,1664,1665,idempotency,13,5,3,3,26,0.8,0.3,5,2,0,1,1,1,355950,100000,5003702,173,258,26,177,263,0,0,0,0,1,166,356149,1285002,passed,13,0,1,0
idempotency-accuracy,1665,1666,idempotency,14,5,3,2,26,0.8,0.3,5,2,0,1,1,1,354752,100000,4994828,121,180,1,125,185,0,0,0,0,1,111,354903,1280567,passed,14,0,1,0
idempotency-accuracy,1666,1667,idempotency,24,5,4,4,26,0.8,0.3,5,2,0,1,7,38,379655,103010,5147689,105187,855057,383,79371,653219,340,0,0,0,7,70656,450722,33133325,passed,24,1,9,1
idempotency-accuracy,1667,1668,idempotency,21,4,2,5,21,0.8,0.3,5,2,0,1,8,45,410828,113828,5700886,111207,803428,324,86997,641664,338,0,0,0,8,75464,486763,6051782,passed,21,2,9,2
idempotency-accuracy,1668,1669,idempotency,18,3,4,4,16,0.8,0.3,5,2,0,1,1,1,355352,100000,4984710,143,213,0,145,216,0,0,0,0,1,125,355508,1064559,passed,18,0,1,0
idempotency-accuracy,1669,1670,idempotency,12,2,5,3,11,0.8,0.3,5,2,0,1,9,63,393326,110895,5548013,69733,354115,198,62968,324266,260,0,0,0,9,45785,439562,1198474,passed,12,1,11,1
idempotency-accuracy,1670,1671,idempotency,19,2,3,5,11,0.8,0.3,5,2,0,1,8,50,482531,135580,6781882,83138,356612,192,72451,318491,234,0,0,0,8,51395,534404,1533784,passed,19,1,10,1
idempotency-accuracy,1671,1672,idempotency,21,2,3,5,11,0.8,0.3,5,2,0,1,13,139,868593,231451,11582451,328102,1932718,1008,261167,1554743,1041,0,0,0,13,222615,1092204,2631788,passed,21,2,18,2
idempotency-accuracy,1672,1673,idempotency,17,4,4,4,21,0.8,0.3,5,2,0,1,7,47,559376,155613,7758264,85024,465499,248,76256,425145,210,0,0,0,7,55934,615809,4455853,passed,17,1,10,1
idempotency-accuracy,1673,1674,idempotency,21,5,5,2,26,0.8,0.3,5,2,0,1,10,93,514073,139322,6960799,298830,1201965,806,274283,1117683,624,0,0,0,10,186656,701378,41318195,validation_failed,21,1,16,1
idempotency-accuracy,1674,1675,idempotency,16,4,4,4,21,0.8,0.3,5,2,0,1,11,82,781863,218064,10901722,219668,1113183,521,179253,921785,516,0,0,0,11,137744,920308,5105206,validation_failed,16,1,12,1
idempotency-accuracy,1675,1676,idempotency,22,2,5,3,11,0.8,0.3,5,2,0,1,8,64,394148,109893,5500125,69543,386434,190,63654,357902,202,0,0,0,8,45357,439909,2179300,passed,22,1,13,1
idempotency-accuracy,1676,1677,idempotency,17,3,3,3,16,0.8,0.3,5,2,0,1,1,1,353032,100000,4982689,109,162,1,111,165,0,0,0,0,1,108,353178,1021587,passed,17,0,1,0
idempotency-accuracy,1677,1678,idempotency,17,3,2,5,16,0.8,0.3,5,2,0,1,12,100,655228,183757,9189828,339364,2616152,945,266897,2082989,947,0,0,0,12,223689,879768,4228031,passed,17,1,14,1
idempotency-accuracy,1678,1679,idempotency,17,4,3,5,21,0.8,0.3,5,2,0,1,1,1,362635,100000,4979252,225,336,2,228,340,0,0,0,0,1,219,362898,1214119,passed,17,0,1,0
idempotency-accuracy,1679,1680,idempotency,17,4,3,3,21,0.8,0.3,5,2,0,1,11,104,488375,135614,6789354,301968,2178183,868,240899,1747845,923,0,0,0,11,198393,687481,12880747,validation_failed,17,1,16,1
idempotency-accuracy,1680,1681,idempotency,10,5,3,5,26,0.8,0.3,5,2,0,1,6,27,597827,166943,8358413,59075,566635,162,43032,393076,210,0,0,0,6,40498,638594,2724698,passed,10,1,7,1
idempotency-accuracy,1681,1682,idempotency,12,3,4,5,16,0.8,0.3,5,2,0,1,4,16,362115,102273,5106165,16876,133018,35,11642,94329,243,0,0,0,4,10951,373226,1389542,passed,12,1,6,1
idempotency-accuracy,1682,1683,idempotency,10,5,3,5,26,0.8,0.3,5,2,0,1,4,23,384472,107894,5380342,51568,222588,112,46233,202976,163,0,0,0,4,32262,416938,3272092,passed,10,1,8,1
idempotency-accuracy,1683,1684,idempotency,22,2,2,5,11,0.8,0.3,5,2,0,1,3,10,385426,109071,5450597,5825,19648,27,3813,13149,6,0,0,0,3,3280,388792,1224534,passed,22,1,5,1
idempotency-accuracy,1684,1685,idempotency,22,5,4,3,26,0.8,0.3,5,2,0,1,12,163,575198,161463,8055045,701883,3716112,1853,548765,2830705,1562,0,0,0,12,423467,999386,108239054,passed,22,1,23,1
idempotency-accuracy,1685,1686,idempotency,16,3,3,3,16,0.8,0.3,5,2,0,1,11,83,582302,161350,8068108,140140,1003931,366,118522,875653,396,0,0,0,11,92034,675047,2471742,validation_failed,16,1,14,1
idempotency-accuracy,1686,1687,idempotency,16,3,5,2,16,0.8,0.3,5,2,0,1,1,1,362825,100000,4999988,81,120,2,83,123,0,0,0,0,1,115,362983,1024766,passed,16,0,1,0
idempotency-accuracy,1687,1688,idempotency,10,2,5,3,11,0.8,0.3,5,2,0,1,1,1,356857,100000,5010873,81,120,1,82,122,0,0,0,0,1,87,356981,971509,passed,10,0,1,0
idempotency-accuracy,1688,1689,idempotency,24,5,2,4,26,0.8,0.3,5,2,0,1,12,128,439482,121932,6109297,571672,2868777,1444,530254,2673867,1585,0,0,0,12,377286,817509,106848336,passed,24,2,18,2
idempotency-accuracy,1689,1690,idempotency,20,4,5,4,21,0.8,0.3,5,2,0,1,12,113,906568,251818,12594191,611545,5020355,1613,481706,3894687,1873,0,0,0,12,405486,1312893,26384175,passed,20,3,17,3
idempotency-accuracy,1690,1691,idempotency,11,5,4,5,26,0.8,0.3,5,2,0,1,1,1,355880,100000,5011851,279,417,1,283,422,0,0,0,0,1,218,356125,1219313,passed,11,0,1,0
idempotency-accuracy,1691,1692,idempotency,20,2,4,3,11,0.8,0.3,5,2,0,1,7,56,367047,102362,5101298,63028,569974,93,54625,519835,172,0,0,0,7,43472,410905,2263287,passed,20,1,14,1
idempotency-accuracy,1692,1693,idempotency,11,2,3,2,11,0.8,0.3,5,2,0,1,5,25,599837,167246,8360643,10606,63632,42,7269,44782,29,0,0,0,5,6393,606413,1039438,validation_failed,11,2,8,2
idempotency-accuracy,1693,1694,idempotency,19,2,4,2,11,0.8,0.3,5,2,0,1,6,44,375401,105531,5270528,27849,127414,80,24818,114958,67,0,0,0,6,17073,392734,1398552,passed,19,1,11,1
idempotency-accuracy,1694,1695,idempotency,23,4,4,5,21,0.8,0.3,5,2,0,1,1,1,357260,100000,5002880,227,339,2,230,343,0,0,0,0,1,193,357492,1476645,passed,23,0,1,0
idempotency-accuracy,1695,1696,idempotency,23,4,4,3,21,0.8,0.3,5,2,0,1,1,1,357208,100000,5015615,143,213,1,146,217,0,0,0,0,1,120,357363,1423951,passed,23,0,1,0
idempotency-accuracy,1696,1697,idempotency,16,3,4,4,16,0.8,0.3,5,2,0,1,11,88,991500,277182,13891140,277220,1453578,728,235204,1223150,683,0,0,0,11,173921,1166112,3656211,validation_failed,16,1,14,1
idempotency-accuracy,1697,1698,idempotency,11,4,4,4,21,0.8,0.3,5,2,0,1,1,1,370135,100000,4993411,185,276,2,188,280,0,0,0,0,1,148,370322,1062614,passed,11,0,1,0
idempotency-accuracy,1698,1699,idempotency,14,5,5,2,26,0.8,0.3,5,2,0,1,11,89,466048,128379,6404029,232544,1671713,809,184565,1323992,867,0,0,0,11,161758,628652,12858788,passed,14,1,14,1
idempotency-accuracy,1699,1700,idempotency,19,5,5,2,26,0.8,0.3,5,2,0,1,1,1,354179,100000,4990333,125,186,2,129,191,0,0,0,0,1,116,354327,1577909,passed,19,0,1,0
idempotency-accuracy,1700,1701,idempotency,24,2,4,4,11,0.8,0.3,5,2,0,1,10,91,695633,192837,9628752,234413,1340569,682,190174,1038274,747,0,0,0,10,147578,843905,4654759,validation_failed,24,1,17,1
idempotency-accuracy,1701,1702,idempotency,23,2,3,4,11,0.8,0.3,5,2,0,1,1,1,358743,100000,4984846,99,147,2,100,149,0,0,0,0,1,114,358891,1000153,passed,23,0,1,0
idempotency-accuracy,1702,1703,idempotency,21,4,4,4,21,0.8,0.3,5,2,0,1,12,148,504696,141086,7025637,541529,2753188,1533,497743,2537090,1424,0,0,0,12,353693,859251,33914867,passed,21,1,21,1
idempotency-accuracy,1703,1704,idempotency,15,5,3,2,26,0.8,0.3,5,2,0,1,1,1,356302,100000,5004518,121,180,1,125,185,0,0,0,0,1,110,356448,1313725,passed,15,0,1,0
idempotency-accuracy,1704,1705,idempotency,17,3,5,5,16,0.8,0.3,5,2,0,1,7,44,690103,193257,9676760,91266,577526,276,75683,493558,188,0,0,0,7,59868,750386,2572466,validation_failed,17,2,10,2
idempotency-accuracy,1705,1706,idempotency,20,3,4,4,16,0.8,0.3,5,2,0,1,13,155,519915,145667,7291280,411766,2611981,1122,383445,2461871,1260,0,0,0,13,272329,793307,7288070,passed,20,1,20,1
idempotency-accuracy,1706,1707,idempotency,14,2,5,3,11,0.8,0.3,5,2,0,1,5,23,584035,164083,8205422,14595,51788,43,10704,38701,66,0,0,0,5,8394,592595,1072041,passed,14,1,7,1
idempotency-accuracy,1707,1708,idempotency,11,4,4,4,21,0.8,0.3,5,2,0,1,1,1,367609,100000,4985987,185,276,1,188,280,0,0,0,0,1,160,367799,1056960,passed,11,0,1,0
idempotency-accuracy,1708,1709,idempotency,20,3,2,2,16,0.8,0.3,5,2,0,1,1,1,357314,100000,4999133,75,111,2,77,114,0,0,0,0,1,84,357433,1025133,passed,20,0,1,0
idempotency-accuracy,1709,1710,idempotency,14,3,3,3,16,0.8,0.3,5,2,0,1,5,22,497497,136931,6861029,19521,100167,25,14737,75807,37,0,0,0,5,12077,509776,1494033,passed,14,1,7,1
idempotency-accuracy,1710,1711,idempotency,24,5,3,5,26,0.8,0.3,5,2,0,1,1,1,370876,100000,5008472,277,414,2,281,419,0,0,0,0,1,327,371242,2178260,passed,24,0,1,0
idempotency-accuracy,1711,1712,idempotency,17,5,4,3,26,0.8,0.3,5,2,0,1,8,55,365396,102237,5128155,143652,678747,268,105762,501960,358,0,0,0,8,84831,450664,16596839,passed,17,1,12,1
idempotency-accuracy,1712,1713,idempotency,16,5,3,4,26,0.8,0.3,5,2,0,1,13,125,608453,170485,8507163,650745,6519096,2245,546876,5580930,2333,0,0,0,13,468563,1078227,23404829,passed,16,1,17,1
idempotency-accuracy,1713,1714,idempotency,12,4,4,3,21,0.8,0.3,5,2,0,1,1,1,359360,100000,4983102,143,213,1,146,217,0,0,0,0,1,125,359522,1110475,passed,12,0,1,0
idempotency-accuracy,1714,1715,idempotency,15,2,3,3,11,0.8,0.3,5,2,0,1,9,61,475036,125432,6277789,64841,354723,244,47836,266798,168,0,0,0,9,41116,516619,1310846,passed,15,2,11,2
idempotency-accuracy,1715,1716,idempotency,23,5,4,2,26,0.8,0.3,5,2,0,1,14,166,635283,175598,8771063,715787,4722964,1784,592218,3857865,2287,0,0,0,14,473486,1110256,99223691,validation_failed,23,1,21,1
idempotency-accuracy,1716,1717,idempotency,19,3,3,5,16,0.8,0.3,5,2,0,1,11,105,1065924,299572,14972384,363788,3375176,1132,321831,3037937,1182,0,0,0,11,260922,1327844,6344210,passed,19,2,16,2
idempotency-accuracy,1717,1718,idempotency,14,4,5,4,21,0.8,0.3,5,2,0,1,1,1,372137,100000,5008551,187,279,2,190,283,0,0,0,0,1,154,372336,1142541,passed,14,0,1,0
idempotency-accuracy,1718,1719,idempotency,14,4,5,3,21,0.8,0.3,5,2,0,1,7,44,400169,109615,5458111,81094,428590,301,59367,315626,291,0,0,0,7,48877,449308,3950933,passed,14,1,10,1
idempotency-accuracy,1719,1720,idempotency,18,5,2,4,26,0.8,0.3,5,2,0,1,1,1,363742,100000,5016618,223,333,2,227,338,0,0,0,0,1,171,363950,1547225,passed,18,0,1,0
idempotency-accuracy,1720,1721,idempotency,17,3,2,5,16,0.8,0.3,5,2,0,1,6,35,398103,111740,5582634,68784,348069,189,53945,272359,168,0,0,0,6,41792,440174,2822221,validation_failed,17,1,10,1
idempotency-accuracy,1721,1722,idempotency,14,2,4,3,11,0.8,0.3,5,2,0,1,1,1,354644,100000,5003269,79,117,2,80,119,0,0,0,0,1,88,354769,980315,passed,14,0,1,0
idempotency-accuracy,1722,1723,idempotency,11,2,4,3,11,0.8,0.3,5,2,0,1,1,1,353399,100000,4994867,79,117,3,80,119,0,0,0,0,1,114,353557,964065,passed,11,0,1,0
idempotency-accuracy,1723,1724,idempotency,10,3,5,2,16,0.8,0.3,5,2,0,1,3,11,367877,102386,5117273,4873,15292,20,4306,13567,6,0,0,0,3,3045,371010,1101988,passed,10,1,5,1
idempotency-accuracy,1724,1725,idempotency,13,4,3,2,21,0.8,0.3,5,2,0,1,1,1,356323,100000,5005596,99,147,2,102,151,0,0,0,0,1,101,356466,1069159,passed,13,0,1,0
idempotency-accuracy,1725,1726,idempotency,18,4,3,3,21,0.8,0.3,5,2,0,1,8,42,373007,104817,5225481,76820,544043,215,66088,485331,205,0,0,0,8,51071,424531,4528516,passed,18,1,8,1
idempotency-accuracy,1726,1727,idempotency,18,4,3,4,21,0.8,0.3,5,2,0,1,1,1,354332,100000,5000537,183,273,2,186,277,0,0,0,0,1,156,354525,1216306,passed,18,0,1,0
idempotency-accuracy,1727,1728,idempotency,14,4,2,3,21,0.8,0.3,5,2,0,1,8,66,374909,106316,5306272,126056,496352,285,116184,467149,324,0,0,0,8,81324,456890,5561116,passed,14,1,12,1
idempotency-accuracy,1728,1729,idempotency,21,4,5,3,21,0.8,0.3,5,2,0,1,6,27,465719,129735,6484317,32473,190097,122,22754,131866,125,0,0,0,6,19455,485460,7019751,passed,21,2,7,2
idempotency-accuracy,1729,1730,idempotency,16,2,4,2,11,0.8,0.3,5,2,0,1,11,87,573407,160571,8017778,100288,534159,321,91717,489329,251,0,0,0,11,64277,638390,1585153,passed,16,1,14,1
idempotency-accuracy,1730,1731,idempotency,16,3,2,5,16,0.8,0.3,5,2,0,1,1,1,356800,100000,5001265,171,255,2,173,258,0,0,0,0,1,143,356981,1035925,passed,16,0,1,0
idempotency-accuracy,1731,1732,idempotency,13,3,2,4,16,0.8,0.3,5,2,0,1,8,52,696224,192379,9619737,93822,657722,319,69682,505154,345,0,0,0,8,60560,757187,2120081,passed,13,3,12,3
idempotency-accuracy,1732,1733,idempotency,21,5,2,2,26,0.8,0.3,5,2,0,1,1,1,358882,100000,5006912,119,177,2,123,182,0,0,0,0,1,129,359049,1746305,passed,21,0,1,0
idempotency-accuracy,1733,1734,idempotency,17,4,2,3,21,0.8,0.3,5,2,0,1,1,1,358760,100000,4993738,139,207,1,142,211,0,0,0,0,1,123,358920,1182162,passed,17,0,1,0
idempotency-accuracy,1734,1735,idempotency,12,2,5,4,11,0.8,0.3,5,2,0,1,3,11,360552,102172,5095891,5879,35719,52,4965,31402,7,0,0,0,3,3903,364625,998668,passed,12,1,5,1
idempotency-accuracy,1735,1736,idempotency,23,5,3,4,26,0.8,0.3,5,2,0,1,6,31,404186,112817,5660206,66145,322731,120,55041,258600,203,0,0,0,6,41716,446102,21244025,passed,23,3,9,3
idempotency-accuracy,1736,1737,idempotency,15,2,5,4,11,0.8,0.3,5,2,0,1,10,86,656463,182250,9106593,148890,622446,370,107223,450853,356,0,0,0,10,85501,742489,1528489,passed,15,2,14,2
idempotency-accuracy,1737,1738,idempotency,14,5,3,3,26,0.8,0.3,5,2,0,1,12,107,554516,154640,7726782,333049,2403768,1006,272106,2040618,841,0,0,0,12,222560,777903,13265374,passed,14,2,15,2
idempotency-accuracy,1738,1739,idempotency,12,3,4,4,16,0.8,0.3,5,2,0,1,1,1,356413,100000,5003204,143,213,2,145,216,0,0,0,0,1,138,356591,1004195,passed,12,0,1,0
idempotency-accuracy,1739,1740,idempotency,21,2,5,2,11,0.8,0.3,5,2,0,1,8,67,467251,130948,6573416,48489,254401,148,34600,184270,70,0,0,0,8,28216,495867,1869427,passed,21,3,13,3
idempotency-accuracy,1740,1741,idempotency,13,5,5,3,26,0.8,0.3,5,2,0,1,1,1,355075,100000,4998455,177,264,2,181,269,0,0,0,0,1,146,355259,1240371,passed,13,0,1,0
idempotency-accuracy,1741,1742,idempotency,24,2,3,4,11,0.8,0.3,5,2,0,1,12,107,877601,234063,11697037,187225,1101678,492,142210,865824,486,0,0,0,12,117775,996084,3238713,passed,24,5,15,5
idempotency-accuracy,1742,1743,idempotency,13,3,3,3,16,0.8,0.3,5,2,0,1,1,1,365804,100000,5012843,109,162,1,111,165,0,0,0,0,1,106,365948,1008032,passed,13,0,1,0
idempotency-accuracy,1743,1744,idempotency,17,2,5,4,11,0.8,0.3,5,2,0,1,7,40,439186,117612,5880426,45348,228763,129,33212,172114,95,0,0,0,7,26648,466093,1404310,passed,17,1,10,1
idempotency-accuracy,1744,1745,idempotency,23,3,2,3,16,0.8,0.3,5,2,0,1,1,1,358624,100000,5008724,107,159,1,109,162,0,0,0,0,1,104,358767,1079913,passed,23,0,1,0
idempotency-accuracy,1745,1746,idempotency,10,4,3,3,21,0.8,0.3,5,2,0,1,1,1,356261,100000,4987961,141,210,2,144,214,0,0,0,0,1,125,356422,1031036,passed,10,0,1,0
idempotency-accuracy,1746,1747,idempotency,15,3,5,2,16,0.8,0.3,5,2,0,1,1,1,367018,100000,5003011,81,120,2,83,123,0,0,0,0,1,104,367167,1017828,passed,15,0,1,0
idempotency-accuracy,1747,1748,idempotency,20,2,5,2,11,0.8,0.3,5,2,0,1,5,20,372743,101184,5074710,7100,37595,12,5153,28862,25,0,0,0,5,4225,377122,1154931,passed,20,2,6,2
idempotency-accuracy,1748,1749,idempotency,18,4,5,4,21,0.8,0.3,5,2,0,1,9,66,547246,153517,7679201,270317,2868458,1038,219117,2110313,748,0,0,0,9,191019,738937,14496107,validation_failed,18,1,13,1
idempotency-accuracy,1749,1750,idempotency,15,4,5,2,21,0.8,0.3,5,2,0,1,1,1,357498,100000,4994245,103,153,2,106,157,0,0,0,0,1,105,357640,1138646,passed,15,0,1,0
idempotency-accuracy,1750,1751,idempotency,23,3,4,2,16,0.8,0.3,5,2,0,1,1,1,366442,100000,5002551,79,117,2,81,120,0,0,0,0,1,93,366575,1100428,passed,23,0,1,0
idempotency-accuracy,1751,1752,idempotency,17,3,5,5,16,0.8,0.3,5,2,0,1,1,1,355672,100000,4994747,177,264,2,179,267,0,0,0,0,1,156,355867,1039250,passed,17,0,1,0
idempotency-accuracy,1752,1753,idempotency,22,4,4,2,21,0.8,0.3,5,2,0,1,1,1,375307,100000,5007127,101,150,2,104,154,0,0,0,0,1,100,375449,1346575,passed,22,0,1,0
idempotency-accuracy,1753,1754,idempotency,11,5,5,5,26,0.8,0.3,5,2,0,1,1,1,358698,100000,5008304,281,420,1,285,425,0,0,0,0,1,226,358963,1206666,passed,11,0,1,0
idempotency-accuracy,1754,1755,idempotency,17,4,2,3,21,0.8,0.3,5,2,0,1,1,1,366002,100000,4993336,139,207,1,142,211,0,0,0,0,1,124,366168,1175302,passed,17,0,1,0
idempotency-accuracy,1755,1756,idempotency,24,5,4,2,26,0.8,0.3,5,2,0,1,1,1,365249,100000,4988271,123,183,1,127,188,0,0,0,0,1,114,365404,1973552,passed,24,0,1,0
idempotency-accuracy,1756,1757,idempotency,15,2,2,2,11,0.8,0.3,5,2,0,1,1,1,358241,100000,4985377,53,78,2,54,80,0,0,0,0,1,73,358354,997789,passed,15,0,1,0
idempotency-accuracy,1757,1758,idempotency,10,3,2,3,16,0.8,0.3,5,2,0,1,4,16,362693,100951,5034285,11696,61172,45,8294,43927,19,0,0,0,4,7039,369887,1125191,passed,10,1,6,1
idempotency-accuracy,1758,1759,idempotency,12,4,5,3,21,0.8,0.3,5,2,0,1,1,1,375394,100000,5007459,145,216,2,148,220,0,0,0,0,1,172,375608,1077352,passed,12,0,1,0
idempotency-accuracy,1759,1760,idempotency,14,4,3,2,21,0.8,0.3,5,2,0,1,1,1,387082,100000,4993324,99,147,3,102,151,0,0,0,0,1,126,387250,1165923,passed,14,0,1,0
idempotency-accuracy,1760,1761,idempotency,16,5,2,3,26,0.8,0.3,5,2,0,1,1,1,370894,100000,5001645,171,255,2,175,260,0,0,0,0,1,151,371085,1491352,passed,16,0,1,0
idempotency-accuracy,1761,1762,idempotency,20,4,4,5,21,0.8,0.3,5,2,0,1,1,1,390721,100000,5003782,227,339,2,230,343,0,0,0,0,1,178,390942,1349906,passed,20,0,1,0
idempotency-accuracy,1762,1763,idempotency,24,5,4,4,26,0.8,0.3,5,2,0,1,13,165,628113,166473,8315984,1042797,6184726,2551,889974,5371045,3188,0,0,0,13,704001,1333504,141087930,validation_failed,24,1,21,1
idempotency-accuracy,1763,1764,idempotency,23,2,5,2,11,0.8,0.3,5,2,0,1,15,169,532757,149011,7449784,408443,2502394,1302,365130,2259376,1690,0,0,0,15,263436,797689,3724030,passed,23,1,21,1
idempotency-accuracy,1764,1765,idempotency,11,5,5,2,26,0.8,0.3,5,2,0,1,9,61,437009,121082,6065175,116361,815173,363,88596,619572,552,0,0,0,9,73422,510940,4473802,passed,11,1,11,1
idempotency-accuracy,1765,1766,idempotency,14,5,4,5,26,0.8,0.3,5,2,0,1,1,1,363834,100000,5015417,279,417,2,283,422,0,0,0,0,1,209,364080,1351160,passed,14,0,1,0
idempotency-accuracy,1766,1767,idempotency,16,3,2,2,16,0.8,0.3,5,2,0,1,1,1,356725,100000,5010768,75,111,2,77,114,4,0,0,0,1,104,356873,1001703,passed,16,0,1,0
idempotency-accuracy,1767,1768,idempotency,16,3,4,4,16,0.8,0.3,5,2,0,1,8,60,431012,119109,5957155,106312,371258,340,95154,334181,285,0,0,0,8,66370,497669,2684286,passed,16,2,12,2
idempotency-accuracy,1768,1769,idempotency,13,4,3,3,21,0.8,0.3,5,2,0,1,8,58,444862,123593,6178450,95707,553360,277,87137,515891,350,0,0,0,8,62904,508218,3469910,passed,13,1,11,1
idempotency-accuracy,1769,1770,idempotency,16,3,4,2,16,0.8,0.3,5,2,0,1,1,1,355128,100000,4992173,79,117,2,81,120,0,0,0,0,1,96,355264,1030917,passed,16,0,1,0
idempotency-accuracy,1770,1771,idempotency,18,3,2,5,16,0.8,0.3,5,2,0,1,1,1,354209,100000,5011424,171,255,3,173,258,0,0,0,0,1,153,354390,1029716,passed,18,0,1,0
idempotency-accuracy,1771,1772,idempotency,14,3,5,4,16,0.8,0.3,5,2,0,1,3,10,371162,104829,5234276,6851,151417,64,4617,101518,38,0,0,0,3,5641,377260,1438056,passed,14,1,5,1
idempotency-accuracy,1772,1773,idempotency,11,5,2,4,26,0.8,0.3,5,2,0,1,1,1,377391,100000,4986143,223,333,1,227,338,0,0,0,0,1,169,377609,1198731,passed,11,0,1,0
idempotency-accuracy,1773,1774,idempotency,13,2,3,4,11,0.8,0.3,5,2,0,1,1,1,364783,100000,5003620,99,147,2,100,149,0,0,0,0,1,120,364946,972105,passed,13,0,1,0
idempotency-accuracy,1774,1775,idempotency,11,4,5,3,21,0.8,0.3,5,2,0,1,1,1,361832,100000,4987799,145,216,2,148,220,0,0,0,0,1,126,361987,1051298,passed,11,0,1,0
idempotency-accuracy,1775,1776,idempotency,16,2,2,5,11,0.8,0.3,5,2,0,1,9,60,399944,109482,5463900,99802,570079,300,73541,398473,247,0,0,0,9,59930,460228,1452592,passed,16,4,12,4
idempotency-accuracy,1776,1777,idempotency,14,3,3,2,16,0.8,0.3,5,2,0,1,6,34,536018,145281,7257064,22445,104321,25,15575,82597,73,0,0,0,6,13107,549333,1530756,passed,14,4,9,4
idempotency-accuracy,1777,1778,idempotency,10,4,2,3,21,0.8,0.3,5,2,0,1,6,29,447879,124773,6228904,41458,321468,132,32640,250232,133,0,0,0,6,27952,476119,1701305,passed,10,1,8,1
idempotency-accuracy,1778,1779,idempotency,23,3,4,2,16,0.8,0.3,5,2,0,1,1,1,357025,100000,5008366,79,117,3,81,120,0,0,0,0,1,114,357179,1086560,passed,23,0,1,0
idempotency-accuracy,1779,1780,idempotency,13,2,5,2,11,0.8,0.3,5,2,0,1,1,1,356001,100000,5005112,59,87,2,60,89,0,0,0,0,1,90,356131,976695,passed,13,0,1,0
idempotency-accuracy,1780,1781,idempotency,19,4,3,3,21,0.8,0.3,5,2,0,1,5,20,543766,147818,7391257,19362,94391,47,17122,86685,50,0,0,0,5,12439,556420,2779349,passed,19,1,6,1
idempotency-accuracy,1781,1782,idempotency,17,4,5,5,21,0.8,0.3,5,2,0,1,11,94,408767,114718,5723416,452487,1917328,1249,392195,1700891,1311,0,0,0,11,292932,702235,14805875,passed,17,4,15,4
idempotency-accuracy,1782,1783,idempotency,22,4,4,3,21,0.8,0.3,5,2,0,1,12,124,452508,127495,6365437,328658,3021931,838,305145,2848814,922,0,0,0,12,230870,684441,30824865,validation_failed,22,1,18,1
idempotency-accuracy,1783,1784,idempotency,24,4,5,3,21,0.8,0.3,5,2,0,1,9,90,471881,130061,6495947,235832,2168569,845,167633,1526557,612,0,0,0,9,160153,632747,34243448,validation_failed,24,4,16,4
idempotency-accuracy,1784,1785,idempotency,21,3,5,3,16,0.8,0.3,5,2,0,1,1,1,356695,100000,5010950,113,168,0,115,171,0,0,0,0,1,106,356839,1097511,passed,21,0,1,0
idempotency-accuracy,1785,1786,idempotency,23,5,4,5,26,0.8,0.3,5,2,0,1,10,79,428236,119591,5971708,347106,1949513,869,288333,1585098,1033,0,0,0,10,215059,643837,43543154,passed,23,1,14,1
idempotency-accuracy,1786,1787,idempotency,10,5,2,5,26,0.8,0.3,5,2,0,1,1,1,361303,100000,4981170,275,411,2,279,416,0,0,0,0,1,205,361544,1153204,passed,10,0,1,0
idempotency-accuracy,1787,1788,idempotency,22,4,3,5,21,0.8,0.3,5,2,0,1,10,73,438653,120705,6046750,289280,3714419,1063,214302,2660370,914,0,0,0,10,214194,653427,22470469,validation_failed,22,2,12,2
idempotency-accuracy,1788,1789,idempotency,16,2,5,4,11,0.8,0.3,5,2,0,1,1,1,363370,100000,4994342,103,153,2,104,155,0,0,0,0,1,156,363568,993745,passed,16,0,1,0
idempotency-accuracy,1789,1790,idempotency,14,5,2,2,26,0.8,0.3,5,2,0,1,1,1,355933,100000,4997233,119,177,1,123,182,0,0,0,0,1,106,356075,1279173,passed,14,0,1,0
idempotency-accuracy,1790,1791,idempotency,20,5,4,4,26,0.8,0.3,5,2,0,1,1,1,354314,100000,5006873,227,339,2,231,344,0,0,0,0,1,180,354532,1783347,passed,20,0,1,0
idempotency-accuracy,1791,1792,idempotency,23,4,3,3,21,0.8,0.3,5,2,0,1,8,62,432213,120536,6019233,139764,974829,368,109157,787214,423,0,0,0,8,91478,524093,16929990,passed,23,2,14,2
idempotency-accuracy,1792,1793,idempotency,18,3,3,3,16,0.8,0.3,5,2,0,1,11,72,400041,111343,5556241,133273,625393,301,106866,508141,323,0,0,0,11,80393,480938,2978611,passed,18,1,11,1
idempotency-accuracy,1793,1794,idempotency,10,3,4,3,16,0.8,0.3,5,2,0,1,1,1,355176,100000,4986073,111,165,2,113,168,0,0,0,0,1,108,355322,981035,passed,10,0,1,0
idempotency-accuracy,1794,1795,idempotency,19,5,3,4,26,0.8,0.3,5,2,0,1,13,154,624168,173779,8668095,897214,7145323,2680,667715,5397027,2341,0,0,0,13,601907,1227211,62445924,passed,19,3,20,3
idempotency-accuracy,1795,1796,idempotency,20,4,3,2,21,0.8,0.3,5,2,0,1,12,127,938750,256790,12847654,266949,1907625,871,209837,1484462,901,0,0,0,12,171850,1112178,15501070,passed,20,2,17,2
idempotency-accuracy,1796,1797,idempotency,15,5,2,4,26,0.8,0.3,5,2,0,1,7,54,372382,104159,5194127,147640,918168,395,129520,772995,458,0,0,0,7,97364,470109,11049836,passed,15,3,12,3
idempotency-accuracy,1797,1798,idempotency,16,5,2,3,26,0.8,0.3,5,2,0,1,1,1,359312,100000,4987444,171,255,2,175,260,0,0,0,0,1,144,359496,1470093,passed,16,0,1,0
idempotency-accuracy,1798,1799,idempotency,12,4,4,2,21,0.8,0.3,5,2,0,1,1,1,366057,100000,4997641,101,150,1,104,154,0,0,0,0,1,123,366221,1059505,passed,12,0,1,0
idempotency-accuracy,1799,1800,idempotency,19,4,5,5,21,0.8,0.3,5,2,0,1,1,1,367258,100000,5005120,229,342,1,232,346,0,0,0,0,1,174,367475,1297419,passed,19,0,1,0
idempotency-accuracy,1800,1801,idempotency,14,4,5,4,21,0.8,0.3,5,2,0,1,7,70,399667,110331,5505071,169969,670196,521,146568,590786,585,0,0,0,7,109370,509489,6427512,passed,14,4,15,4
idempotency-accuracy,1801,1802,idempotency,19,2,5,4,11,0.8,0.3,5,2,0,1,6,31,445030,122358,6110101,35836,180881,79,30944,161935,144,0,0,0,6,23325,468672,1346295,passed,19,1,8,1
idempotency-accuracy,1802,1803,idempotency,19,4,4,5,21,0.8,0.3,5,2,0,1,13,103,705784,196085,9802733,383918,2811249,1037,328416,2453376,944,0,0,0,13,255006,961804,9819499,validation_failed,19,1,14,1
idempotency-accuracy,1803,1804,idempotency,13,4,5,5,21,0.8,0.3,5,2,0,1,7,47,394923,110065,5513846,155895,655655,472,128258,538691,453,0,0,0,7,93395,488633,4431773,passed,13,1,11,1
idempotency-accuracy,1804,1805,idempotency,15,3,5,4,16,0.8,0.3,5,2,0,1,1,1,362236,100000,5012778,145,216,1,147,219,0,0,0,0,1,167,362448,1028041,passed,15,0,1,0
idempotency-accuracy,1805,1806,idempotency,23,3,5,5,16,0.8,0.3,5,2,0,1,12,128,432820,114744,5736166,526245,3888158,2212,416996,3106786,2067,0,0,0,12,350939,784538,15313134,passed,23,3,17,3
idempotency-accuracy,1806,1807,idempotency,13,3,4,2,16,0.8,0.3,5,2,0,1,1,1,361246,100000,4980794,79,117,2,81,120,0,0,0,0,1,107,361389,995968,passed,13,0,1,0
idempotency-accuracy,1807,1808,idempotency,17,5,4,4,26,0.8,0.3,5,2,0,1,8,71,565684,156562,7825838,222901,1011456,677,204890,940256,697,0,0,0,8,141664,707787,21266130,passed,17,1,13,1
idempotency-accuracy,1808,1809,idempotency,23,5,5,2,26,0.8,0.3,5,2,0,1,10,131,666106,186424,9320222,354830,1695308,953,296982,1410763,871,0,0,0,10,216204,883034,106665179,validation_failed,23,1,22,1
idempotency-accuracy,1809,1810,idempotency,12,3,2,2,16,0.8,0.3,5,2,0,1,5,29,391379,107656,5386786,19025,108134,29,17338,101404,97,0,0,0,5,12385,404036,1440389,passed,12,2,9,1
idempotency-accuracy,1810,1811,idempotency,17,5,3,5,26,0.8,0.3,5,2,0,1,8,65,426744,115801,5795497,286335,2206204,838,228386,1750554,813,0,0,0,8,190533,617739,20071153,passed,17,2,13,1
idempotency-accuracy,1811,1812,idempotency,15,5,4,3,26,0.8,0.3,5,2,0,1,1,1,360278,100000,4984887,175,261,2,179,266,0,0,0,0,1,208,360528,1379371,passed,15,0,1,0
idempotency-accuracy,1812,1813,idempotency,11,5,4,5,26,0.8,0.3,5,2,0,1,1,1,357666,100000,4999023,279,417,1,283,422,0,0,0,0,1,205,357910,1206661,passed,11,0,1,0
idempotency-accuracy,1813,1814,idempotency,17,2,4,3,11,0.8,0.3,5,2,0,1,1,1,356733,100000,4995361,79,117,1,80,119,0,0,0,0,1,84,356850,982820,passed,17,0,1,0
idempotency-accuracy,1814,1815,idempotency,18,4,2,3,21,0.8,0.3,5,2,0,1,1,1,363046,100000,5000077,139,207,2,142,211,0,0,0,0,1,126,363211,1243591,passed,18,0,1,0
idempotency-accuracy,1815,1816,idempotency,10,4,4,2,21,0.8,0.3,5,2,0,1,1,1,360509,100000,5006796,101,150,1,104,154,0,0,0,0,1,106,360653,1042320,passed,10,0,1,0
idempotency-accuracy,1816,1817,idempotency,20,5,3,5,26,0.8,0.3,5,2,0,1,10,91,699868,194486,9693680,462156,3442026,1325,374588,2769731,1274,0,0,0,10,305701,1006274,47970589,validation_failed,20,2,16,2
idempotency-accuracy,1817,1818,idempotency,14,4,3,3,21,0.8,0.3,5,2,0,1,10,87,382827,107648,5379323,207802,1222427,433,148198,883430,542,0,0,0,10,125137,508492,6146466,passed,14,3,14,3
idempotency-accuracy,1818,1819,idempotency,14,5,4,2,26,0.8,0.3,5,2,0,1,7,57,620144,173747,8689008,93203,383854,238,88466,358540,361,0,0,0,7,58556,679087,10881647,validation_failed,14,1,13,1
idempotency-accuracy,1819,1820,idempotency,20,4,5,4,21,0.8,0.3,5,2,0,1,10,97,395703,109607,5490586,380122,2096268,998,289350,1625166,1198,0,0,0,10,233910,630193,20191037,passed,20,2,16,2
idempotency-accuracy,1820,1821,idempotency,15,2,5,2,11,0.8,0.3,5,2,0,1,6,36,369950,104016,5181977,25150,111699,85,20632,91047,61,0,0,0,6,15132,385404,1222804,passed,15,2,10,2
idempotency-accuracy,1821,1822,idempotency,12,2,3,2,11,0.8,0.3,5,2,0,1,1,1,365542,100000,5010288,55,81,4,56,83,0,0,0,0,1,81,365669,963369,passed,12,0,1,0
idempotency-accuracy,1822,1823,idempotency,10,3,4,4,16,0.8,0.3,5,2,0,1,1,1,355543,100000,5004504,143,213,1,145,216,0,0,0,0,1,128,355707,977121,passed,10,0,1,0
idempotency-accuracy,1823,1824,idempotency,12,4,5,5,21,0.8,0.3,5,2,0,1,1,1,358631,100000,4988170,229,342,2,232,346,0,0,0,0,1,191,358862,1092492,passed,12,0,1,0
idempotency-accuracy,1824,1825,idempotency,21,4,4,2,21,0.8,0.3,5,2,0,1,8,46,591096,165578,8280400,67466,341280,161,58480,291764,282,0,0,0,8,42023,633526,8510319,validation_failed,21,1,10,1
idempotency-accuracy,1825,1826,idempotency,13,5,5,5,26,0.8,0.3,5,2,0,1,1,1,354926,100000,5008351,281,420,2,285,425,0,0,0,0,1,230,355195,1297550,passed,13,0,1,0
idempotency-accuracy,1826,1827,idempotency,18,3,2,4,16,0.8,0.3,5,2,0,1,9,81,880832,242148,12137583,162021,1345182,641,147935,1238489,495,0,0,0,9,113217,994853,3648481,passed,18,1,15,1
idempotency-accuracy,1827,1828,idempotency,23,5,2,4,26,0.8,0.3,5,2,0,1,1,1,355171,100000,5000984,223,333,1,227,338,19,0,0,0,1,194,355403,2114266,passed,23,0,1,0
idempotency-accuracy,1828,1829,idempotency,21,3,4,3,16,0.8,0.3,5,2,0,1,11,111,445539,121372,6046475,292613,1493348,950,226335,1154983,840,0,0,0,11,177336,623612,10411732,passed,21,2,19,2
idempotency-accuracy,1829,1830,idempotency,18,3,4,5,16,0.8,0.3,5,2,0,1,1,1,426986,100000,5000104,175,261,2,177,264,0,0,0,0,1,163,427191,1066845,passed,18,0,1,0
idempotency-accuracy,1830,1831,idempotency,23,2,4,2,11,0.8,0.3,5,2,0,1,9,86,374659,103681,5190763,99889,588901,248,72774,436862,301,0,0,0,9,62552,437718,2929406,passed,23,2,17,2
idempotency-accuracy,1831,1832,idempotency,19,4,4,2,21,0.8,0.3,5,2,0,1,10,82,505552,139408,6985184,152615,926942,512,125037,764144,495,0,0,0,10,96096,602254,10039752,validation_failed,19,1,13,1
idempotency-accuracy,1832,1833,idempotency,24,4,2,3,21,0.8,0.3,5,2,0,1,14,133,586778,163090,8127954,423020,3753112,1465,338207,3063701,1454,0,0,0,14,294802,882722,30187641,validation_failed,24,2,16,1
idempotency-accuracy,1833,1834,idempotency,23,3,5,4,16,0.8,0.3,5,2,0,1,11,146,958815,265102,13261096,555969,3316414,1451,452972,2745080,1725,0,0,0,11,361013,1320805,14448847,passed,23,5,23,5
idempotency-accuracy,1834,1835,idempotency,15,2,5,5,11,0.8,0.3,5,2,0,1,6,29,415938,117802,5885371,37456,197375,122,31908,169659,72,0,0,0,6,23618,439813,1177859,passed,15,1,8,1
idempotency-accuracy,1835,1836,idempotency,19,4,2,3,21,0.8,0.3,5,2,0,1,13,128,405025,112520,5622682,412787,3487306,1348,306575,2595359,1135,0,0,0,13,269536,675545,17486605,passed,19,4,17,4
idempotency-accuracy,1836,1837,idempotency,15,5,5,3,26,0.8,0.3,5,2,0,1,6,39,582692,159718,8007310,68650,259597,199,58517,224094,161,0,0,0,6,42058,625068,8685302,passed,15,3,10,3
idempotency-accuracy,1837,1838,idempotency,24,2,5,3,11,0.8,0.3,5,2,0,1,15,197,852864,236524,11834865,555905,3952546,1779,445972,3069692,1664,0,0,0,15,365182,1219341,6559798,passed,24,3,23,3
idempotency-accuracy,1838,1839,idempotency,22,4,3,3,21,0.8,0.3,5,2,0,1,1,1,360198,100000,4984014,141,210,0,144,214,0,0,0,0,1,124,360361,1346723,passed,22,0,1,0
idempotency-accuracy,1839,1840,idempotency,14,4,5,5,21,0.8,0.3,5,2,0,1,1,1,356560,100000,5001384,229,342,2,232,346,0,0,0,0,1,174,356774,1122881,passed,14,0,1,0
idempotency-accuracy,1840,1841,idempotency,10,5,3,5,26,0.8,0.3,5,2,0,1,1,1,354354,100000,5000461,277,414,3,281,419,0,0,0,0,1,215,354601,1156714,passed,10,0,1,0
idempotency-accuracy,1841,1842,idempotency,22,3,3,5,16,0.8,0.3,5,2,0,1,11,151,569119,159498,7971288,573488,2918625,1297,520983,2668918,1451,0,0,0,11,372584,942671,20490906,passed,22,2,22,2
idempotency-accuracy,1842,1843,idempotency,12,3,4,2,16,0.8,0.3,5,2,0,1,1,1,372764,100000,4999816,79,117,2,81,120,0,0,0,0,1,91,372893,1006632,passed,12,0,1,0
idempotency-accuracy,1843,1844,idempotency,18,3,3,3,16,0.8,0.3,5,2,0,1,7,37,385832,107533,5363009,46355,229713,140,33913,168726,52,0,0,0,7,27161,413210,2317833,passed,18,3,9,3
idempotency-accuracy,1844,1845,idempotency,22,4,2,3,21,0.8,0.3,5,2,0,1,1,1,356810,100000,4994389,139,207,2,142,211,0,0,0,0,1,120,356966,1365686,passed,22,0,1,0
idempotency-accuracy,1845,1846,idempotency,10,2,3,5,11,0.8,0.3,5,2,0,1,1,1,356541,100000,5002733,121,180,1,122,182,0,0,0,0,1,110,356687,954598,passed,10,0,1,0
idempotency-accuracy,1846,1847,idempotency,15,4,2,2,21,0.8,0.3,5,2,0,1,7,49,458807,128350,6423587,70949,362847,444,60384,314070,176,0,0,0,7,44540,503675,5684328,passed,15,2,13,2
idempotency-accuracy,1847,1848,idempotency,24,4,3,3,21,0.8,0.3,5,2,0,1,9,98,655854,183749,9178900,217249,1113101,502,197799,1026965,589,0,0,0,9,137922,794316,29119428,validation_failed,24,1,17,1
idempotency-accuracy,1848,1849,idempotency,22,3,3,4,16,0.8,0.3,5,2,0,1,15,179,478186,129123,6447029,728461,5199737,2278,630596,4388820,1977,0,0,0,15,492059,971500,18060863,passed,22,1,21,1
idempotency-accuracy,1849,1850,idempotency,17,5,3,2,26,0.8,0.3,5,2,0,1,9,74,517950,144908,7246091,154233,936862,403,119627,717698,309,0,0,0,9,93887,612302,16438166,passed,17,2,13,2
idempotency-accuracy,1850,1851,idempotency,12,2,3,2,11,0.8,0.3,5,2,0,1,1,1,358959,100000,4990982,55,81,2,56,83,0,0,0,0,1,75,359073,1009675,passed,12,0,1,0
idempotency-accuracy,1851,1852,idempotency,20,5,4,5,26,0.8,0.3,5,2,0,1,1,1,357700,100000,4988000,279,417,1,283,422,8,0,0,0,1,222,357968,1787773,passed,20,0,1,0
idempotency-accuracy,1852,1853,idempotency,13,2,3,4,11,0.8,0.3,5,2,0,1,1,1,369425,100000,5014866,99,147,2,100,149,0,0,0,0,1,154,369621,988956,passed,13,0,1,0
idempotency-accuracy,1853,1854,idempotency,10,5,3,4,26,0.8,0.3,5,2,0,1,8,51,418242,114805,5726316,144028,687543,528,109346,530054,461,0,0,0,8,88614,507212,4189646,passed,10,1,10,1
idempotency-accuracy,1854,1855,idempotency,12,2,5,3,11,0.8,0.3,5,2,0,1,1,1,356944,100000,4994206,81,120,1,82,122,0,0,0,0,1,91,357093,976887,passed,12,0,1,0
idempotency-accuracy,1855,1856,idempotency,23,3,4,4,16,0.8,0.3,5,2,0,1,3,9,374368,101539,5080326,5782,37233,28,3863,25159,0,0,0,0,3,3644,378105,1580607,passed,23,1,4,1
idempotency-accuracy,1856,1857,idempotency,18,4,5,5,21,0.8,0.3,5,2,0,1,10,75,448307,125218,6263983,365797,1976001,888,295906,1574938,963,0,0,0,10,225834,674644,15083766,passed,18,2,13,2
idempotency-accuracy,1857,1858,idempotency,16,5,4,2,26,0.8,0.3,5,2,0,1,1,1,356607,100000,5000667,123,183,2,127,188,0,0,0,0,1,114,356762,1386208,passed,16,0,1,0
idempotency-accuracy,1858,1859,idempotency,24,2,2,5,11,0.8,0.3,5,2,0,1,12,131,633890,176847,8843520,441428,3501261,1399,349008,2815415,1253,0,0,0,12,288351,923276,5419947,passed,24,1,20,1
idempotency-accuracy,1859,1860,idempotency,24,5,2,5,26,0.8,0.3,5,2,0,1,13,111,519122,134592,6730270,826695,7829974,3407,659662,5785002,3107,0,0,0,13,590126,1110194,82386484,passed,24,1,15,1
idempotency-accuracy,1860,1861,idempotency,18,5,2,2,26,0.8,0.3,5,2,0,1,5,25,420692,114141,5703682,31532,164319,127,27076,142666,105,0,0,0,5,20483,441437,7550846,validation_failed,18,1,8,1
idempotency-accuracy,1861,1862,idempotency,18,4,4,5,21,0.8,0.3,5,2,0,1,8,70,382586,105424,5281179,311476,1661014,1013,256368,1419329,975,0,0,0,8,194317,577381,16685617,passed,18,1,16,1
idempotency-accuracy,1862,1863,idempotency,13,4,5,5,21,0.8,0.3,5,2,0,1,9,60,399685,110358,5511533,202639,1357051,469,155254,1017518,470,0,0,0,9,128459,528517,5206629,passed,13,1,11,1
idempotency-accuracy,1863,1864,idempotency,11,4,2,5,21,0.8,0.3,5,2,0,1,1,1,366768,100000,5001353,223,333,2,226,337,0,0,0,0,1,234,367045,1059274,passed,11,0,1,0
idempotency-accuracy,1864,1865,idempotency,21,3,5,3,16,0.8,0.3,5,2,0,1,10,95,593204,166861,8330403,172232,783929,451,158105,733031,573,0,0,0,10,109191,703019,7734804,passed,21,2,16,2
idempotency-accuracy,1865,1866,idempotency,11,5,4,2,26,0.8,0.3,5,2,0,1,1,1,362587,100000,5006886,123,183,2,127,188,9,0,0,0,1,129,362765,1178447,passed,11,0,1,0
idempotency-accuracy,1866,1867,idempotency,22,3,3,2,16,0.8,0.3,5,2,0,1,1,1,361929,100000,5005088,77,114,2,79,117,0,0,0,0,1,100,362071,1093208,passed,22,0,1,0
idempotency-accuracy,1867,1868,idempotency,10,3,2,4,16,0.8,0.3,5,2,0,1,1,1,359444,100000,5020291,139,207,2,141,210,0,0,0,0,1,126,359606,994669,passed,10,0,1,0
idempotency-accuracy,1868,1869,idempotency,22,3,2,3,16,0.8,0.3,5,2,0,1,9,55,635251,177518,8886380,93847,512963,312,81847,446817,251,0,0,0,9,59893,695569,5293891,validation_failed,22,2,11,2
idempotency-accuracy,1869,1870,idempotency,12,5,2,2,26,0.8,0.3,5,2,0,1,1,1,357666,100000,4994625,119,177,2,123,182,0,0,0,0,1,109,357814,1203424,passed,12,0,1,0
idempotency-accuracy,1870,1871,idempotency,10,4,4,4,21,0.8,0.3,5,2,0,1,1,1,358934,100000,4993176,185,276,1,188,280,20,0,0,0,1,171,359143,1058513,passed,10,0,1,0
idempotency-accuracy,1871,1872,idempotency,21,5,2,3,26,0.8,0.3,5,2,0,1,15,198,664315,181706,9079423,736327,5504988,2476,684322,5175730,2362,0,0,0,15,512113,1177896,54902356,passed,21,1,21,1
idempotency-accuracy,1872,1873,idempotency,20,5,2,2,26,0.8,0.3,5,2,0,1,1,1,359817,100000,5003682,119,177,1,123,182,1,0,0,0,1,124,359981,1690770,passed,20,0,1,0
idempotency-accuracy,1873,1874,idempotency,15,4,2,5,21,0.8,0.3,5,2,0,1,1,1,355129,100000,5004078,223,333,2,226,337,0,0,0,0,1,169,355336,1141089,passed,15,0,1,0
idempotency-accuracy,1874,1875,idempotency,23,5,3,4,26,0.8,0.3,5,2,0,1,9,85,435579,121951,6088850,350355,1680820,792,275022,1295919,851,0,0,0,9,210366,646608,61481988,passed,23,2,15,2
idempotency-accuracy,1875,1876,idempotency,10,2,4,2,11,0.8,0.3,5,2,0,1,1,1,358132,100000,5017799,57,84,1,58,86,0,0,0,0,1,86,358259,987682,passed,10,0,1,0
idempotency-accuracy,1876,1877,idempotency,11,4,5,5,21,0.8,0.3,5,2,0,1,6,42,427864,119305,5961173,95924,507609,366,86454,470459,303,0,0,0,6,60918,489100,2412297,passed,11,1,10,1
idempotency-accuracy,1877,1878,idempotency,15,2,3,2,11,0.8,0.3,5,2,0,1,5,22,368647,103789,5186559,8910,30406,18,7777,26853,18,0,0,0,5,5506,374299,1060969,validation_failed,15,1,6,1
idempotency-accuracy,1878,1879,idempotency,18,4,5,2,21,0.8,0.3,5,2,0,1,12,124,533949,147810,7375607,294098,1851868,938,226767,1457722,835,0,0,0,12,180853,715464,13485763,passed,18,4,18,4
idempotency-accuracy,1879,1880,idempotency,18,2,4,3,11,0.8,0.3,5,2,0,1,5,23,364714,102151,5104310,13482,87699,48,9488,64924,42,0,0,0,5,9285,374157,1136400,passed,18,3,8,2
idempotency-accuracy,1880,1881,idempotency,21,2,3,4,11,0.8,0.3,5,2,0,1,1,1,356519,100000,4991810,99,147,1,100,149,0,0,0,0,1,121,356679,974721,passed,21,0,1,0
idempotency-accuracy,1881,1882,idempotency,24,2,3,5,11,0.8,0.3,5,2,0,1,4,18,362101,101769,5085288,14463,47983,2,12192,41918,12,0,0,0,4,8932,371160,1426917,passed,24,2,7,2
idempotency-accuracy,1882,1883,idempotency,17,3,3,2,16,0.8,0.3,5,2,0,1,6,32,358737,100825,5036502,26873,243947,84,21221,181426,98,0,0,0,6,18674,377707,1835832,passed,17,1,9,1
idempotency-accuracy,1883,1884,idempotency,12,5,2,4,26,0.8,0.3,5,2,0,1,11,86,402203,111093,5543609,402609,3461515,1150,334632,2865249,1177,0,0,0,11,279617,682600,9626168,passed,12,1,13,1
idempotency-accuracy,1884,1885,idempotency,19,5,5,2,26,0.8,0.3,5,2,0,1,1,1,354665,100000,4988759,125,186,2,129,191,0,0,0,0,1,119,354818,1534836,passed,19,0,1,0
idempotency-accuracy,1885,1886,idempotency,10,4,3,4,21,0.8,0.3,5,2,0,1,1,1,357962,100000,5021485,183,273,2,186,277,1,0,0,0,1,166,358162,1038636,passed,10,0,1,0
idempotency-accuracy,1886,1887,idempotency,18,5,4,3,26,0.8,0.3,5,2,0,1,6,29,391196,108989,5434416,43469,297198,128,32110,215251,66,0,0,0,6,26958,418396,6657819,passed,18,1,7,1
idempotency-accuracy,1887,1888,idempotency,15,4,4,3,21,0.8,0.3,5,2,0,1,10,88,537795,151078,7558206,218797,1381309,466,159431,1001812,500,0,0,0,10,131790,670204,6970193,passed,15,2,15,2
idempotency-accuracy,1888,1889,idempotency,17,2,3,3,11,0.8,0.3,5,2,0,1,1,1,359620,100000,5004398,77,114,2,78,116,0,0,0,0,1,91,359750,984027,passed,17,0,1,0
idempotency-accuracy,1889,1890,idempotency,20,2,4,5,11,0.8,0.3,5,2,0,1,6,27,418418,117195,5859092,31763,222843,85,25038,167930,59,0,0,0,6,20242,438892,1334078,passed,20,1,7,1
idempotency-accuracy,1890,1891,idempotency,22,5,3,5,26,0.8,0.3,5,2,0,1,1,1,377726,100000,5020750,277,414,1,281,419,0,0,0,0,1,197,377961,2052267,passed,22,0,1,0
idempotency-accuracy,1891,1892,idempotency,20,2,4,5,11,0.8,0.3,5,2,0,1,1,1,374097,100000,5001907,123,183,1,124,185,0,0,0,0,1,109,374241,990648,passed,20,0,1,0
idempotency-accuracy,1892,1893,idempotency,10,5,5,5,26,0.8,0.3,5,2,0,1,1,1,356744,100000,4996313,281,420,8,285,425,0,0,0,0,1,227,357008,1177493,passed,10,0,1,0
idempotency-accuracy,1893,1894,idempotency,18,5,4,4,26,0.8,0.3,5,2,0,1,11,124,519503,140409,7019549,546001,2895994,1582,462089,2487672,1519,0,0,0,11,354809,875184,41445020,passed,18,2,19,2
idempotency-accuracy,1894,1895,idempotency,22,4,5,3,21,0.8,0.3,5,2,0,1,11,102,766181,214762,10743408,225009,1673766,560,205119,1551943,714,0,0,0,11,153934,921008,15553025,passed,22,1,15,1
idempotency-accuracy,1895,1896,idempotency,17,5,4,4,26,0.8,0.3,5,2,0,1,10,76,1259992,354340,17721159,211170,1050825,445,192569,973926,619,0,0,0,10,135242,1395901,11946069,passed,17,1,12,1
idempotency-accuracy,1896,1897,idempotency,23,5,5,5,26,0.8,0.3,5,2,0,1,10,133,412062,115073,5769052,763164,3271982,2038,700927,3016503,2626,0,0,0,10,488268,901005,170870521,passed,23,1,24,1
idempotency-accuracy,1897,1898,idempotency,18,5,3,4,26,0.8,0.3,5,2,0,1,1,1,373379,100000,4994683,225,336,2,229,341,0,0,0,0,1,208,373624,1677459,passed,18,0,1,0
idempotency-accuracy,1898,1899,idempotency,11,3,4,5,16,0.8,0.3,5,2,0,1,10,65,603807,166878,8336309,170059,695317,561,133955,563306,572,0,0,0,10,102633,706898,1714072,passed,11,1,11,1
idempotency-accuracy,1899,1900,idempotency,24,2,3,5,11,0.8,0.3,5,2,0,1,1,1,367017,100000,4996951,121,180,2,122,182,1,0,0,0,1,139,367205,1019411,passed,24,0,1,0
idempotency-accuracy,1900,1901,idempotency,15,3,5,2,16,0.8,0.3,5,2,0,1,1,1,362768,100000,5007601,81,120,1,83,123,0,0,0,0,1,107,362911,1020173,passed,15,0,1,0
idempotency-accuracy,1901,1902,idempotency,17,3,3,4,16,0.8,0.3,5,2,0,1,9,75,405577,113541,5687289,172354,1122923,791,144012,946672,575,0,0,0,9,113367,519462,3848085,passed,17,2,14,2
idempotency-accuracy,1902,1903,idempotency,23,2,4,4,11,0.8,0.3,5,2,0,1,1,1,354552,100000,4994772,101,150,8,102,152,0,0,0,0,1,108,354703,992810,passed,23,0,1,0
idempotency-accuracy,1903,1904,idempotency,14,5,4,2,26,0.8,0.3,5,2,0,1,8,50,740459,207498,10396244,74876,692670,302,58262,531095,194,0,0,0,8,51554,792558,5380384,passed,14,1,10,1
idempotency-accuracy,1904,1905,idempotency,10,4,5,3,21,0.8,0.3,5,2,0,1,1,1,365784,100000,5002870,145,216,2,148,220,0,0,0,0,1,142,365969,1041079,passed,10,0,1,0
idempotency-accuracy,1905,1906,idempotency,16,5,4,4,26,0.8,0.3,5,2,0,1,1,1,367324,100000,5001202,227,339,2,231,344,0,0,0,0,1,223,367617,1470058,passed,16,0,1,0
idempotency-accuracy,1906,1907,idempotency,15,5,5,2,26,0.8,0.3,5,2,0,1,1,1,366150,100000,5010921,125,186,2,129,191,0,0,0,0,1,112,366302,1347030,passed,15,0,1,0
idempotency-accuracy,1907,1908,idempotency,23,5,5,4,26,0.8,0.3,5,2,0,1,7,46,452741,125645,6279132,141613,718109,336,111093,568502,389,0,0,0,7,90156,543238,24551495,passed,23,1,11,1
idempotency-accuracy,1908,1909,idempotency,13,2,4,2,11,0.8,0.3,5,2,0,1,1,1,355396,100000,4997927,57,84,2,58,86,0,0,0,0,1,74,355519,971134,passed,13,0,1,0
idempotency-accuracy,1909,1910,idempotency,15,3,3,5,16,0.8,0.3,5,2,0,1,1,1,364070,100000,4992326,173,258,0,175,261,0,0,0,0,1,152,364262,1022177,passed,15,0,1,0
idempotency-accuracy,1910,1911,idempotency,15,4,3,4,21,0.8,0.3,5,2,0,1,5,28,379678,106452,5309282,43368,198602,138,39018,183682,128,0,0,0,5,30383,410295,3098604,passed,15,1,8,1
idempotency-accuracy,1911,1912,idempotency,23,2,5,5,11,0.8,0.3,5,2,0,1,12,113,521655,145186,7251964,369725,2514266,980,309916,1935545,949,0,0,0,12,240563,763007,4100362,passed,23,3,17,3
idempotency-accuracy,1912,1913,idempotency,14,4,2,4,21,0.8,0.3,5,2,0,1,9,73,395585,111676,5600348,206673,960441,460,169301,785471,402,0,0,0,9,124778,520960,6005230,passed,14,1,13,1
idempotency-accuracy,1913,1914,idempotency,13,5,4,2,26,0.8,0.3,5,2,0,1,8,57,537203,147242,7354909,117456,539182,260,96187,434304,304,0,0,0,8,71756,609339,7869869,passed,13,1,12,1
idempotency-accuracy,1914,1915,idempotency,11,5,4,4,26,0.8,0.3,5,2,0,1,6,40,370481,103802,5190227,89284,395546,249,74372,346416,223,0,0,0,6,55529,426241,5124494,passed,11,3,10,3
idempotency-accuracy,1915,1916,idempotency,12,5,3,2,26,0.8,0.3,5,2,0,1,1,1,357784,100000,4997036,121,180,2,125,185,0,0,0,0,1,111,357935,1213963,passed,12,0,1,0
idempotency-accuracy,1916,1917,idempotency,19,5,2,2,26,0.8,0.3,5,2,0,1,11,122,522065,145684,7271476,322990,2360894,828,245197,1843974,860,0,0,0,11,204294,727099,28559217,passed,19,2,20,2
idempotency-accuracy,1917,1918,idempotency,16,4,5,3,21,0.8,0.3,5,2,0,1,6,38,373713,103029,5149440,73906,468359,251,56494,344286,223,0,0,0,6,47250,421189,5759953,passed,16,2,10,2
idempotency-accuracy,1918,1919,idempotency,22,4,2,3,21,0.8,0.3,5,2,0,1,6,39,368886,103088,5159960,58162,275849,109,52191,248716,255,0,0,0,6,38336,407521,10762610,passed,22,2,10,2
idempotency-accuracy,1919,1920,idempotency,24,3,4,5,16,0.8,0.3,5,2,0,1,16,186,1026900,284952,14228196,831090,5000871,2328,782077,4749179,2684,0,0,0,16,557157,1585455,24379120,passed,24,1,20,1
idempotency-accuracy,1920,1921,idempotency,21,5,3,2,26,0.8,0.3,5,2,0,1,10,82,497867,139661,6983781,154525,1300024,481,125037,1022975,375,0,0,0,10,103244,601683,21462625,passed,21,1,13,1
idempotency-accuracy,1921,1922,idempotency,20,3,3,5,16,0.8,0.3,5,2,0,1,10,98,481014,132721,6637997,261936,1333408,839,231552,1195208,880,0,0,0,10,165603,647256,8291181,passed,20,2,16,2
idempotency-accuracy,1922,1923,idempotency,13,3,5,3,16,0.8,0.3,5,2,0,1,9,68,380285,106401,5316799,111451,914753,348,88652,770069,409,0,0,0,9,74607,455389,2046686,passed,13,1,13,1
idempotency-accuracy,1923,1924,idempotency,13,2,5,2,11,0.8,0.3,5,2,0,1,1,1,363931,100000,5011988,59,87,2,60,89,0,0,0,0,1,77,364044,974977,passed,13,0,1,0
idempotency-accuracy,1924,1925,idempotency,23,2,4,3,11,0.8,0.3,5,2,0,1,1,1,360074,100000,5006026,79,117,2,80,119,0,0,0,0,1,90,360203,991205,passed,23,0,1,0
idempotency-accuracy,1925,1926,idempotency,15,2,4,5,11,0.8,0.3,5,2,0,1,8,58,593874,159983,7998821,82611,456647,245,73134,415159,196,0,0,0,8,54297,648626,1366731,validation_failed,15,2,11,2
idempotency-accuracy,1926,1927,idempotency,18,5,5,2,26,0.8,0.3,5,2,0,1,7,78,479840,133303,6648216,151246,726797,305,133886,656984,468,0,0,0,7,93898,574167,30131432,passed,18,2,16,2
idempotency-accuracy,1927,1928,idempotency,13,5,5,3,26,0.8,0.3,5,2,0,1,5,28,403276,113223,5657318,42326,169005,124,37809,155552,199,0,0,0,5,26295,429769,4387587,validation_failed,13,1,8,1
idempotency-accuracy,1928,1929,idempotency,24,3,5,3,16,0.8,0.3,5,2,0,1,7,41,374808,102911,5136666,45617,170190,109,39398,150637,143,0,0,0,7,28386,403429,4237761,passed,24,2,9,2
idempotency-accuracy,1929,1930,idempotency,22,4,5,4,21,0.8,0.3,5,2,0,1,9,80,488408,135371,6770887,322077,1819776,723,254702,1475484,848,0,0,0,9,196061,684983,29799112,passed,22,3,15,3
idempotency-accuracy,1930,1931,idempotency,13,4,3,5,21,0.8,0.3,5,2,0,1,1,1,366250,100000,4993997,225,336,2,228,340,0,0,0,0,1,199,366488,1103174,passed,13,0,1,0
idempotency-accuracy,1931,1932,idempotency,21,4,4,2,21,0.8,0.3,5,2,0,1,10,78,750371,209917,10484601,105961,709209,293,88427,621685,370,0,0,0,10,68725,819691,12768029,passed,21,4,13,4
idempotency-accuracy,1932,1933,idempotency,21,3,5,4,16,0.8,0.3,5,2,0,1,1,1,359141,100000,4991025,145,216,0,147,219,0,0,0,0,1,127,359303,1091987,passed,21,0,1,0
idempotency-accuracy,1933,1934,idempotency,24,4,2,5,21,0.8,0.3,5,2,0,1,1,1,356590,100000,4991186,223,333,2,226,337,0,0,0,0,1,190,356818,1512640,passed,24,0,1,0
idempotency-accuracy,1934,1935,idempotency,23,2,4,2,11,0.8,0.3,5,2,0,1,10,90,409598,110421,5521285,86527,461930,333,79547,421657,283,0,0,0,10,58935,469125,2539834,validation_failed,23,1,15,1
idempotency-accuracy,1935,1936,idempotency,19,2,3,3,11,0.8,0.3,5,2,0,1,12,124,575613,160349,8020222,220553,1518031,576,160677,1096397,562,0,0,0,12,138798,715111,2438971,passed,19,3,17,3
idempotency-accuracy,1936,1937,idempotency,22,5,3,5,26,0.8,0.3,5,2,0,1,15,203,727494,203082,10142210,1367315,11253987,4137,1269950,10221915,4581,0,0,0,15,972638,1701455,132883664,passed,22,1,21,1
idempotency-accuracy,1937,1938,idempotency,11,4,4,3,21,0.8,0.3,5,2,0,1,7,42,563662,157740,7894632,63291,471955,154,57842,437554,229,0,0,0,7,50265,614378,2297027,passed,11,1,9,1
idempotency-accuracy,1938,1939,idempotency,10,4,4,5,21,0.8,0.3,5,2,0,1,1,1,354193,100000,4997032,227,339,1,230,343,0,0,0,0,1,176,354404,1055753,passed,10,0,1,0
idempotency-accuracy,1939,1940,idempotency,23,5,2,3,26,0.8,0.3,5,2,0,1,9,78,1081123,303731,15199254,218210,1543801,509,184719,1264261,796,0,0,0,9,144408,1226346,54932663,validation_failed,23,1,14,1
idempotency-accuracy,1940,1941,idempotency,20,2,2,5,11,0.8,0.3,5,2,0,1,12,129,528767,147441,7381169,271697,1197437,730,237557,1070965,877,0,0,0,12,174080,703558,2757142,passed,20,4,17,4
idempotency-accuracy,1941,1942,idempotency,22,5,3,4,26,0.8,0.3,5,2,0,1,1,1,354696,100000,4993736,225,336,21,229,341,0,0,0,0,1,196,354929,1952449,passed,22,0,1,0
idempotency-accuracy,1942,1943,idempotency,11,4,4,4,21,0.8,0.3,5,2,0,1,9,65,588953,165354,8275557,192130,1093817,424,148903,868244,429,0,0,0,9,116851,706190,3047456,passed,11,1,12,1
idempotency-accuracy,1943,1944,idempotency,11,4,5,5,21,0.8,0.3,5,2,0,1,8,55,401431,111758,5586346,163605,1387157,454,125084,1033376,396,0,0,0,8,110092,512149,2926992,passed,11,1,11,1
idempotency-accuracy,1944,1945,idempotency,11,2,2,4,11,0.8,0.3,5,2,0,1,1,1,355303,100000,4998008,97,144,1,98,146,0,0,0,0,1,97,355444,968413,passed,11,0,1,0
idempotency-accuracy,1945,1946,idempotency,22,2,5,2,11,0.8,0.3,5,2,0,1,10,96,518884,145699,7297654,91202,594050,278,81258,524423,252,0,0,0,10,58984,578425,2804463,passed,22,2,18,2
idempotency-accuracy,1946,1947,idempotency,21,5,2,4,26,0.8,0.3,5,2,0,1,14,188,623210,172679,8635219,1140294,9341915,3416,898224,7023594,3177,0,0,0,14,751878,1376477,111063249,passed,21,1,22,1
idempotency-accuracy,1947,1948,idempotency,17,5,4,2,26,0.8,0.3,5,2,0,1,10,108,394677,111237,5552242,244806,1983657,867,178409,1359700,615,0,0,0,10,156563,551855,22849549,passed,17,6,18,6
idempotency-accuracy,1948,1949,idempotency,19,2,2,3,11,0.8,0.3,5,2,0,1,11,87,417443,113732,5685089,163051,1298908,506,132785,1050742,541,0,0,0,11,108601,526755,1934682,passed,19,2,13,2
idempotency-accuracy,1949,1950,idempotency,12,3,5,4,16,0.8,0.3,5,2,0,1,5,25,373155,103912,5204599,35228,248246,111,30709,227772,67,0,0,0,5,23319,396770,1428635,passed,12,1,8,1
idempotency-accuracy,1950,1951,idempotency,16,3,5,5,16,0.8,0.3,5,2,0,1,1,1,358356,100000,5000728,177,264,1,179,267,0,0,0,0,1,166,358559,1022584,passed,16,0,1,0
idempotency-accuracy,1951,1952,idempotency,12,2,2,4,11,0.8,0.3,5,2,0,1,7,42,417697,116946,5836197,48224,226750,134,37849,184959,105,0,0,0,7,29066,447030,1129531,passed,12,2,10,2
idempotency-accuracy,1952,1953,idempotency,21,3,2,5,16,0.8,0.3,5,2,0,1,1,1,355779,100000,4994087,171,255,2,173,258,0,0,0,0,1,163,355981,1068765,passed,21,0,1,0
idempotency-accuracy,1953,1954,idempotency,21,4,4,4,21,0.8,0.3,5,2,0,1,1,1,355151,100000,4998840,185,276,1,188,280,0,0,0,0,1,147,355370,1369815,passed,21,0,1,0
idempotency-accuracy,1954,1955,idempotency,20,5,2,5,26,0.8,0.3,5,2,0,1,12,133,481481,135037,6747550,686395,5301639,1885,645190,5064865,2011,0,0,0,12,474301,956725,76617917,validation_failed,20,1,19,1
idempotency-accuracy,1955,1956,idempotency,16,4,5,5,21,0.8,0.3,5,2,0,1,10,87,423739,112723,5636330,399206,2059229,967,307820,1571405,1117,0,0,0,10,245205,669612,11192095,passed,16,1,14,1
idempotency-accuracy,1956,1957,idempotency,13,5,3,5,26,0.8,0.3,5,2,0,1,1,1,354894,100000,4992907,277,414,1,281,419,0,0,0,0,1,216,355150,1258147,passed,13,0,1,0
idempotency-accuracy,1957,1958,idempotency,23,5,4,3,26,0.8,0.3,5,2,0,1,15,169,455878,127430,6382284,861315,6850380,2266,678332,5590112,1917,0,0,0,15,565354,1022362,113872121,passed,23,4,19,4
idempotency-accuracy,1958,1959,idempotency,17,4,4,2,21,0.8,0.3,5,2,0,1,1,1,355680,100000,5005758,101,150,1,104,154,0,0,0,0,1,103,355820,1159919,passed,17,0,1,0
idempotency-accuracy,1959,1960,idempotency,10,3,2,5,16,0.8,0.3,5,2,0,1,1,1,359224,100000,5008731,171,255,1,173,258,0,0,0,0,1,145,359407,988904,passed,10,0,1,0
idempotency-accuracy,1960,1961,idempotency,15,3,3,3,16,0.8,0.3,5,2,0,1,9,55,508093,139192,6969701,103759,1839341,841,83752,1374500,456,0,0,0,9,87484,596316,2505650,validation_failed,15,1,11,1
idempotency-accuracy,1961,1962,idempotency,10,5,4,3,26,0.8,0.3,5,2,0,1,1,1,360737,100000,5013483,175,261,2,179,266,0,0,0,0,1,176,360951,1164427,passed,10,0,1,0
idempotency-accuracy,1962,1963,idempotency,11,5,5,3,26,0.8,0.3,5,2,0,1,7,39,400091,111719,5587546,85127,368962,377,62846,278224,321,0,0,0,7,50129,450465,4699412,passed,11,1,9,1
idempotency-accuracy,1963,1964,idempotency,24,4,3,4,21,0.8,0.3,5,2,0,1,1,1,359080,100000,4992837,183,273,2,186,277,0,0,0,0,1,150,359269,1523109,passed,24,0,1,0
idempotency-accuracy,1964,1965,idempotency,19,2,5,5,11,0.8,0.3,5,2,0,1,9,77,454972,127111,6360711,138477,758807,394,123652,695638,403,0,0,0,9,90461,546021,2062166,validation_failed,19,2,15,2
idempotency-accuracy,1965,1966,idempotency,11,5,5,4,26,0.8,0.3,5,2,0,1,9,59,573530,159673,7979400,200325,1101750,567,152352,864762,574,0,0,0,9,132484,706455,4572381,passed,11,2,11,2
idempotency-accuracy,1966,1967,idempotency,15,3,5,3,16,0.8,0.3,5,2,0,1,9,68,542405,149391,7471774,108634,484832,312,98417,443226,293,0,0,0,9,69028,611876,2678826,passed,15,1,12,1
idempotency-accuracy,1967,1968,idempotency,24,3,5,3,16,0.8,0.3,5,2,0,1,12,99,506117,143024,7147961,218690,2376853,760,169664,1823661,679,0,0,0,12,155472,662294,8863598,validation_failed,24,3,14,3
idempotency-accuracy,1968,1969,idempotency,20,5,2,2,26,0.8,0.3,5,2,0,1,1,1,366827,100000,4999500,119,177,0,123,182,0,0,0,0,1,110,366977,1543705,passed,20,0,1,0
idempotency-accuracy,1969,1970,idempotency,23,2,3,3,11,0.8,0.3,5,2,0,1,1,1,357286,100000,5003373,77,114,1,78,116,0,0,0,0,1,86,357417,990811,passed,23,0,1,0
idempotency-accuracy,1970,1971,idempotency,24,2,5,2,11,0.8,0.3,5,2,0,1,10,99,441665,123683,6170971,99572,435829,348,91413,402998,228,0,0,0,10,61941,504092,3159456,passed,24,2,16,2
idempotency-accuracy,1971,1972,idempotency,17,5,2,4,26,0.8,0.3,5,2,0,1,8,74,395452,110701,5528191,224638,1189330,473,200220,1095934,578,0,0,0,8,145044,540886,22740569,passed,17,5,14,3
idempotency-accuracy,1972,1973,idempotency,20,4,3,5,21,0.8,0.3,5,2,0,1,16,197,497471,137484,6863957,988235,7599321,3165,818511,6201522,3278,0,0,0,16,660775,1159572,23485470,passed,20,1,21,1
idempotency-accuracy,1973,1974,idempotency,20,2,3,4,11,0.8,0.3,5,2,0,1,8,61,367489,103493,5172037,93576,432027,227,68445,312402,233,0,0,0,8,54488,422343,2046494,passed,20,2,14,2
idempotency-accuracy,1974,1975,idempotency,22,2,4,2,11,0.8,0.3,5,2,0,1,1,1,362643,100000,5003089,57,84,2,58,86,0,0,0,0,1,75,362759,982832,passed,22,0,1,0
idempotency-accuracy,1975,1976,idempotency,18,4,3,2,21,0.8,0.3,5,2,0,1,1,1,355902,100000,4991274,99,147,2,102,151,0,0,0,0,1,95,356035,1162226,passed,18,0,1,0
idempotency-accuracy,1976,1977,idempotency,24,5,4,2,26,0.8,0.3,5,2,0,1,13,160,698910,195330,9777889,430241,3220267,1067,401672,3033323,1615,0,0,0,13,296899,996885,109211894,validation_failed,24,1,21,1
idempotency-accuracy,1977,1978,idempotency,12,5,2,3,26,0.8,0.3,5,2,0,1,1,1,358015,100000,5013722,171,255,1,175,260,0,0,0,0,1,162,358212,1210291,passed,12,0,1,0
idempotency-accuracy,1978,1979,idempotency,23,3,5,2,16,0.8,0.3,5,2,0,1,1,1,357578,100000,5000192,81,120,0,83,123,0,0,0,0,1,103,357720,1112015,passed,23,0,1,0
idempotency-accuracy,1979,1980,idempotency,17,2,2,5,11,0.8,0.3,5,2,0,1,5,25,395174,109060,5464673,29286,126237,168,24582,107769,108,0,0,0,5,18532,414278,1317931,validation_failed,17,1,8,1
idempotency-accuracy,1980,1981,idempotency,13,4,3,5,21,0.8,0.3,5,2,0,1,9,58,474648,127500,6368818,211596,1457073,585,161022,1116511,479,0,0,0,9,134507,609606,5805342,validation_failed,13,1,12,1
idempotency-accuracy,1981,1982,idempotency,16,2,2,2,11,0.8,0.3,5,2,0,1,7,45,476901,133506,6678436,27793,138035,97,24990,124977,120,0,0,0,7,18571,495815,1233798,passed,16,2,11,2
idempotency-accuracy,1982,1983,idempotency,14,4,4,4,21,0.8,0.3,5,2,0,1,7,39,825841,227928,11392766,123870,689438,270,103650,573406,341,0,0,0,7,77883,904062,4029377,validation_failed,14,1,10,1
idempotency-accuracy,1983,1984,idempotency,21,5,5,5,26,0.8,0.3,5,2,0,1,1,1,355529,100000,5000743,281,420,1,285,425,0,0,0,0,1,223,355788,1845463,passed,21,0,1,0
idempotency-accuracy,1984,1985,idempotency,18,3,4,2,16,0.8,0.3,5,2,0,1,12,112,619597,173735,8712154,163405,1019365,375,150252,941945,471,0,0,0,12,107978,728499,4533004,validation_failed,18,1,15,1
idempotency-accuracy,1985,1986,idempotency,16,2,3,2,11,0.8,0.3,5,2,0,1,1,1,357999,100000,5007909,55,81,2,56,83,0,0,0,0,1,70,358108,975484,passed,16,0,1,0
idempotency-accuracy,1986,1987,idempotency,10,4,5,4,21,0.8,0.3,5,2,0,1,1,1,360937,100000,5007121,187,279,2,190,283,0,0,0,0,1,148,361124,1040601,passed,10,0,1,0
idempotency-accuracy,1987,1988,idempotency,10,2,3,3,11,0.8,0.3,5,2,0,1,1,1,363132,100000,5006601,77,114,2,78,116,0,0,0,0,1,99,363267,968867,passed,10,0,1,0
idempotency-accuracy,1988,1989,idempotency,17,2,5,2,11,0.8,0.3,5,2,0,1,1,1,380864,100000,5000651,59,87,2,60,89,0,0,0,0,1,75,380978,992309,passed,17,0,1,0
idempotency-accuracy,1989,1990,idempotency,19,4,4,3,21,0.8,0.3,5,2,0,1,9,108,509272,143080,7151118,235122,1277200,552,207882,1134571,671,0,0,0,9,146855,656697,19079019,passed,19,3,20,3
idempotency-accuracy,1990,1991,idempotency,10,4,5,3,21,0.8,0.3,5,2,0,1,1,1,364374,100000,5002523,145,216,2,148,220,0,0,0,0,1,123,364533,1035091,passed,10,0,1,0
idempotency-accuracy,1991,1992,idempotency,20,3,3,2,16,0.8,0.3,5,2,0,1,1,1,361029,100000,5002154,77,114,2,79,117,0,0,0,0,1,87,361159,1052099,passed,20,0,1,0
idempotency-accuracy,1992,1993,idempotency,11,3,3,3,16,0.8,0.3,5,2,0,1,1,1,361516,100000,4988490,109,162,2,111,165,0,0,0,0,1,106,361667,983279,passed,11,0,1,0
idempotency-accuracy,1993,1994,idempotency,12,5,4,5,26,0.8,0.3,5,2,0,1,1,1,366019,100000,4991924,279,417,22,283,422,0,0,0,0,1,225,366285,1251077,passed,12,0,1,0
idempotency-accuracy,1994,1995,idempotency,17,4,4,5,21,0.8,0.3,5,2,0,1,10,87,487034,135238,6779039,346522,2131218,852,262572,1645517,967,0,0,0,10,219340,706918,12379372,passed,17,3,14,3
idempotency-accuracy,1995,1996,idempotency,16,3,4,3,16,0.8,0.3,5,2,0,1,1,1,368014,100000,5006896,111,165,2,113,168,0,0,0,0,1,109,368161,1045401,passed,16,0,1,0
idempotency-accuracy,1996,1997,idempotency,18,3,2,2,16,0.8,0.3,5,2,0,1,9,64,452701,120107,6017267,67485,432663,192,50089,311594,162,0,0,0,9,42578,495830,2684287,passed,18,3,11,1
idempotency-accuracy,1997,1998,idempotency,11,3,3,2,16,0.8,0.3,5,2,0,1,9,46,506610,141616,7078762,39581,178003,84,31181,142909,54,0,0,0,9,23794,530837,1322134,passed,11,1,9,1
idempotency-accuracy,1998,1999,idempotency,16,2,2,2,11,0.8,0.3,5,2,0,1,7,41,384392,102965,5142673,29160,143531,140,23527,113220,127,0,0,0,7,18415,403159,1189277,passed,16,1,10,1
idempotency-accuracy,1999,2000,idempotency,23,2,4,3,11,0.8,0.3,5,2,0,1,1,1,357814,100000,4986256,79,117,2,80,119,0,0,0,0,1,90,357945,983577,passed,23,0,1,0
idempotency-accuracy,0,1,idempotency,20,5,2,2,26,0.8,0.3,5,2,1,1,6,66,564966,157493,7879357,403347,2028866,1292,322398,1610076,1313,12,2730567,6,12,252902,3549446,46748822,passed,20,3,19,3
idempotency-accuracy,1,2,idempotency,13,5,3,2,26,0.8,0.3,5,2,1,1,7,52,389462,107921,5397576,123606,917683,368,106341,779053,265,8,2489179,1,8,82760,2961929,8691501,passed,13,2,13,2
idempotency-accuracy,2,3,idempotency,11,2,3,5,11,0.8,0.3,5,2,1,1,1,1,355992,100000,4990597,121,180,1,122,182,0,1,329410,0,1,128,685566,973138,passed,11,0,1,0
idempotency-accuracy,3,4,idempotency,20,4,5,3,21,0.8,0.3,5,2,1,1,1,1,367754,100000,5008068,145,216,1,148,220,0,1,336025,0,1,128,703950,1263308,passed,20,0,1,0
idempotency-accuracy,4,5,idempotency,21,4,5,3,21,0.8,0.3,5,2,1,1,1,1,368464,100000,5000494,145,216,2,148,220,0,1,337900,0,1,127,706528,1300976,passed,21,0,1,0
idempotency-accuracy,5,6,idempotency,15,3,5,2,16,0.8,0.3,5,2,1,1,6,28,384482,108512,5415275,19051,140528,51,17128,128731,101,6,1995401,0,6,13665,2394003,1579245,passed,15,1,7,1
idempotency-accuracy,6,7,idempotency,10,2,3,4,11,0.8,0.3,5,2,1,1,3,11,370964,102139,5110062,7812,35962,19,5725,27408,9,4,1003660,1,4,4841,1379626,1014496,passed,10,1,5,1
idempotency-accuracy,7,8,idempotency,13,2,3,3,11,0.8,0.3,5,2,1,1,5,33,403773,109048,5473660,22324,101462,77,18122,84055,96,5,1737975,0,5,14291,2156305,1180083,passed,13,4,10,4
idempotency-accuracy,8,9,idempotency,20,2,4,3,11,0.8,0.3,5,2,1,1,1,1,389326,100000,4988814,79,117,2,80,119,0,1,342281,0,1,100,731749,1008711,passed,20,0,1,0
idempotency-accuracy,9,10,idempotency,12,3,2,5,16,0.8,0.3,5,2,1,1,1,1,367015,100000,5020468,171,255,3,173,258,0,1,347339,0,1,199,714600,1010977,passed,12,0,1,0
idempotency-accuracy,10,11,idempotency,16,5,2,5,26,0.8,0.3,5,2,1,1,6,57,393086,110033,5505199,376924,2733442,958,353395,2638085,1392,10,2248614,4,10,269777,2912191,22210282,passed,16,1,14,1
idempotency-accuracy,11,12,idempotency,13,5,4,3,26,0.8,0.3,5,2,1,1,1,1,360113,100000,5000496,175,261,3,179,266,0,1,330967,0,1,221,691347,1263975,passed,13,0,1,0
idempotency-accuracy,12,13,idempotency,23,2,4,2,11,0.8,0.3,5,2,1,1,9,91,591171,165580,8283038,94228,501398,269,85170,461239,298,10,3329139,1,10,61299,3982488,2827793,passed,23,2,17,2
idempotency-accuracy,13,14,idempotency,10,2,2,4,11,0.8,0.3,5,2,1,1,1,1,360074,100000,4996354,97,144,2,98,146,0,1,333391,0,1,124,693642,962184,passed,10,0,1,0
idempotency-accuracy,14,15,idempotency,22,3,2,3,16,0.8,0.3,5,2,1,1,1,1,357450,100000,4993663,107,159,1,109,162,0,1,336435,0,1,106,694030,1094417,passed,22,0,1,0
idempotency-accuracy,15,16,idempotency,11,4,3,3,21,0.8,0.3,5,2,1,1,6,42,390632,108338,5412070,76569,313529,290,70424,291202,161,7,2008225,1,7,48798,2448076,2295050,passed,11,1,10,1
idempotency-accuracy,16,17,idempotency,19,3,5,4,16,0.8,0.3,5,2,1,1,8,50,436934,121697,6082216,105457,889763,321,80392,656257,345,8,2886753,0,8,72332,3396640,3345555,passed,19,1,11,1
idempotency-accuracy,17,18,idempotency,11,5,2,3,26,0.8,0.3,5,2,1,1,5,28,373962,104787,5223875,51595,549582,166,37666,432292,243,6,1642578,1,6,36629,2053737,3363344,passed,11,1,8,1
idempotency-accuracy,18,19,idempotency,20,4,3,4,21,0.8,0.3,5,2,1,1,5,59,389044,108185,5402467,390929,2292468,1068,342337,2038371,1124,9,2446644,4,9,257736,3094147,32700922,passed,20,2,21,2
idempotency-accuracy,19,20,idempotency,21,4,5,5,21,0.8,0.3,5,2,1,1,1,1,357410,100000,5007777,229,342,2,232,346,0,1,329284,0,1,215,686952,1276826,passed,21,0,1,0
idempotency-accuracy,20,21,idempotency,13,5,2,2,26,0.8,0.3,5,2,1,1,1,1,360009,100000,5021826,119,177,2,123,182,0,1,334302,0,1,122,694471,1234100,passed,13,0,1,0
idempotency-accuracy,21,22,idempotency,24,2,2,2,11,0.8,0.3,5,2,1,1,1,1,363634,100000,4994294,53,78,2,54,80,0,1,333112,0,1,93,696882,1013233,passed,24,0,1,0
idempotency-accuracy,22,23,idempotency,16,4,2,3,21,0.8,0.3,5,2,1,1,1,1,363574,100000,5005713,139,207,1,142,211,0,1,351474,0,1,124,715208,1181690,passed,16,0,1,0
idempotency-accuracy,23,24,idempotency,24,5,2,5,26,0.8,0.3,5,2,1,1,1,1,356737,100000,5008671,275,411,1,279,416,0,1,324700,0,1,208,681683,2281677,passed,24,0,1,0
idempotency-accuracy,24,25,idempotency,12,4,4,5,21,0.8,0.3,5,2,1,1,7,58,1021421,285588,14282842,269499,1232115,938,231174,1061869,694,10,2502032,3,10,172500,3696994,3935803,passed,12,1,12,1
idempotency-accuracy,25,26,idempotency,24,4,4,2,21,0.8,0.3,5,2,1,1,9,98,919518,242621,12116798,223726,2014259,743,198611,1884472,818,12,3511979,3,12,165103,4597836,29171837,validation_failed,24,3,17,3
idempotency-accuracy,26,27,idempotency,19,2,2,5,11,0.8,0.3,5,2,1,1,1,1,359130,100000,4991660,119,177,2,120,179,0,1,349938,0,1,153,709262,1018816,passed,19,0,1,0
idempotency-accuracy,27,28,idempotency,12,3,3,4,16,0.8,0.3,5,2,1,1,5,31,601989,167425,8380666,54784,258525,215,45585,220647,104,6,1754517,1,6,34584,2391456,1735658,passed,12,1,9,1
idempotency-accuracy,28,29,idempotency,15,5,2,3,26,0.8,0.3,5,2,1,1,1,1,366862,100000,4998249,171,255,0,175,260,0,1,330910,0,1,148,697964,1444675,passed,15,0,1,0
idempotency-accuracy,29,30,idempotency,22,3,3,3,16,0.8,0.3,5,2,1,1,7,76,382413,107226,5363742,364472,2617621,1000,288566,2175575,1089,12,2906816,5,12,239195,3529709,10524861,passed,22,3,19,3
idempotency-accuracy,30,31,idempotency,21,5,2,4,26,0.8,0.3,5,2,1,1,1,1,365735,100000,4998365,223,333,48,227,338,0,1,330494,0,1,249,696523,1901427,passed,21,0,1,0
idempotency-accuracy,31,32,idempotency,20,5,3,4,26,0.8,0.3,5,2,1,1,8,79,429134,119203,5963073,499508,4425881,2657,406242,3686604,4252,12,3339908,4,12,359314,4130058,47615490,validation_failed,20,2,16,2
idempotency-accuracy,32,33,idempotency,13,5,2,4,26,0.8,0.3,5,2,1,1,1,1,364276,100000,4996046,223,333,1,227,338,0,1,332723,0,1,193,697234,1240535,passed,13,0,1,0
idempotency-accuracy,33,34,idempotency,13,4,4,3,21,0.8,0.3,5,2,1,1,5,22,391669,105176,5252361,31842,239138,73,24215,184231,102,6,1696949,1,6,20968,2110015,2219147,passed,13,1,7,1
idempotency-accuracy,34,35,idempotency,12,5,2,5,26,0.8,0.3,5,2,1,1,6,37,524774,146979,7347191,95903,525007,378,86347,486847,244,6,2003820,0,6,63577,2592637,4883681,passed,12,1,9,1
idempotency-accuracy,35,36,idempotency,15,4,4,2,21,0.8,0.3,5,2,1,1,5,34,369202,101968,5107588,43851,154376,100,40002,143631,150,6,1755478,1,6,28712,2153700,3901264,validation_failed,15,1,10,1
idempotency-accuracy,36,37,idempotency,11,5,2,5,26,0.8,0.3,5,2,1,1,7,56,894329,249610,12471213,244685,975637,510,224960,909642,659,8,2517777,1,8,156888,3569514,5840053,passed,11,1,12,1
idempotency-accuracy,37,38,idempotency,12,5,3,5,26,0.8,0.3,5,2,1,1,1,1,400389,100000,4996975,277,414,2,281,419,0,1,330273,0,1,207,730915,1290925,passed,12,0,1,0
idempotency-accuracy,38,39,idempotency,14,3,3,2,16,0.8,0.3,5,2,1,1,1,1,356983,100000,5019983,77,114,2,79,117,0,1,351909,0,1,86,709021,1006159,passed,14,0,1,0
idempotency-accuracy,39,40,idempotency,23,5,5,3,26,0.8,0.3,5,2,1,1,7,75,451220,125800,6285385,434965,3169688,1538,323474,2368885,1364,10,3109179,3,10,296048,3857285,93812351,passed,23,4,18,4
idempotency-accuracy,40,41,idempotency,11,5,2,4,26,0.8,0.3,5,2,1,1,1,1,359272,100000,5003290,223,333,7,227,338,0,1,328557,0,1,183,688050,1181998,passed,11,0,1,0
idempotency-accuracy,41,42,idempotency,22,5,2,4,26,0.8,0.3,5,2,1,1,7,114,947537,262306,13106272,1042545,5481343,2925,900442,4691013,3049,13,3656039,6,13,682243,5286978,101993780,passed,22,1,23,1
idempotency-accuracy,42,43,idempotency,23,2,5,3,11,0.8,0.3,5,2,1,1,12,131,595681,166761,8341143,255101,1853677,700,227533,1685953,815,14,4734396,2,14,173733,5505167,3610191,passed,23,2,19,2
idempotency-accuracy,43,44,idempotency,17,5,3,3,26,0.8,0.3,5,2,1,1,7,81,591317,164840,8262795,311996,1532454,822,281518,1423023,876,9,2838152,2,9,204327,3634532,32226308,passed,17,2,16,2
idempotency-accuracy,44,45,idempotency,12,4,5,2,21,0.8,0.3,5,2,1,1,4,17,362207,101191,5052274,13067,42004,44,8846,28585,12,4,1318081,0,4,7374,1687798,1695285,passed,12,2,7,2
idempotency-accuracy,45,46,idempotency,13,3,2,2,16,0.8,0.3,5,2,1,1,1,1,387336,100000,5009467,75,111,1,77,114,0,1,329747,0,1,97,717220,999090,passed,13,0,1,0
idempotency-accuracy,46,47,idempotency,20,4,5,2,21,0.8,0.3,5,2,1,1,1,1,356330,100000,4994476,103,153,1,106,157,0,1,324819,0,1,117,681301,1250890,passed,20,0,1,0
idempotency-accuracy,47,48,idempotency,18,5,3,2,26,0.8,0.3,5,2,1,1,10,112,726144,200209,10008648,226991,1165763,588,207973,1086356,666,10,3743627,0,10,147121,4617695,25974885,passed,18,2,17,2
idempotency-accuracy,48,49,idempotency,15,3,2,3,16,0.8,0.3,5,2,1,1,3,11,378902,100219,5021426,16072,81119,79,12637,63942,55,5,1016733,2,5,10199,1406127,1460181,passed,15,3,6,1
idempotency-accuracy,49,50,idempotency,14,2,5,3,11,0.8,0.3,5,2,1,1,1,1,361424,100000,4999358,81,120,1,82,122,0,1,327309,0,1,82,688860,984062,passed,14,0,1,0
idempotency-accuracy,50,51,idempotency,20,3,3,2,16,0.8,0.3,5,2,1,1,1,1,362414,100000,4988540,77,114,1,79,117,0,1,337315,0,1,84,699858,1027697,passed,20,0,1,0
idempotency-accuracy,51,52,idempotency,19,2,5,3,11,0.8,0.3,5,2,1,1,11,106,565420,156771,7830050,157570,835670,478,120081,650467,509,11,4213643,0,11,95424,4875317,2226509,passed,19,2,16,2
idempotency-accuracy,52,53,idempotency,18,3,3,3,16,0.8,0.3,5,2,1,1,5,20,378104,106053,5292026,14370,95420,67,10389,71671,25,5,1646198,0,5,9063,2033607,1734903,passed,18,1,6,1
idempotency-accuracy,53,54,idempotency,11,3,4,5,16,0.8,0.3,5,2,1,1,2,6,353443,100084,4990743,2928,9829,23,1851,7060,17,2,703688,0,2,1781,1058995,1092456,passed,11,2,4,2
idempotency-accuracy,54,55,idempotency,17,4,5,2,21,0.8,0.3,5,2,1,1,1,1,357451,100000,5005415,103,153,0,106,157,0,1,328508,0,1,100,686095,1165895,passed,17,0,1,0
idempotency-accuracy,55,56,idempotency,19,2,5,2,11,0.8,0.3,5,2,1,1,6,28,754403,208557,10438150,36855,175061,164,31250,148496,114,8,2129214,2,8,23676,2907764,1313481,validation_failed,19,1,9,1
idempotency-accuracy,56,57,idempotency,20,4,3,4,21,0.8,0.3,5,2,1,1,7,69,662318,185382,9272205,532016,6405234,2026,425265,4522245,1668,12,3266836,5,12,413969,4344961,26336824,passed,20,2,19,2
idempotency-accuracy,57,58,idempotency,10,2,5,3,11,0.8,0.3,5,2,1,1,2,9,360015,100483,5029381,15734,94262,18,11100,69671,106,5,701891,3,5,9754,1071890,1015550,passed,10,2,7,2
idempotency-accuracy,58,59,idempotency,18,2,3,5,11,0.8,0.3,5,2,1,1,6,36,435059,121575,6077800,56040,196346,163,47176,163849,170,7,2002431,1,7,34239,2472082,1360905,passed,18,1,9,1
idempotency-accuracy,59,60,idempotency,21,3,4,4,16,0.8,0.3,5,2,1,1,5,34,433050,118636,5932558,96539,547701,252,87084,500390,430,7,1888886,2,7,63766,2386155,4374400,validation_failed,21,1,13,1
idempotency-accuracy,60,61,idempotency,11,4,4,2,21,0.8,0.3,5,2,1,1,1,1,367500,100000,4993858,101,150,1,104,154,0,1,352777,0,1,106,720423,1058287,passed,11,0,1,0
idempotency-accuracy,61,62,idempotency,13,2,3,3,11,0.8,0.3,5,2,1,1,1,1,365930,100000,5008760,77,114,0,78,116,0,1,341308,0,1,84,707359,955399,passed,13,0,1,0
idempotency-accuracy,62,63,idempotency,17,2,5,5,11,0.8,0.3,5,2,1,1,6,42,386651,102345,5114889,56279,207645,202,48393,180999,148,6,2176448,0,6,36029,2599429,1510130,passed,17,3,11,3
idempotency-accuracy,63,64,idempotency,18,4,5,4,21,0.8,0.3,5,2,1,1,7,85,375781,104815,5240484,485645,2097180,1140,450350,1963979,1303,11,3039861,4,11,313163,3729565,22894751,passed,18,3,19,3
idempotency-accuracy,64,65,idempotency,16,3,5,2,16,0.8,0.3,5,2,1,1,1,1,367306,100000,5007962,81,120,0,83,123,8,1,327440,0,1,92,694875,1043809,passed,16,0,1,0
idempotency-accuracy,65,66,idempotency,11,2,5,5,11,0.8,0.3,5,2,1,1,3,9,378828,103266,5178392,4986,18168,26,4052,15554,10,3,990815,0,3,3270,1373053,1005746,passed,11,1,4,1
idempotency-accuracy,66,67,idempotency,24,3,4,3,16,0.8,0.3,5,2,1,1,11,109,854213,230103,11520159,274676,2850724,1364,232819,2362070,980,11,4195481,0,11,209913,5260717,11966959,passed,24,2,18,2
idempotency-accuracy,67,68,idempotency,14,4,5,2,21,0.8,0.3,5,2,1,1,1,1,376833,100000,5000873,103,153,0,106,157,0,1,340085,0,1,98,717057,1099946,passed,14,0,1,0
idempotency-accuracy,68,69,idempotency,20,5,3,5,26,0.8,0.3,5,2,1,1,8,83,397198,111765,5579507,518148,3740142,1440,479504,3477792,1726,12,3231101,4,12,366292,3995595,45928249,passed,20,1,16,1
idempotency-accuracy,69,70,idempotency,19,4,4,2,21,0.8,0.3,5,2,1,1,10,105,678501,190480,9523177,214820,3383749,964,178426,2530643,845,11,3878886,1,11,175509,4734239,16367334,validation_failed,19,1,19,1
idempotency-accuracy,70,71,idempotency,18,3,5,5,16,0.8,0.3,5,2,1,1,10,108,512974,143504,7180517,567992,2777023,1524,506748,2517908,1645,12,4041409,2,12,370063,4925472,8029159,passed,18,1,18,1
idempotency-accuracy,71,72,idempotency,10,5,4,4,26,0.8,0.3,5,2,1,1,7,50,512372,134809,6747953,175596,1936211,665,144642,1528751,583,8,2584110,1,8,130116,3227098,4274558,passed,10,2,11,2
idempotency-accuracy,72,73,idempotency,17,4,4,4,21,0.8,0.3,5,2,1,1,7,63,433116,121979,6112198,189135,1519332,628,172793,1399164,785,8,2661024,1,8,140425,3235273,10618460,passed,17,1,14,1
idempotency-accuracy,73,74,idempotency,24,5,3,3,26,0.8,0.3,5,2,1,1,6,68,409267,114965,5756243,939292,6848770,2645,794851,5870206,2313,13,3001418,7,13,627544,4039503,139962121,passed,24,1,21,1
idempotency-accuracy,74,75,idempotency,15,2,5,3,11,0.8,0.3,5,2,1,1,1,1,356460,100000,5005401,81,120,2,82,122,0,1,325044,0,1,102,681649,1009445,passed,15,0,1,0
idempotency-accuracy,75,76,idempotency,24,5,5,2,26,0.8,0.3,5,2,1,1,10,123,438078,121310,6050175,524554,2223288,1346,426782,1837355,1403,12,4223744,2,12,318877,4981767,97525190,passed,24,3,22,3
idempotency-accuracy,76,77,idempotency,15,5,2,2,26,0.8,0.3,5,2,1,1,1,1,356874,100000,5006441,119,177,1,123,182,0,1,329708,0,1,107,686735,1302230,passed,15,0,1,0
idempotency-accuracy,77,78,idempotency,23,4,5,2,21,0.8,0.3,5,2,1,1,1,1,374454,100000,5006985,103,153,0,106,157,0,1,325179,0,1,94,699768,1369238,passed,23,0,1,0
idempotency-accuracy,78,79,idempotency,19,3,4,5,16,0.8,0.3,5,2,1,1,5,26,422657,118092,5911552,50845,350319,214,36383,246777,122,6,1744396,1,6,34706,2202164,2798315,passed,19,1,8,1
idempotency-accuracy,79,80,idempotency,17,2,4,5,11,0.8,0.3,5,2,1,1,6,27,509408,143689,7192142,31901,246744,129,23479,185335,66,6,2020283,0,6,20814,2550841,1352096,passed,17,1,7,1
idempotency-accuracy,80,81,idempotency,10,3,2,4,16,0.8,0.3,5,2,1,1,1,1,360010,100000,4998510,139,207,1,141,210,0,1,330292,0,1,120,690469,1009173,passed,10,0,1,0
idempotency-accuracy,81,82,idempotency,16,4,5,5,21,0.8,0.3,5,2,1,1,5,35,425167,116213,5792461,288824,1412684,634,267369,1334582,655,10,2068315,5,10,187961,2682141,9201871,passed,16,1,13,1
idempotency-accuracy,82,83,idempotency,18,5,2,5,26,0.8,0.3,5,2,1,1,5,35,398857,108788,5439599,208876,1023444,465,190620,952442,527,8,1811466,3,8,138392,2349360,16309102,passed,18,1,11,1
idempotency-accuracy,83,84,idempotency,14,3,3,2,16,0.8,0.3,5,2,1,1,1,1,371587,100000,5007430,77,114,2,79,117,0,1,343591,0,1,114,715339,1002536,passed,14,0,1,0
idempotency-accuracy,84,85,idempotency,16,2,3,2,11,0.8,0.3,5,2,1,1,5,26,472003,131180,6567475,28926,217777,65,22110,148109,68,7,1726339,2,7,19482,2218217,1255384,passed,16,1,10,1
idempotency-accuracy,85,86,idempotency,23,2,2,2,11,0.8,0.3,5,2,1,1,1,1,355222,100000,5012875,53,78,2,54,80,0,1,331505,0,1,91,686862,963103,passed,23,0,1,0
idempotency-accuracy,86,87,idempotency,15,3,5,5,16,0.8,0.3,5,2,1,1,4,24,377409,102855,5134745,147732,713608,424,114400,550601,453,8,1452139,4,8,92312,1922354,2420092,passed,15,1,10,1
idempotency-accuracy,87,88,idempotency,24,2,5,3,11,0.8,0.3,5,2,1,1,11,148,715195,200417,10005763,389737,3300271,1255,318130,2707630,1424,14,4660865,3,14,271549,5649303,4261774,validation_failed,24,1,20,1
idempotency-accuracy,88,89,idempotency,16,4,2,3,21,0.8,0.3,5,2,1,1,5,58,591563,163218,8136975,277048,1644946,854,257379,1561256,734,10,2056765,5,10,188926,2838118,11636986,passed,16,1,17,1
idempotency-accuracy,89,90,idempotency,14,3,4,5,16,0.8,0.3,5,2,1,1,5,38,460903,128515,6423973,94352,434649,157,79830,366025,199,6,1759848,1,6,59031,2280140,2283496,validation_failed,14,1,11,1
idempotency-accuracy,90,91,idempotency,18,4,4,4,21,0.8,0.3,5,2,1,1,5,50,833214,230863,11526747,425783,2200289,1069,329759,1731287,940,10,2133304,5,10,264377,3231534,17761725,passed,18,2,16,2
idempotency-accuracy,91,92,idempotency,20,4,5,4,21,0.8,0.3,5,2,1,1,12,132,625184,172686,8631271,642147,2987635,1777,555997,2607919,1839,14,4786341,2,14,409808,5822453,27440889,passed,20,2,17,2
idempotency-accuracy,92,93,idempotency,22,5,2,2,26,0.8,0.3,5,2,1,1,1,1,370109,100000,5010585,119,177,0,123,182,0,1,335331,0,1,108,705595,1895892,passed,22,0,1,0
idempotency-accuracy,93,94,idempotency,22,4,2,3,21,0.8,0.3,5,2,1,1,1,1,355060,100000,4995873,139,207,0,142,211,0,1,326882,0,1,119,682102,1326614,passed,22,0,1,0
idempotency-accuracy,94,95,idempotency,15,3,5,4,16,0.8,0.3,5,2,1,1,1,1,363955,100000,4990825,145,216,2,147,219,0,1,332024,0,1,137,696163,1041646,passed,15,0,1,0
idempotency-accuracy,95,96,idempotency,22,4,4,2,21,0.8,0.3,5,2,1,1,9,122,574214,161603,8064681,294805,1395166,749,253207,1224789,793,11,3937548,2,11,186160,4698916,26590613,passed,22,1,19,1
idempotency-accuracy,96,97,idempotency,12,5,3,5,26,0.8,0.3,5,2,1,1,5,39,441474,123007,6150841,438467,2572540,1231,387938,2339868,1351,11,2127743,6,11,285821,2855886,10019886,passed,12,1,13,1
idempotency-accuracy,97,98,idempotency,18,4,2,5,21,0.8,0.3,5,2,1,1,6,43,540154,150767,7536624,414816,2498240,1146,329104,1949016,1038,12,2418918,6,12,263232,3223111,10492581,passed,18,1,14,1
idempotency-accuracy,98,99,idempotency,16,5,3,2,26,0.8,0.3,5,2,1,1,7,52,461552,124106,6194498,93777,523789,342,86235,490753,222,9,2585969,2,9,64112,3112368,8735383,passed,16,1,11,1
idempotency-accuracy,99,100,idempotency,20,2,5,5,11,0.8,0.3,5,2,1,1,6,40,467355,126830,6341453,50598,331101,161,43847,293137,133,6,2118669,0,6,35709,2622187,1582374,passed,20,2,10,2
idempotency-accuracy,100,101,idempotency,16,5,3,4,26,0.8,0.3,5,2,1,1,4,44,410286,110517,5531373,440097,2406658,1257,391592,2196559,1585,10,2002127,6,10,296057,2709329,33870053,passed,16,3,17,3
idempotency-accuracy,101,102,idempotency,18,5,4,4,26,0.8,0.3,5,2,1,1,8,65,470246,129007,6447157,246100,2308534,762,186260,1781303,745,10,2987661,2,10,169496,3628151,15956310,passed,18,1,14,1
idempotency-accuracy,102,103,idempotency,20,3,5,5,16,0.8,0.3,5,2,1,1,7,79,955877,263047,13153548,421635,2077735,1189,347639,1750531,1269,11,3087410,4,11,273695,4317964,10003748,validation_failed,20,2,19,2
idempotency-accuracy,103,104,idempotency,10,3,3,5,16,0.8,0.3,5,2,1,1,1,1,365296,100000,5007717,173,258,2,175,261,0,1,341022,0,1,187,706550,992477,passed,10,0,1,0
idempotency-accuracy,104,105,idempotency,14,3,4,3,16,0.8,0.3,5,2,1,1,6,45,654518,179275,8964085,57030,224830,132,50496,201339,202,6,2149992,0,6,35090,2839913,2190803,passed,14,3,12,3
idempotency-accuracy,105,106,idempotency,23,4,5,3,21,0.8,0.3,5,2,1,1,7,78,622518,172067,8612895,412618,3282247,1209,364327,2778109,1457,11,3171554,4,11,292005,4087060,40175610,passed,23,1,20,1
idempotency-accuracy,106,107,idempotency,18,2,3,4,11,0.8,0.3,5,2,1,1,6,33,453611,125466,6265053,29646,215673,95,21861,170740,85,6,2010150,0,6,19641,2483838,1569246,passed,18,3,8,3
idempotency-accuracy,107,108,idempotency,13,5,3,5,26,0.8,0.3,5,2,1,1,5,46,482236,130062,6509008,204494,1674685,679,154485,1321129,511,6,1833158,1,6,140809,2456789,13181972,passed,13,2,13,2
idempotency-accuracy,108,109,idempotency,16,3,3,3,16,0.8,0.3,5,2,1,1,1,1,359897,100000,5003489,109,162,1,111,165,0,1,326480,0,1,103,686521,1036467,passed,16,0,1,0
idempotency-accuracy,109,110,idempotency,12,5,3,5,26,0.8,0.3,5,2,1,1,1,1,367350,100000,4991635,277,414,1,281,419,0,1,344769,0,1,223,712394,1230941,passed,12,0,1,0
idempotency-accuracy,110,111,idempotency,15,2,2,2,11,0.8,0.3,5,2,1,1,7,52,489275,137615,6867028,30311,162925,82,26722,146712,105,7,2420302,0,7,20475,2930516,1277945,passed,15,2,11,2
idempotency-accuracy,111,112,idempotency,24,5,2,4,26,0.8,0.3,5,2,1,1,5,96,828127,228115,11393865,1553617,9418317,4565,1218428,7481403,4612,15,3181616,10,15,1021294,5032469,245694845,passed,24,1,25,1
idempotency-accuracy,112,113,idempotency,19,2,4,4,11,0.8,0.3,5,2,1,1,1,1,357492,100000,5000100,101,150,1,102,152,0,1,328964,0,1,106,686602,979617,passed,19,0,1,0
idempotency-accuracy,113,114,idempotency,16,5,4,4,26,0.8,0.3,5,2,1,1,8,90,470950,132080,6597842,500752,2555312,1259,451290,2333525,1369,11,3423346,3,11,327965,4223118,28677555,passed,16,2,17,2
idempotency-accuracy,114,115,idempotency,21,2,5,4,11,0.8,0.3,5,2,1,1,1,1,369585,100000,5012049,103,153,0,104,155,0,1,332254,0,1,103,701995,1009316,passed,21,0,1,0
idempotency-accuracy,115,116,idempotency,18,5,2,4,26,0.8,0.3,5,2,1,1,6,49,419589,117605,5881998,381733,2443790,1594,314473,2128506,1453,10,2269961,4,10,273816,2964126,23683000,passed,18,1,13,1
idempotency-accuracy,116,117,idempotency,19,2,2,3,11,0.8,0.3,5,2,1,1,1,1,358053,100000,5005448,75,111,1,76,113,0,1,326818,0,1,84,685002,977914,passed,19,0,1,0
idempotency-accuracy,117,118,idempotency,24,5,5,3,26,0.8,0.3,5,2,1,1,1,1,358983,100000,5015947,177,264,1,181,269,0,1,328625,0,1,153,687801,2084411,passed,24,0,1,0
idempotency-accuracy,118,119,idempotency,11,4,4,4,21,0.8,0.3,5,2,1,1,3,16,381235,103959,5208550,58493,286014,217,42170,201368,101,6,1024338,3,6,36134,1441976,1988331,passed,11,1,8,1
idempotency-accuracy,119,120,idempotency,18,2,4,5,11,0.8,0.3,5,2,1,1,6,39,409405,115124,5749862,50654,233877,149,47566,217177,124,6,2077772,0,6,33455,2520942,1515148,passed,18,1,10,1
idempotency-accuracy,120,121,idempotency,22,3,2,5,16,0.8,0.3,5,2,1,1,1,1,356430,100000,4992500,171,255,1,173,258,0,1,329404,0,1,138,686011,1087396,passed,22,0,1,0
idempotency-accuracy,121,122,idempotency,14,4,4,4,21,0.8,0.3,5,2,1,1,4,31,474251,132980,6621456,81514,306927,231,66761,246750,144,5,1391075,1,5,49349,1914913,4565545,validation_failed,14,2,11,2
idempotency-accuracy,122,123,idempotency,17,3,4,4,16,0.8,0.3,5,2,1,1,5,34,373207,104478,5231207,102307,672542,370,78856,505471,414,7,1837424,2,7,67064,2278074,4494359,passed,17,1,13,1
idempotency-accuracy,123,124,idempotency,14,2,3,5,11,0.8,0.3,5,2,1,1,4,18,364222,100853,5059920,39293,214545,90,28419,156840,84,6,1371479,2,6,23684,1759624,1206380,passed,14,1,9,1
idempotency-accuracy,124,125,idempotency,10,3,4,5,16,0.8,0.3,5,2,1,1,4,18,359095,100960,5048548,28112,186799,75,20110,141363,59,5,1371848,1,5,17443,1748641,1192424,passed,10,1,7,1
idempotency-accuracy,125,126,idempotency,22,5,4,3,26,0.8,0.3,5,2,1,1,5,61,434858,121500,6076316,483595,2296333,1220,400605,1899018,1209,11,2480419,6,11,297622,3213753,58320686,passed,22,1,21,1
idempotency-accuracy,126,127,idempotency,10,2,4,2,11,0.8,0.3,5,2,1,1,5,20,365115,101982,5100539,7832,32197,13,5805,25203,51,5,1677073,0,5,4784,2047182,983233,passed,10,1,6,1
idempotency-accuracy,127,128,idempotency,11,5,3,4,26,0.8,0.3,5,2,1,1,1,1,356265,100000,5018907,225,336,1,229,341,0,1,325107,0,1,196,681601,1193182,passed,11,0,1,0
idempotency-accuracy,128,129,idempotency,12,5,2,4,26,0.8,0.3,5,2,1,1,7,55,441844,124480,6221050,141436,686193,358,127448,642428,448,7,2451308,0,7,92921,2986496,7312232,passed,12,2,12,1
idempotency-accuracy,129,130,idempotency,24,3,3,5,16,0.8,0.3,5,2,1,1,1,1,370170,100000,5000746,173,258,2,175,261,0,1,336336,0,1,148,706698,1176797,passed,24,0,1,0
idempotency-accuracy,130,131,idempotency,12,4,2,5,21,0.8,0.3,5,2,1,1,5,28,548359,153464,7669474,71134,608615,223,56425,505396,247,7,1724698,2,7,48756,2322337,2655148,passed,12,1,8,1
idempotency-accuracy,131,132,idempotency,20,4,3,4,21,0.8,0.3,5,2,1,1,1,1,356093,100000,5007783,183,273,2,186,277,0,1,328011,0,1,149,684301,1313458,passed,20,0,1,0
idempotency-accuracy,132,133,idempotency,12,2,2,3,11,0.8,0.3,5,2,1,1,3,10,359978,100850,5045897,4023,15583,8,2936,11744,9,3,1019476,0,3,2462,1382068,1000701,passed,12,1,5,1
idempotency-accuracy,133,134,idempotency,20,4,2,5,21,0.8,0.3,5,2,1,1,2,23,387745,100343,5016901,520311,3010529,1670,377243,2225121,1317,10,1599414,8,10,352564,2340504,39440441,passed,20,4,21,4
idempotency-accuracy,134,135,idempotency,17,5,5,5,26,0.8,0.3,5,2,1,1,1,1,360279,100000,5018314,281,420,1,285,425,0,1,328037,0,1,225,688585,1508601,passed,17,0,1,0
idempotency-accuracy,135,136,idempotency,24,3,4,3,16,0.8,0.3,5,2,1,1,11,126,462250,130925,6538550,325568,1547946,878,297186,1418477,928,12,4346676,1,12,211401,5021420,16398903,passed,24,2,19,2
idempotency-accuracy,136,137,idempotency,15,4,3,5,21,0.8,0.3,5,2,1,1,4,31,380221,102406,5128400,211073,940223,951,193158,871917,1138,8,1725242,4,8,140528,2246469,7916921,validation_failed,15,1,13,1
idempotency-accuracy,137,138,idempotency,21,3,3,3,16,0.8,0.3,5,2,1,1,6,49,468163,130542,6518762,114649,613244,494,95028,506013,565,9,2213996,3,9,74623,2757380,5693436,passed,21,1,12,1
idempotency-accuracy,138,139,idempotency,16,2,2,2,11,0.8,0.3,5,2,1,1,1,1,379390,100000,5001510,53,78,1,54,80,0,1,327622,0,1,74,707130,967449,passed,16,0,1,0
idempotency-accuracy,139,140,idempotency,11,4,5,4,21,0.8,0.3,5,2,1,1,1,1,356741,100000,4995401,187,279,1,190,283,0,1,330291,0,1,177,687250,1053928,passed,11,0,1,0
idempotency-accuracy,140,141,idempotency,12,3,3,5,16,0.8,0.3,5,2,1,1,3,23,396847,106422,5329859,126580,679847,548,93799,506377,437,8,1245606,5,8,79825,1723122,1879457,validation_failed,12,1,11,1
idempotency-accuracy,141,142,idempotency,12,3,5,5,16,0.8,0.3,5,2,1,1,1,1,359777,100000,5004836,177,264,2,179,267,0,1,327837,0,1,167,687822,1012539,passed,12,0,1,0
idempotency-accuracy,142,143,idempotency,12,3,3,3,16,0.8,0.3,5,2,1,1,7,39,490456,134109,6702442,50953,244601,126,38265,183211,191,7,2378334,0,7,32438,2901606,1534771,passed,12,1,9,1
idempotency-accuracy,143,144,idempotency,16,2,4,2,11,0.8,0.3,5,2,1,1,1,1,355746,100000,4997564,57,84,2,58,86,0,1,329064,0,1,84,684935,981382,passed,16,0,1,0
idempotency-accuracy,144,145,idempotency,15,3,4,5,16,0.8,0.3,5,2,1,1,5,29,390629,104367,5233009,45971,172977,162,41430,157462,131,5,1800647,0,5,32000,2223542,1963746,validation_failed,15,1,9,1
idempotency-accuracy,145,146,idempotency,14,4,3,4,21,0.8,0.3,5,2,1,1,1,1,361574,100000,5020718,183,273,2,186,277,0,1,350508,0,1,171,712296,1132910,passed,14,0,1,0
idempotency-accuracy,146,147,idempotency,14,2,5,3,11,0.8,0.3,5,2,1,1,4,35,374914,102179,5106352,66988,371949,163,46021,250598,155,8,1651011,4,8,40741,2067219,1355165,passed,14,2,12,2
idempotency-accuracy,147,148,idempotency,11,5,5,4,26,0.8,0.3,5,2,1,1,5,42,385520,104649,5219441,186899,1348566,622,137361,1010763,505,8,1951395,3,8,131991,2469386,7073847,passed,11,1,12,1
idempotency-accuracy,148,149,idempotency,11,2,3,5,11,0.8,0.3,5,2,1,1,1,1,370233,100000,5002013,121,180,1,122,182,0,1,331126,0,1,108,701509,987048,passed,11,0,1,0
idempotency-accuracy,149,150,idempotency,11,4,5,3,21,0.8,0.3,5,2,1,1,3,14,370257,102599,5139405,82238,440118,190,65950,332456,215,6,1235455,3,6,51336,1657597,2871661,passed,11,1,11,1
idempotency-accuracy,150,151,idempotency,17,4,3,3,21,0.8,0.3,5,2,1,1,7,49,557562,146678,7337337,101997,574320,325,88430,489653,391,7,2482816,0,7,69061,3109963,5643391,validation_failed,17,1,11,1
idempotency-accuracy,151,152,idempotency,20,5,5,3,26,0.8,0.3,5,2,1,1,7,77,625460,170974,8535341,603122,5746701,2274,505097,4824322,2230,16,3670024,9,16,443389,4740384,34967867,passed,20,1,17,1
idempotency-accuracy,152,153,idempotency,22,2,2,2,11,0.8,0.3,5,2,1,1,4,22,485740,131849,6602625,25076,129447,137,18269,88819,101,6,1440571,2,6,16122,1942807,1638186,validation_failed,22,2,10,2
idempotency-accuracy,153,154,idempotency,14,3,3,3,16,0.8,0.3,5,2,1,1,1,1,365114,100000,4995070,109,162,2,111,165,0,1,326762,0,1,129,692049,1006145,passed,14,0,1,0
idempotency-accuracy,154,155,idempotency,19,3,4,5,16,0.8,0.3,5,2,1,1,6,76,607818,167596,8378711,554364,3862351,1696,519643,3669183,1917,13,2925570,7,13,392718,3927519,9486131,passed,19,1,19,1
idempotency-accuracy,155,156,idempotency,16,2,4,3,11,0.8,0.3,5,2,1,1,3,13,380540,105127,5281584,6474,30583,10,5742,27764,29,3,989490,0,3,4223,1374435,1063178,passed,16,1,6,1
idempotency-accuracy,156,157,idempotency,14,5,4,5,26,0.8,0.3,5,2,1,1,8,62,449317,121397,6091357,281894,1081516,509,244122,949446,888,8,2847354,0,8,171788,3468954,11179828,passed,14,1,12,1
idempotency-accuracy,157,158,idempotency,23,4,2,4,21,0.8,0.3,5,2,1,1,1,1,356905,100000,4993103,181,270,1,184,274,0,1,329786,0,1,148,686884,1430485,passed,23,0,1,0
idempotency-accuracy,158,159,idempotency,17,5,5,5,26,0.8,0.3,5,2,1,1,6,51,435727,121030,6055581,247136,1779341,708,183016,1359149,595,8,2315328,2,8,158602,2910217,20670216,passed,17,3,12,3
idempotency-accuracy,159,160,idempotency,10,4,5,2,21,0.8,0.3,5,2,1,1,5,22,507759,141868,7085113,21110,119904,77,15851,92231,103,6,1700049,1,6,14006,2222101,1690830,passed,10,1,7,1
idempotency-accuracy,160,161,idempotency,22,5,5,5,26,0.8,0.3,5,2,1,1,6,83,507028,141718,7097597,671770,8312581,2392,570214,6673763,2594,10,2658190,4,10,521064,3687142,81504112,passed,22,1,20,1
idempotency-accuracy,161,162,idempotency,24,5,4,3,26,0.8,0.3,5,2,1,1,1,1,359719,100000,4994955,175,261,1,179,266,0,1,325898,0,1,150,685818,2026006,passed,24,0,1,0
idempotency-accuracy,162,163,idempotency,17,4,5,5,21,0.8,0.3,5,2,1,1,7,52,414758,111577,5564481,234476,1679657,567,173224,1183488,703,9,2660422,2,9,152022,3227838,8991684,passed,17,1,12,1
idempotency-accuracy,163,164,idempotency,16,4,3,2,21,0.8,0.3,5,2,1,1,1,1,355740,100000,4996856,99,147,1,102,151,0,1,325674,0,1,107,681563,1158462,passed,16,0,1,0
idempotency-accuracy,164,165,idempotency,16,4,2,4,21,0.8,0.3,5,2,1,1,1,1,354471,100000,5000249,181,270,1,184,274,0,1,329075,0,1,148,683734,1192227,passed,16,0,1,0
idempotency-accuracy,165,166,idempotency,22,3,3,4,16,0.8,0.3,5,2,1,1,1,1,358756,100000,5005110,141,210,1,143,213,0,1,327809,0,1,119,686726,1138957,passed,22,0,1,0
idempotency-accuracy,166,167,idempotency,14,4,3,5,21,0.8,0.3,5,2,1,1,4,25,385111,105892,5289778,69375,376716,250,52153,284338,235,6,1477051,2,6,48365,1910854,3974507,passed,14,3,9,3
idempotency-accuracy,167,168,idempotency,21,5,3,3,26,0.8,0.3,5,2,1,1,10,105,688915,190928,9566578,411598,2034905,1141,399599,1963792,1156,12,3941967,2,12,276888,4908647,49582978,validation_failed,21,1,18,1
idempotency-accuracy,168,169,idempotency,24,3,3,2,16,0.8,0.3,5,2,1,1,6,42,435509,123231,6150428,44659,188070,187,38072,161249,129,7,2033225,1,7,27910,2497042,3639118,passed,24,1,10,1
idempotency-accuracy,169,170,idempotency,12,5,2,2,26,0.8,0.3,5,2,1,1,3,18,371058,104208,5212908,34883,227832,87,28219,181672,109,5,1021572,2,5,22361,1415342,3927778,passed,12,1,9,1
idempotency-accuracy,170,171,idempotency,13,2,4,3,11,0.8,0.3,5,2,1,1,5,33,373828,104697,5227354,24902,107141,71,22335,98671,75,5,1741288,0,5,15616,2130974,1141903,passed,13,1,10,1
idempotency-accuracy,171,172,idempotency,23,3,4,5,16,0.8,0.3,5,2,1,1,6,59,459077,126960,6369949,505625,3113713,1630,377683,2395411,1156,10,2808664,4,10,318615,3587222,19912292,passed,23,2,21,2
idempotency-accuracy,172,173,idempotency,24,2,5,3,11,0.8,0.3,5,2,1,1,5,23,362681,102149,5105024,15313,118543,48,10692,84244,44,5,1681013,0,5,9951,2053929,1687850,passed,24,1,7,1
idempotency-accuracy,173,174,idempotency,19,3,2,4,16,0.8,0.3,5,2,1,1,6,60,363124,102644,5136389,466505,6024800,1687,369721,4744663,1450,14,2819518,8,14,357836,3542028,7609731,passed,19,2,19,2
idempotency-accuracy,174,175,idempotency,16,2,4,5,11,0.8,0.3,5,2,1,1,1,1,370492,100000,4990499,123,183,1,124,185,0,1,324211,0,1,112,694873,975647,passed,16,0,1,0
idempotency-accuracy,175,176,idempotency,20,3,3,2,16,0.8,0.3,5,2,1,1,11,128,672307,187333,9365419,289312,1961162,917,246567,1691929,830,13,4340860,2,13,193328,5207807,7059071,validation_failed,20,2,18,2
idempotency-accuracy,176,177,idempotency,15,5,2,4,26,0.8,0.3,5,2,1,1,1,1,360037,100000,5001656,223,333,1,227,338,0,1,331280,0,1,170,691530,1378685,passed,15,0,1,0
idempotency-accuracy,177,178,idempotency,11,3,5,5,16,0.8,0.3,5,2,1,1,2,5,359639,100288,5014313,2901,7988,9,2219,6528,10,2,656331,0,2,1758,1017812,1072883,passed,11,1,3,1
idempotency-accuracy,178,179,idempotency,12,5,5,4,26,0.8,0.3,5,2,1,1,1,1,358239,100000,5006325,229,342,1,233,347,0,1,328566,0,1,198,687046,1269941,passed,12,0,1,0
idempotency-accuracy,179,180,idempotency,12,4,5,3,21,0.8,0.3,5,2,1,1,6,27,369023,102082,5116628,30853,150080,100,22310,114540,96,6,2019508,0,6,18863,2407692,2047244,passed,12,2,7,2
idempotency-accuracy,180,181,idempotency,21,3,3,3,16,0.8,0.3,5,2,1,1,1,1,354910,100000,5005316,109,162,2,111,165,0,1,332735,0,1,183,687879,1048604,passed,21,0,1,0
idempotency-accuracy,181,182,idempotency,23,4,5,3,21,0.8,0.3,5,2,1,1,10,146,509242,141340,7069763,369703,2120486,1083,322055,1887900,1173,10,4239631,0,10,245657,4995341,41078538,validation_failed,23,6,23,5
idempotency-accuracy,182,183,idempotency,19,2,3,3,11,0.8,0.3,5,2,1,1,6,46,366091,102593,5118963,145532,1968332,760,109019,1484900,688,12,2547909,6,12,110222,3027172,2086839,passed,19,3,14,3
idempotency-accuracy,183,184,idempotency,15,2,2,5,11,0.8,0.3,5,2,1,1,9,75,426045,119184,5948451,125669,785514,331,113820,730091,476,9,3168133,0,9,84502,3679324,1542774,passed,15,2,13,2
idempotency-accuracy,184,185,idempotency,20,3,4,3,16,0.8,0.3,5,2,1,1,10,80,499115,139439,6953463,282951,2609518,861,226813,1967196,779,13,3808298,3,13,195804,4504327,7798804,validation_failed,20,1,16,1
idempotency-accuracy,185,186,idempotency,20,2,5,3,11,0.8,0.3,5,2,1,1,1,1,356820,100000,4997711,81,120,2,82,122,0,1,347459,0,1,111,704432,999395,passed,20,0,1,0
idempotency-accuracy,186,187,idempotency,10,4,4,5,21,0.8,0.3,5,2,1,1,1,1,358205,100000,4996888,227,339,2,230,343,0,1,335048,0,1,282,693576,1038271,passed,10,0,1,0
idempotency-accuracy,187,188,idempotency,17,4,3,5,21,0.8,0.3,5,2,1,1,1,1,360805,100000,5005278,225,336,22,228,340,0,1,327435,0,1,194,688474,1220933,passed,17,0,1,0
idempotency-accuracy,188,189,idempotency,17,2,3,5,11,0.8,0.3,5,2,1,1,5,27,398980,112057,5612965,33129,377769,166,25712,279218,123,6,1658768,1,6,24851,2083002,1361665,passed,17,1,8,1
idempotency-accuracy,189,190,idempotency,18,2,5,3,11,0.8,0.3,5,2,1,1,7,49,612711,169120,8440011,42298,405238,167,37543,363169,156,7,2542591,0,7,30031,3185942,1436148,validation_failed,18,1,12,1
idempotency-accuracy,190,191,idempotency,10,5,2,4,26,0.8,0.3,5,2,1,1,4,27,363199,101958,5099276,197299,2080543,732,155517,1708979,651,10,1793606,6,10,144756,2302350,4134182,passed,10,1,11,1
idempotency-accuracy,191,192,idempotency,23,5,3,4,26,0.8,0.3,5,2,1,1,5,55,752413,210373,10538181,446804,2530499,1439,353577,1981722,1116,10,2170995,5,10,287086,3211282,64449374,passed,23,1,15,1
idempotency-accuracy,192,193,idempotency,18,4,4,4,21,0.8,0.3,5,2,1,1,2,11,363098,100222,5014533,67213,405851,219,48789,285248,119,6,762236,4,6,42399,1168042,5575647,passed,18,1,9,1
idempotency-accuracy,193,194,idempotency,16,4,4,3,21,0.8,0.3,5,2,1,1,6,54,431108,117476,5866158,342176,1703704,917,297534,1475194,820,10,2528679,4,10,216735,3177275,13103978,passed,16,2,16,2
idempotency-accuracy,194,195,idempotency,18,5,3,3,26,0.8,0.3,5,2,1,1,7,49,441494,121645,6102351,236666,1125767,811,200156,984515,745,11,2558805,4,11,157855,3158846,16925977,validation_failed,18,1,12,1
idempotency-accuracy,195,196,idempotency,24,2,2,5,11,0.8,0.3,5,2,1,1,5,19,364136,102338,5114002,17858,631560,386,14116,405234,290,5,1660371,0,5,20060,2045073,1321147,passed,24,1,6,1
idempotency-accuracy,196,197,idempotency,16,2,5,2,11,0.8,0.3,5,2,1,1,6,42,362708,102066,5107891,35657,673863,164,27898,544821,100,7,2153946,1,7,29011,2546344,1467279,passed,16,3,14,3
idempotency-accuracy,197,198,idempotency,16,5,3,4,26,0.8,0.3,5,2,1,1,1,1,365148,100000,5002500,225,336,1,229,341,0,1,334527,0,1,176,699887,1400340,passed,16,0,1,0
idempotency-accuracy,198,199,idempotency,10,4,2,5,21,0.8,0.3,5,2,1,1,4,20,407001,114155,5703062,31467,99181,67,26043,85719,80,4,1323092,0,4,18995,1749260,1698694,passed,10,3,7,3
idempotency-accuracy,199,200,idempotency,17,3,2,2,16,0.8,0.3,5,2,1,1,7,40,416158,115589,5781368,46352,223670,140,40375,195879,128,8,2307479,1,8,30946,2755022,1852379,passed,17,1,9,1
idempotency-accuracy,200,201,idempotency,12,3,2,3,16,0.8,0.3,5,2,1,1,1,1,361877,100000,5009587,107,159,2,109,162,0,1,338429,0,1,167,700519,1011851,passed,12,0,1,0
idempotency-accuracy,201,202,idempotency,12,5,2,2,26,0.8,0.3,5,2,1,1,8,49,458664,123204,6152501,96692,508921,308,73727,406376,263,9,2787766,1,9,58979,3305887,5992203,passed,12,2,11,2
idempotency-accuracy,202,203,idempotency,15,3,2,4,16,0.8,0.3,5,2,1,1,1,1,357001,100000,5005050,139,207,1,141,210,0,1,325255,0,1,118,682411,1012524,passed,15,0,1,0
idempotency-accuracy,203,204,idempotency,13,2,3,3,11,0.8,0.3,5,2,1,1,1,1,358730,100000,5001010,77,114,2,78,116,0,1,328369,0,1,85,687229,970458,passed,13,0,1,0
idempotency-accuracy,204,205,idempotency,22,2,4,2,11,0.8,0.3,5,2,1,1,9,65,395653,111095,5522990,79134,1447704,434,66707,1141532,534,9,3359050,0,9,72545,3828143,2195856,passed,22,1,14,1
idempotency-accuracy,205,206,idempotency,17,4,2,2,21,0.8,0.3,5,2,1,1,1,1,363426,100000,5011703,97,144,1,100,148,0,1,352294,0,1,92,715860,1135558,passed,17,0,1,0
idempotency-accuracy,206,207,idempotency,11,4,3,2,21,0.8,0.3,5,2,1,1,5,35,387406,108581,5439164,103983,440311,364,92012,396972,306,8,1921104,3,8,66553,2375619,2801519,passed,11,1,12,1
idempotency-accuracy,207,208,idempotency,14,4,4,5,21,0.8,0.3,5,2,1,1,5,43,385400,103927,5197122,296584,1614134,1003,244059,1346392,944,10,2036647,5,10,196464,2619259,7339492,passed,14,2,13,2
idempotency-accuracy,208,209,idempotency,21,3,2,3,16,0.8,0.3,5,2,1,1,1,1,356172,100000,4993593,107,159,1,109,162,0,1,327902,0,1,105,684210,1101956,passed,21,0,1,0
idempotency-accuracy,209,210,idempotency,10,5,2,3,26,0.8,0.3,5,2,1,1,1,1,357625,100000,4994228,171,255,2,175,260,0,1,329337,0,1,167,687200,1152572,passed,10,0,1,0
idempotency-accuracy,210,211,idempotency,22,4,4,4,21,0.8,0.3,5,2,1,1,9,76,944592,256104,12806618,441418,3188414,1245,351367,2611740,1397,12,3367663,3,12,291062,4604388,25571638,passed,22,1,19,1
idempotency-accuracy,211,212,idempotency,20,3,4,2,16,0.8,0.3,5,2,1,1,6,56,403465,105918,5292455,127911,991205,402,97573,778575,391,9,2323645,3,9,83535,2811718,5305116,passed,20,1,16,1
idempotency-accuracy,212,213,idempotency,22,2,2,3,11,0.8,0.3,5,2,1,1,8,99,905036,252199,12613112,224741,1508701,542,211734,1437930,711,12,3110508,4,12,152287,4169054,3038593,passed,22,1,19,1
idempotency-accuracy,213,214,idempotency,22,3,3,4,16,0.8,0.3,5,2,1,1,1,1,377478,100000,5000694,141,210,2,143,213,0,1,329470,0,1,157,707150,1090436,passed,22,0,1,0
idempotency-accuracy,214,215,idempotency,18,4,2,4,21,0.8,0.3,5,2,1,1,1,1,362647,100000,5002298,181,270,2,184,274,0,1,327762,0,1,145,690594,1217558,passed,18,0,1,0
idempotency-accuracy,215,216,idempotency,19,4,5,3,21,0.8,0.3,5,2,1,1,11,129,573285,159946,7994116,441372,2056095,1210,403888,1906223,1228,12,4332001,1,12,283858,5190193,25008294,passed,19,2,19,2
idempotency-accuracy,216,217,idempotency,15,2,3,4,11,0.8,0.3,5,2,1,1,5,20,370264,104098,5206210,12802,108616,52,9126,82556,32,5,1639126,0,5,8592,2018231,1111376,passed,15,1,6,1
idempotency-accuracy,217,218,idempotency,18,4,4,5,21,0.8,0.3,5,2,1,1,4,42,370858,103818,5184803,312169,1440048,565,240492,1086626,583,8,1739067,4,8,185582,2296010,15247458,validation_failed,18,1,15,1
idempotency-accuracy,218,219,idempotency,24,2,3,5,11,0.8,0.3,5,2,1,1,1,1,354999,100000,4992730,121,180,0,122,182,0,1,325136,0,1,116,680294,1010056,passed,24,0,1,0
idempotency-accuracy,219,220,idempotency,11,2,5,2,11,0.8,0.3,5,2,1,1,4,16,365524,100280,5017939,8737,77843,73,6894,61003,37,5,1349248,1,5,5998,1721107,994673,validation_failed,11,1,6,1
idempotency-accuracy,220,221,idempotency,11,4,2,4,21,0.8,0.3,5,2,1,1,1,1,359969,100000,4989536,181,270,2,184,274,0,1,333938,0,1,148,694099,1059790,passed,11,0,1,0
idempotency-accuracy,221,222,idempotency,21,3,5,4,16,0.8,0.3,5,2,1,1,8,78,447179,120612,6027814,436753,3368364,1457,342722,2608459,1257,13,3474918,5,13,304855,4228126,9505542,passed,21,2,16,2
idempotency-accuracy,222,223,idempotency,24,3,4,5,16,0.8,0.3,5,2,1,1,10,148,636561,177137,8870170,1119240,7403934,3296,885825,5816812,3664,14,4530650,4,14,726248,5894908,30503847,passed,24,3,24,3
idempotency-accuracy,223,224,idempotency,15,3,5,3,16,0.8,0.3,5,2,1,1,1,1,357982,100000,4990033,113,168,10,115,171,0,1,326753,0,1,114,684888,1038455,passed,15,0,1,0
idempotency-accuracy,224,225,idempotency,19,2,4,4,11,0.8,0.3,5,2,1,1,8,73,391169,109594,5471619,166186,1794696,593,127471,1387802,468,10,2991512,2,10,122397,3505953,2207223,validation_failed,19,3,16,3
idempotency-accuracy,225,226,idempotency,10,4,2,5,21,0.8,0.3,5,2,1,1,4,17,422818,116980,5850291,31913,141756,126,22835,109769,81,5,1336619,1,5,18968,1778635,1558243,validation_failed,10,1,6,1
idempotency-accuracy,226,227,idempotency,18,2,2,4,11,0.8,0.3,5,2,1,1,1,1,369137,100000,4995265,97,144,22,98,146,0,1,337128,0,1,117,706420,992532,passed,18,0,1,0
idempotency-accuracy,227,228,idempotency,13,2,5,3,11,0.8,0.3,5,2,1,1,3,19,367635,101399,5073820,25009,89402,75,17430,62204,62,5,1073813,2,5,14150,1455809,1150946,passed,13,2,9,2
idempotency-accuracy,228,229,idempotency,18,3,2,5,16,0.8,0.3,5,2,1,1,1,1,356553,100000,5001116,171,255,14,173,258,0,1,327630,0,1,161,684384,1038044,passed,18,0,1,0
idempotency-accuracy,229,230,idempotency,18,2,2,5,11,0.8,0.3,5,2,1,1,5,20,389936,108662,5429606,17944,186746,58,12743,145052,72,5,1675021,0,5,12800,2078069,1268960,passed,18,1,6,1
idempotency-accuracy,230,231,idempotency,11,2,2,3,11,0.8,0.3,5,2,1,1,1,1,353599,100000,5002542,75,111,0,76,113,0,1,331543,0,1,80,685269,976314,passed,11,0,1,0
idempotency-accuracy,231,232,idempotency,13,3,4,3,16,0.8,0.3,5,2,1,1,6,33,393806,110339,5508477,46100,389887,162,33275,293061,113,7,2054242,1,7,31203,2479659,1783472,passed,13,2,9,2
idempotency-accuracy,232,233,idempotency,21,5,3,3,26,0.8,0.3,5,2,1,1,4,28,364299,101358,5065476,393037,1983885,1436,308713,1531175,1376,10,1834772,6,10,252532,2452243,60996389,passed,21,2,17,2
idempotency-accuracy,233,234,idempotency,20,5,2,3,26,0.8,0.3,5,2,1,1,5,43,435506,122510,6131340,241294,1438220,711,188452,1118616,687,9,2003423,4,9,152766,2592304,28597358,passed,20,1,14,1
idempotency-accuracy,234,235,idempotency,14,4,3,3,21,0.8,0.3,5,2,1,1,5,44,682479,190528,9539693,117196,799399,385,105927,744139,365,9,1841940,4,9,80399,2605931,3696405,passed,14,1,12,1
idempotency-accuracy,235,236,idempotency,10,4,4,3,21,0.8,0.3,5,2,1,1,5,34,393160,109442,5478400,81239,439276,299,59178,327683,204,8,1771177,3,8,51844,2216631,2336089,passed,10,2,10,2
idempotency-accuracy,236,237,idempotency,17,2,4,5,11,0.8,0.3,5,2,1,1,1,1,357607,100000,4990049,123,183,2,124,185,11,1,326962,0,1,121,684733,977193,passed,17,0,1,0
idempotency-accuracy,237,238,idempotency,13,4,4,2,21,0.8,0.3,5,2,1,1,1,1,357902,100000,5004906,101,150,0,104,154,0,1,328166,0,1,111,686222,1076923,passed,13,0,1,0
idempotency-accuracy,238,239,idempotency,18,3,2,2,16,0.8,0.3,5,2,1,1,6,41,636455,161847,8113090,40328,224253,93,32720,182578,186,7,2038612,1,7,26034,2701532,2624173,validation_failed,18,2,11,2
idempotency-accuracy,239,240,idempotency,10,2,5,4,11,0.8,0.3,5,2,1,1,1,1,417769,100000,4993105,103,153,1,104,155,0,1,347574,0,1,103,765492,1009612,passed,10,0,1,0
idempotency-accuracy,240,241,idempotency,17,4,4,5,21,0.8,0.3,5,2,1,1,1,1,374508,100000,4994462,227,339,2,230,343,0,1,328125,0,1,235,702916,1239817,passed,17,0,1,0
idempotency-accuracy,241,242,idempotency,14,5,4,4,26,0.8,0.3,5,2,1,1,9,85,585812,154292,7706689,419139,1928421,1124,400570,1838210,1655,11,3702269,2,11,289898,4578851,17135166,passed,14,1,15,1
idempotency-accuracy,242,243,idempotency,12,3,4,5,16,0.8,0.3,5,2,1,1,5,35,552263,153502,7668837,117972,651882,415,91775,517033,269,8,2044557,3,8,73698,2671001,1573471,passed,12,1,11,1
idempotency-accuracy,243,244,idempotency,10,4,2,2,21,0.8,0.3,5,2,1,1,6,32,444704,124279,6202445,35319,253716,113,26611,194445,150,7,2036535,1,7,23269,2504907,1731924,passed,10,1,8,1
idempotency-accuracy,244,245,idempotency,16,5,2,5,26,0.8,0.3,5,2,1,1,4,26,359918,100620,5037354,581107,3068756,1454,441251,2387163,1332,10,2020838,6,10,356402,2737868,30470383,passed,16,2,17,2
idempotency-accuracy,245,246,idempotency,18,4,2,4,21,0.8,0.3,5,2,1,1,1,1,362863,100000,5009089,181,270,2,184,274,0,1,366611,0,1,210,729746,1324063,passed,18,0,1,0
idempotency-accuracy,246,247,idempotency,13,5,2,3,26,0.8,0.3,5,2,1,1,6,48,493504,134002,6710951,278477,1568924,803,242956,1370053,921,10,2201798,4,10,186097,2882247,10430415,passed,13,1,13,1
idempotency-accuracy,247,248,idempotency,22,5,5,4,26,0.8,0.3,5,2,1,1,4,31,364395,101846,5093928,398891,2606281,1356,369787,2449704,1247,10,2185340,6,10,277065,2827539,75998006,passed,22,1,17,1
idempotency-accuracy,248,249,idempotency,23,5,5,2,26,0.8,0.3,5,2,1,1,5,80,443396,121296,6061321,401229,2456528,1291,341140,2059129,1052,10,2787574,5,10,256884,3488836,98756920,passed,23,1,24,1
idempotency-accuracy,249,250,idempotency,24,3,4,2,16,0.8,0.3,5,2,1,1,10,78,798359,212003,10602791,118781,842890,508,103580,747294,535,10,3686838,0,10,84330,4570411,7214340,validation_failed,24,1,15,1
idempotency-accuracy,250,251,idempotency,10,5,5,3,26,0.8,0.3,5,2,1,1,5,30,494962,108493,5445789,85617,520491,240,77186,484658,205,7,1890470,2,7,57180,2443199,3120443,passed,10,1,9,1
idempotency-accuracy,251,252,idempotency,10,4,4,3,21,0.8,0.3,5,2,1,1,1,1,369278,100000,5021573,143,213,2,146,217,28,1,333675,0,1,211,703206,1052152,passed,10,0,1,0
idempotency-accuracy,252,253,idempotency,21,3,4,3,16,0.8,0.3,5,2,1,1,1,1,356451,100000,5008814,111,165,2,113,168,0,1,334790,0,1,104,691386,1080105,passed,21,0,1,0
idempotency-accuracy,253,254,idempotency,11,3,4,4,16,0.8,0.3,5,2,1,1,6,44,380686,106374,5310191,71583,274785,312,64971,255470,109,6,2104114,0,6,45773,2530890,1800590,passed,11,1,11,1
idempotency-accuracy,254,255,idempotency,19,3,5,3,16,0.8,0.3,5,2,1,1,13,115,473716,131060,6558378,251649,2208886,1208,193519,1746547,1070,13,5039630,0,13,178686,5693329,5736471,passed,19,5,15,5
idempotency-accuracy,255,256,idempotency,24,4,5,3,21,0.8,0.3,5,2,1,1,9,125,569490,155540,7790019,377435,2803434,1923,333740,2442189,1667,10,3936212,1,10,279995,4786597,50035104,passed,24,4,22,4
idempotency-accuracy,256,257,idempotency,13,5,4,3,26,0.8,0.3,5,2,1,1,1,1,356809,100000,4971053,175,261,2,179,266,0,1,328682,0,1,150,685685,1268613,passed,13,0,1,0
idempotency-accuracy,257,258,idempotency,12,3,5,3,16,0.8,0.3,5,2,1,1,6,30,431917,119884,5994381,45787,294196,135,35160,202109,75,7,2004428,1,7,29645,2466630,1454899,passed,12,2,8,2
idempotency-accuracy,258,259,idempotency,22,3,5,5,16,0.8,0.3,5,2,1,1,11,77,428197,112797,5650595,248854,1608962,738,194964,1281342,681,11,3923109,0,11,160278,4512787,8482047,passed,22,1,12,1
idempotency-accuracy,259,260,idempotency,11,5,4,3,26,0.8,0.3,5,2,1,1,6,43,381315,104162,5222567,107966,599691,435,98552,549000,428,7,2111229,1,7,74953,2568240,5062120,passed,11,1,11,1
idempotency-accuracy,260,261,idempotency,18,5,3,4,26,0.8,0.3,5,2,1,1,8,71,828708,229217,11493779,291230,1589210,756,244635,1324216,1018,10,3000381,2,10,187027,4016921,20667455,validation_failed,18,1,14,1
idempotency-accuracy,261,262,idempotency,14,4,4,5,21,0.8,0.3,5,2,1,1,5,44,406779,113720,5682886,185553,882855,475,151137,705297,518,7,1974672,2,7,116410,2498269,6072586,passed,14,3,13,3
idempotency-accuracy,262,263,idempotency,14,5,5,4,26,0.8,0.3,5,2,1,1,8,75,554704,151273,7551117,446291,2761364,1656,365364,2256440,1451,12,3268125,4,12,297478,4122225,15587986,passed,14,1,15,1
idempotency-accuracy,263,264,idempotency,10,5,2,3,26,0.8,0.3,5,2,1,1,1,1,357183,100000,5003444,171,255,1,175,260,0,1,361915,0,1,152,719293,1168609,passed,10,0,1,0
idempotency-accuracy,264,265,idempotency,15,5,4,2,26,0.8,0.3,5,2,1,1,1,1,361645,100000,4994229,123,183,1,127,188,0,1,334835,0,1,110,696630,1342838,passed,15,0,1,0
idempotency-accuracy,265,266,idempotency,11,5,5,5,26,0.8,0.3,5,2,1,1,1,1,357487,100000,4999431,281,420,0,285,425,0,1,332332,0,1,205,690067,1231798,passed,11,0,1,0
idempotency-accuracy,266,267,idempotency,11,2,2,5,11,0.8,0.3,5,2,1,1,1,1,357351,100000,4988371,119,177,1,120,179,0,1,332808,0,1,103,690304,978317,passed,11,0,1,0
idempotency-accuracy,267,268,idempotency,11,3,5,2,16,0.8,0.3,5,2,1,1,3,11,375746,104791,5237758,5660,25885,57,4549,21036,21,3,1016549,0,3,4571,1397115,1208723,validation_failed,11,1,6,1
idempotency-accuracy,268,269,idempotency,15,4,2,3,21,0.8,0.3,5,2,1,1,6,38,456357,122913,6150051,115159,556544,428,100428,499748,675,8,2168388,2,8,74071,2699333,3881428,validation_failed,15,1,11,1
idempotency-accuracy,269,270,idempotency,21,2,5,5,11,0.8,0.3,5,2,1,1,9,76,748154,208538,10420644,241992,1687461,778,208148,1466290,724,11,3326662,2,11,168118,4243901,2554731,passed,21,1,14,1
idempotency-accuracy,270,271,idempotency,17,3,2,3,16,0.8,0.3,5,2,1,1,4,20,379068,105925,5291533,20356,136195,87,17830,116401,54,5,1344998,1,5,15829,1740194,1708771,validation_failed,17,1,7,1
idempotency-accuracy,271,272,idempotency,22,5,4,5,26,0.8,0.3,5,2,1,1,4,62,478676,130566,6529858,1138992,6711429,3126,1082675,6469310,3325,13,2523738,9,13,765919,3769405,116607429,passed,22,1,21,1
idempotency-accuracy,272,273,idempotency,16,4,4,5,21,0.8,0.3,5,2,1,1,3,21,384411,106852,5351602,142036,540028,300,121184,472425,408,7,1200164,4,7,92235,1677193,5494057,passed,16,1,10,1
idempotency-accuracy,273,274,idempotency,15,4,5,3,21,0.8,0.3,5,2,1,1,8,62,367978,103550,5170688,143668,710920,465,109416,524847,343,10,2917633,2,10,93580,3379715,5533174,passed,15,2,12,2
idempotency-accuracy,274,275,idempotency,12,4,4,3,21,0.8,0.3,5,2,1,1,1,1,356472,100000,4997985,143,213,1,146,217,0,1,324974,0,1,121,681611,1062131,passed,12,0,1,0
idempotency-accuracy,275,276,idempotency,11,4,2,5,21,0.8,0.3,5,2,1,1,1,1,367093,100000,4995422,223,333,0,226,337,0,1,326075,0,1,173,693381,1063108,passed,11,0,1,0
idempotency-accuracy,276,277,idempotency,18,3,4,4,16,0.8,0.3,5,2,1,1,7,70,492224,137829,6891057,260034,1204308,615,227685,1082851,662,10,2915435,3,10,164390,3572681,6826725,passed,18,3,17,3
idempotency-accuracy,277,278,idempotency,20,3,4,3,16,0.8,0.3,5,2,1,1,1,1,361800,100000,5001492,111,165,0,113,168,0,1,334512,0,1,109,696481,1079186,passed,20,0,1,0
idempotency-accuracy,278,279,idempotency,18,4,2,5,21,0.8,0.3,5,2,1,1,5,55,383089,106266,5307394,482198,2650302,1318,422039,2370260,1471,10,2435510,5,10,323181,3142417,21399266,passed,18,4,19,4
idempotency-accuracy,279,280,idempotency,24,3,2,2,16,0.8,0.3,5,2,1,1,10,86,455765,128078,6418419,130207,1609170,484,108625,1323654,509,11,3466767,1,11,101146,4024802,7040847,passed,24,1,14,1
idempotency-accuracy,280,281,idempotency,23,4,2,5,21,0.8,0.3,5,2,1,1,1,1,360809,100000,4989689,223,333,1,226,337,0,1,329531,0,1,170,690558,1536499,passed,23,0,1,0
idempotency-accuracy,281,282,idempotency,23,2,4,3,11,0.8,0.3,5,2,1,1,1,1,356146,100000,4990529,79,117,1,80,119,0,1,333380,0,1,85,689650,985518,passed,23,0,1,0
idempotency-accuracy,282,283,idempotency,10,5,3,2,26,0.8,0.3,5,2,1,1,1,1,356928,100000,5008407,121,180,2,125,185,5,1,323689,0,1,168,680825,1126589,passed,10,0,1,0
idempotency-accuracy,283,284,idempotency,20,3,2,5,16,0.8,0.3,5,2,1,1,3,19,382782,108020,5403998,87179,454655,158,69725,365180,240,7,1010352,4,7,55000,1448520,2936491,passed,20,1,9,1
idempotency-accuracy,284,285,idempotency,22,4,2,2,21,0.8,0.3,5,2,1,1,5,35,433779,121954,6123580,78771,362945,205,71925,336682,213,9,1780888,4,9,52114,2267331,6999507,validation_failed,22,1,11,1
idempotency-accuracy,285,286,idempotency,12,5,3,2,26,0.8,0.3,5,2,1,1,5,28,418461,117434,5877112,34701,181351,89,31215,166807,126,6,1696701,1,6,22717,2138263,2994677,passed,12,1,8,1
idempotency-accuracy,286,287,idempotency,16,5,5,5,26,0.8,0.3,5,2,1,1,6,31,388286,108760,5423960,90361,464535,171,66530,345692,205,6,2017103,0,6,53374,2459044,10677031,passed,16,1,9,1
idempotency-accuracy,287,288,idempotency,16,3,2,3,16,0.8,0.3,5,2,1,1,1,1,352965,100000,4987413,107,159,3,109,162,2,1,327285,0,1,124,680407,1030586,passed,16,0,1,0
idempotency-accuracy,288,289,idempotency,17,2,4,4,11,0.8,0.3,5,2,1,1,4,26,366645,103445,5185149,29098,174744,84,23977,146849,71,5,1406743,1,5,19380,1793109,1265185,passed,17,4,9,4
idempotency-accuracy,289,290,idempotency,17,3,4,2,16,0.8,0.3,5,2,1,1,6,27,489589,137080,6860613,16255,186631,49,14331,170711,37,6,2012841,0,6,12706,2515584,1654900,passed,17,1,7,1
idempotency-accuracy,290,291,idempotency,20,3,3,4,16,0.8,0.3,5,2,1,1,2,5,355707,100667,5039946,2059,19306,11,1305,13871,0,2,655649,0,2,1360,1012868,1410461,passed,20,1,3,1
idempotency-accuracy,291,292,idempotency,18,4,4,2,21,0.8,0.3,5,2,1,1,4,28,411859,114915,5746113,59465,416577,168,43532,314024,168,7,1479547,3,7,37598,1929501,5428014,validation_failed,18,1,12,1
idempotency-accuracy,292,293,idempotency,15,5,3,2,26,0.8,0.3,5,2,1,1,11,110,624817,173270,8657186,271483,1328970,666,259395,1260206,884,12,4248985,1,12,179157,5053794,13721603,passed,15,2,16,2
idempotency-accuracy,293,294,idempotency,13,3,3,4,16,0.8,0.3,5,2,1,1,3,15,459519,129085,6450942,26351,148407,45,19938,116425,108,5,997287,2,5,16899,1474022,1555217,passed,13,1,7,1
idempotency-accuracy,294,295,idempotency,19,5,5,4,26,0.8,0.3,5,2,1,1,3,18,361352,101753,5083763,295579,1432538,893,246312,1238000,733,9,1388298,6,9,183506,1933619,32623304,passed,19,1,13,1
idempotency-accuracy,295,296,idempotency,17,5,2,3,26,0.8,0.3,5,2,1,1,6,32,366299,103920,5180136,54779,347850,139,41732,277179,189,7,1966178,1,7,34896,2367758,9487127,passed,17,2,8,1
idempotency-accuracy,296,297,idempotency,21,2,4,2,11,0.8,0.3,5,2,1,1,7,51,448337,125078,6271677,34946,241517,148,31273,216136,86,7,2551133,0,7,23548,3023588,1570712,passed,21,1,12,1
idempotency-accuracy,297,298,idempotency,11,2,2,2,11,0.8,0.3,5,2,1,1,1,1,358217,100000,4993764,53,78,1,54,80,0,1,325758,0,1,99,684115,975779,passed,11,0,1,0
idempotency-accuracy,298,299,idempotency,11,4,3,2,21,0.8,0.3,5,2,1,1,1,1,357124,100000,4980512,99,147,1,102,151,0,1,327071,0,1,130,684366,1048128,passed,11,0,1,0
idempotency-accuracy,299,300,idempotency,24,3,3,4,16,0.8,0.3,5,2,1,1,1,1,361185,100000,4982823,141,210,23,143,213,0,1,326079,0,1,165,687468,1147774,passed,24,0,1,0
idempotency-accuracy,300,301,idempotency,11,2,5,2,11,0.8,0.3,5,2,1,1,1,1,354540,100000,5002551,59,87,2,60,89,0,1,323099,0,1,73,677761,974300,passed,11,0,1,0
idempotency-accuracy,301,302,idempotency,21,5,2,4,26,0.8,0.3,5,2,1,1,1,1,359916,100000,5019481,223,333,2,227,338,0,1,326479,0,1,170,686606,1803819,passed,21,0,1,0
idempotency-accuracy,302,303,idempotency,21,2,4,3,11,0.8,0.3,5,2,1,1,1,1,355937,100000,4993018,79,117,0,80,119,0,1,328926,0,1,86,684987,974828,passed,21,0,1,0
idempotency-accuracy,303,304,idempotency,19,4,3,4,21,0.8,0.3,5,2,1,1,10,97,481425,134809,6737290,308565,2576177,852,283509,2387921,1120,11,3704115,1,11,216795,4403371,13177152,passed,19,1,16,1
idempotency-accuracy,304,305,idempotency,10,5,5,5,26,0.8,0.3,5,2,1,1,6,37,489165,136264,6816492,97257,485600,319,83126,423171,339,6,2074684,0,6,62614,2626916,3930051,passed,10,2,9,2
idempotency-accuracy,305,306,idempotency,24,3,3,4,16,0.8,0.3,5,2,1,1,5,80,1035627,287159,14360602,438558,3159381,1804,417007,3046633,1734,12,2529174,7,12,316649,3882347,19634025,passed,24,1,21,1
idempotency-accuracy,306,307,idempotency,17,3,2,5,16,0.8,0.3,5,2,1,1,3,21,365080,100813,5044802,141902,1113126,378,116090,982532,481,6,1245830,3,6,98553,1709962,5860428,passed,17,4,15,4
idempotency-accuracy,307,308,idempotency,11,4,3,2,21,0.8,0.3,5,2,1,1,1,1,359222,100000,5007829,99,147,0,102,151,0,1,327873,0,1,96,687241,1063654,passed,11,0,1,0
idempotency-accuracy,308,309,idempotency,10,5,2,3,26,0.8,0.3,5,2,1,1,6,38,495426,138889,6937909,61595,268711,259,54041,242359,289,6,2024042,0,6,39666,2559502,3351663,passed,10,2,9,2
idempotency-accuracy,309,310,idempotency,21,2,2,3,11,0.8,0.3,5,2,1,1,1,1,358650,100000,5006315,75,111,0,76,113,0,1,330474,0,1,86,689253,986805,passed,21,0,1,0
idempotency-accuracy,310,311,idempotency,17,2,3,4,11,0.8,0.3,5,2,1,1,4,27,374488,103342,5173003,40500,164362,128,32815,130366,68,6,1427550,2,6,25692,1827986,1365938,passed,17,1,10,1
idempotency-accuracy,311,312,idempotency,18,2,5,4,11,0.8,0.3,5,2,1,1,1,1,359795,100000,4996551,103,153,1,104,155,0,1,330033,0,1,101,689969,984738,passed,18,0,1,0
idempotency-accuracy,312,313,idempotency,17,4,5,5,21,0.8,0.3,5,2,1,1,10,93,577680,159515,7969288,393472,2317511,1129,326408,1895914,1138,10,3781338,0,10,260114,4619839,13132619,passed,17,3,16,3
idempotency-accuracy,313,314,idempotency,14,3,3,5,16,0.8,0.3,5,2,1,1,1,1,355898,100000,4995247,173,258,1,175,261,23,1,329050,0,1,187,685177,1008389,passed,14,0,1,0
idempotency-accuracy,314,315,idempotency,24,5,3,4,26,0.8,0.3,5,2,1,1,1,1,365181,100000,4996181,225,336,1,229,341,0,1,328781,0,1,174,694177,2288584,passed,24,0,1,0
idempotency-accuracy,315,316,idempotency,15,4,5,2,21,0.8,0.3,5,2,1,1,6,55,641918,177169,8843522,99978,672494,422,91104,615902,306,8,2375899,2,8,66997,3085469,5142989,passed,15,1,14,1
idempotency-accuracy,316,317,idempotency,17,4,4,5,21,0.8,0.3,5,2,1,1,8,78,550118,151618,7576279,534753,6113410,2170,443989,4374509,1762,13,3661482,5,13,395571,4608348,10043592,passed,17,1,16,1
idempotency-accuracy,317,318,idempotency,13,4,4,2,21,0.8,0.3,5,2,1,1,1,1,360765,100000,4994831,101,150,1,104,154,0,1,336710,0,1,99,697618,1059057,passed,13,0,1,0
idempotency-accuracy,318,319,idempotency,17,5,5,3,26,0.8,0.3,5,2,1,1,1,1,359136,100000,4987343,177,264,1,181,269,0,1,326055,0,1,140,685370,1461959,passed,17,0,1,0
idempotency-accuracy,319,320,idempotency,14,4,4,2,21,0.8,0.3,5,2,1,1,5,34,404316,112900,5633761,32528,182581,311,29210,167644,107,5,1745554,0,5,22186,2172469,2882642,passed,14,1,10,1
idempotency-accuracy,320,321,idempotency,13,4,2,5,21,0.8,0.3,5,2,1,1,6,45,496321,138103,6903070,192711,1029483,651,175278,953359,550,9,2230646,3,9,129497,2857052,3685088,passed,13,1,12,1
idempotency-accuracy,321,322,idempotency,14,3,3,2,16,0.8,0.3,5,2,1,1,1,1,357232,100000,5004562,77,114,1,79,117,0,1,343193,0,1,126,700592,1007810,passed,14,0,1,0
idempotency-accuracy,322,323,idempotency,22,4,2,2,21,0.8,0.3,5,2,1,1,1,1,354707,100000,5002069,97,144,1,100,148,0,1,331593,0,1,89,686433,1270007,passed,22,0,1,0
idempotency-accuracy,323,324,idempotency,14,2,2,5,11,0.8,0.3,5,2,1,1,2,7,358589,100157,5002451,6160,27070,24,5253,24532,6,3,652370,1,3,4018,1015109,1038685,passed,14,1,5,1
idempotency-accuracy,324,325,idempotency,10,3,3,5,16,0.8,0.3,5,2,1,1,1,1,361997,100000,5006074,173,258,1,175,261,0,1,329332,0,1,158,691525,992872,passed,10,0,1,0
idempotency-accuracy,325,326,idempotency,18,2,2,3,11,0.8,0.3,5,2,1,1,1,1,355552,100000,4995072,75,111,2,76,113,0,1,329154,0,1,121,684872,971353,passed,18,0,1,0
idempotency-accuracy,326,327,idempotency,12,3,2,2,16,0.8,0.3,5,2,1,1,1,1,359022,100000,4994782,75,111,0,77,114,0,1,344984,0,1,81,704127,1000521,passed,12,1,1,0
idempotency-accuracy,327,328,idempotency,22,4,5,3,21,0.8,0.3,5,2,1,1,1,1,361087,100000,5013883,145,216,1,148,220,0,1,325585,0,1,144,686857,1383844,passed,22,0,1,0
idempotency-accuracy,328,329,idempotency,10,4,2,3,21,0.8,0.3,5,2,1,1,5,32,483973,132397,6635879,56561,268611,201,50797,247405,135,6,1745314,1,6,38254,2267883,2084934,passed,10,1,10,1
idempotency-accuracy,329,330,idempotency,23,2,2,5,11,0.8,0.3,5,2,1,1,1,1,358126,100000,4999793,119,177,2,120,179,0,1,335776,0,1,121,694061,1004613,passed,23,0,1,0
idempotency-accuracy,330,331,idempotency,17,3,2,4,16,0.8,0.3,5,2,1,1,1,1,366209,100000,4998159,139,207,2,141,210,0,1,330422,0,1,124,696802,1025653,passed,17,0,1,0
idempotency-accuracy,331,332,idempotency,17,2,2,4,11,0.8,0.3,5,2,1,1,6,27,465517,129646,6478597,25545,215963,104,19211,130393,72,6,2008189,0,6,17984,2492054,1198433,validation_failed,17,1,7,1
idempotency-accuracy,332,333,idempotency,17,2,3,5,11,0.8,0.3,5,2,1,1,7,46,578729,157531,7874846,89148,508725,450,75682,428919,359,9,2432135,2,9,59024,3070546,1447659,passed,17,1,10,1
idempotency-accuracy,333,334,idempotency,23,4,4,2,21,0.8,0.3,5,2,1,1,1,1,363583,100000,5008939,101,150,2,104,154,0,1,340825,0,1,119,704566,1397386,passed,23,0,1,0
idempotency-accuracy,334,335,idempotency,15,2,3,3,11,0.8,0.3,5,2,1,1,1,1,364461,100000,4989465,77,114,1,78,116,0,1,328225,0,1,85,692803,995423,passed,15,0,1,0
idempotency-accuracy,335,336,idempotency,22,2,5,3,11,0.8,0.3,5,2,1,1,5,34,386614,105491,5279932,66425,315499,120,48142,229959,176,8,1944194,3,8,39311,2370507,2566698,validation_failed,22,2,14,2
idempotency-accuracy,336,337,idempotency,23,4,3,2,21,0.8,0.3,5,2,1,1,1,1,402267,100000,5000957,99,147,1,102,151,0,1,333042,0,1,99,735450,1360028,passed,23,0,1,0
idempotency-accuracy,337,338,idempotency,24,2,3,5,11,0.8,0.3,5,2,1,1,5,23,406013,110110,5508451,29746,158812,112,24350,128238,138,6,1690634,1,6,19860,2116814,1639709,passed,24,1,7,1
idempotency-accuracy,338,339,idempotency,12,5,4,2,26,0.8,0.3,5,2,1,1,6,42,480559,125914,6300405,63701,324923,312,51677,265702,234,7,2099134,1,7,41427,2621600,4700424,passed,12,1,10,1
idempotency-accuracy,339,340,idempotency,19,3,4,3,16,0.8,0.3,5,2,1,1,6,37,397837,111666,5582977,72024,654130,230,54276,487150,183,8,2104593,2,8,49082,2551950,3124021,passed,19,1,10,1
idempotency-accuracy,340,341,idempotency,22,3,5,5,16,0.8,0.3,5,2,1,1,1,1,364678,100000,4977827,177,264,1,179,267,0,1,344360,0,1,142,709219,1120330,passed,22,0,1,0
idempotency-accuracy,341,342,idempotency,10,5,2,4,26,0.8,0.3,5,2,1,1,1,1,355637,100000,4993790,223,333,1,227,338,0,1,329824,0,1,184,685686,1163401,passed,10,0,1,0
idempotency-accuracy,342,343,idempotency,24,3,4,2,16,0.8,0.3,5,2,1,1,9,111,595922,167124,8346231,246409,2455813,875,230164,2344094,819,12,4034890,3,12,182240,4814397,15306176,validation_failed,24,1,20,1
idempotency-accuracy,343,344,idempotency,12,2,3,5,11,0.8,0.3,5,2,1,1,1,1,370763,100000,4995779,121,180,1,122,182,0,1,329618,0,1,108,700542,1011791,passed,12,0,1,0
idempotency-accuracy,344,345,idempotency,12,2,5,5,11,0.8,0.3,5,2,1,1,1,1,358949,100000,4991276,125,186,2,126,188,0,1,332594,0,1,139,691720,996108,passed,12,0,1,0
idempotency-accuracy,345,346,idempotency,18,5,3,2,26,0.8,0.3,5,2,1,1,9,82,453197,126532,6316737,135552,698529,448,113508,601164,376,9,3281529,0,9,88492,3823865,22430112,passed,18,4,14,4
idempotency-accuracy,346,347,idempotency,19,2,2,4,11,0.8,0.3,5,2,1,1,1,1,358418,100000,4995532,97,144,0,98,146,0,1,328196,0,1,102,686753,992288,passed,19,0,1,0
idempotency-accuracy,347,348,idempotency,22,2,3,3,11,0.8,0.3,5,2,1,1,1,1,361802,100000,5000312,77,114,1,78,116,0,1,330124,0,1,85,692051,1003596,passed,22,0,1,0
idempotency-accuracy,348,349,idempotency,10,5,4,5,26,0.8,0.3,5,2,1,1,1,1,364364,100000,5016994,279,417,2,283,422,8,1,324099,0,1,233,688735,1177545,passed,10,0,1,0
idempotency-accuracy,349,350,idempotency,21,4,4,4,21,0.8,0.3,5,2,1,1,1,1,359013,100000,5003858,185,276,1,188,280,0,1,324946,0,1,177,684173,1383952,passed,21,0,1,0
idempotency-accuracy,350,351,idempotency,24,4,4,5,21,0.8,0.3,5,2,1,1,5,50,369464,104819,5234412,446748,1811243,1142,415154,1711381,1104,10,2409917,5,10,291819,3071997,45518090,passed,24,1,17,1
idempotency-accuracy,351,352,idempotency,15,4,4,2,21,0.8,0.3,5,2,1,1,3,23,532647,150181,7494117,61933,692339,324,45291,523368,153,7,1150943,4,7,43472,1727804,4882022,passed,15,1,11,1
idempotency-accuracy,352,353,idempotency,16,4,5,5,21,0.8,0.3,5,2,1,1,6,46,690206,181473,9076686,164682,992790,521,148447,911228,478,8,2433159,2,8,111851,3235754,5856203,passed,16,1,12,1
idempotency-accuracy,353,354,idempotency,23,2,4,5,11,0.8,0.3,5,2,1,1,7,39,457852,119687,5973932,55168,408080,204,41078,305839,193,7,2402072,0,7,35320,2895695,2185209,passed,23,1,10,1
idempotency-accuracy,354,355,idempotency,20,4,4,3,21,0.8,0.3,5,2,1,1,6,73,402507,105772,5296363,298372,1228241,859,222229,915593,924,8,2625497,2,8,176609,3205269,26239032,passed,20,3,18,3
idempotency-accuracy,355,356,idempotency,24,2,2,5,11,0.8,0.3,5,2,1,1,10,103,410842,111030,5550032,322447,2616283,1079,284258,2354755,1048,12,3619295,2,12,228031,4259227,5755993,passed,24,3,19,3
idempotency-accuracy,356,357,idempotency,22,3,3,4,16,0.8,0.3,5,2,1,1,1,1,360689,100000,5001389,141,210,2,143,213,0,1,328520,0,1,138,689391,1130320,passed,22,0,1,0
idempotency-accuracy,357,358,idempotency,16,3,3,5,16,0.8,0.3,5,2,1,1,1,1,355808,100000,4990254,173,258,1,175,261,0,1,328326,0,1,143,684313,1047814,passed,16,0,1,0
idempotency-accuracy,358,359,idempotency,12,4,5,5,21,0.8,0.3,5,2,1,1,7,53,447662,126076,6310658,138081,693161,486,125882,641554,433,7,2546119,0,7,88474,3082674,3747817,passed,12,1,11,1
idempotency-accuracy,359,360,idempotency,21,3,2,4,16,0.8,0.3,5,2,1,1,1,1,358468,100000,5001660,139,207,3,141,210,0,1,328857,0,1,147,687516,1091540,passed,21,0,1,0
idempotency-accuracy,360,361,idempotency,13,2,5,2,11,0.8,0.3,5,2,1,1,6,27,358337,101030,5035668,16175,81843,33,11888,63413,56,6,1989997,0,6,9825,2358453,1079315,passed,13,1,7,1
idempotency-accuracy,361,362,idempotency,14,4,2,3,21,0.8,0.3,5,2,1,1,1,1,360896,100000,5011022,139,207,0,142,211,0,1,334944,0,1,138,696027,1089051,passed,14,0,1,0
idempotency-accuracy,362,363,idempotency,21,4,2,5,21,0.8,0.3,5,2,1,1,1,1,359377,100000,4989253,223,333,1,226,337,0,1,329440,0,1,172,689038,1389055,passed,21,0,1,0
idempotency-accuracy,363,364,idempotency,12,3,2,5,16,0.8,0.3,5,2,1,1,1,1,358039,100000,5011571,171,255,0,173,258,0,1,340376,0,1,159,698618,1029037,passed,12,0,1,0
idempotency-accuracy,364,365,idempotency,23,2,3,5,11,0.8,0.3,5,2,1,1,1,1,362588,100000,5005861,121,180,1,122,182,0,1,337114,0,1,123,699877,1012887,passed,23,0,1,0
idempotency-accuracy,365,366,idempotency,18,3,4,5,16,0.8,0.3,5,2,1,1,6,57,563940,158064,7909855,367697,2163940,1196,283808,1624029,747,9,2543764,3,9,231289,3339522,7749677,passed,18,4,16,4
idempotency-accuracy,366,367,idempotency,24,5,2,5,26,0.8,0.3,5,2,1,1,9,161,798440,214118,10693419,1891992,12116549,5689,1599494,10321604,6028,15,4564661,6,15,1308447,6673447,204245135,passed,24,2,24,2
idempotency-accuracy,367,368,idempotency,12,3,2,3,16,0.8,0.3,5,2,1,1,5,36,392970,111262,5547777,63832,361817,192,50520,291680,127,7,1687549,2,7,40732,2121662,1748735,passed,12,1,10,1
idempotency-accuracy,368,369,idempotency,20,4,3,4,21,0.8,0.3,5,2,1,1,1,1,356684,100000,4998981,183,273,1,186,277,0,1,325233,0,1,148,682116,1338893,passed,20,0,1,0
idempotency-accuracy,369,370,idempotency,23,3,5,2,16,0.8,0.3,5,2,1,1,7,72,368038,104125,5202824,215784,1254704,598,194053,1136913,756,10,2969229,3,10,143133,3481246,10520592,passed,23,1,21,1
idempotency-accuracy,370,371,idempotency,13,3,4,2,16,0.8,0.3,5,2,1,1,4,29,369981,103637,5193923,39665,159256,111,36508,149413,112,6,1511736,2,6,25156,1907180,1797427,passed,13,1,11,1
idempotency-accuracy,371,372,idempotency,24,4,4,5,21,0.8,0.3,5,2,1,1,5,20,403025,107866,5404234,39628,191268,150,30417,151992,124,5,1717126,0,5,27217,2147662,6723027,passed,24,1,6,1
idempotency-accuracy,372,373,idempotency,24,3,4,4,16,0.8,0.3,5,2,1,1,1,1,359962,100000,4987610,143,213,1,145,216,0,1,328305,0,1,123,688456,1182726,passed,24,0,1,0
idempotency-accuracy,373,374,idempotency,22,5,5,2,26,0.8,0.3,5,2,1,1,1,1,356781,100000,5002283,125,186,1,129,191,20,1,330094,0,1,134,687048,1768172,passed,22,0,1,0
idempotency-accuracy,374,375,idempotency,24,2,4,2,11,0.8,0.3,5,2,1,1,11,97,852991,238307,11936529,121768,861501,311,100919,706359,298,11,4087328,0,11,79363,5020562,3140699,passed,24,2,16,2
idempotency-accuracy,375,376,idempotency,22,2,4,3,11,0.8,0.3,5,2,1,1,8,72,602449,162055,8088450,82737,344685,270,59508,257827,202,9,2953815,1,9,49597,3606385,2023972,passed,22,4,14,4
idempotency-accuracy,376,377,idempotency,14,3,2,4,16,0.8,0.3,5,2,1,1,5,35,691008,194081,9696090,60031,302077,141,54030,279849,125,6,1678767,1,6,39492,2409685,2047238,validation_failed,14,1,10,1
idempotency-accuracy,377,378,idempotency,18,3,4,2,16,0.8,0.3,5,2,1,1,2,11,354198,100030,5019341,31700,159307,53,24809,126977,110,7,755673,5,7,19543,1129714,2177447,validation_failed,18,1,9,1
idempotency-accuracy,378,379,idempotency,19,5,5,4,26,0.8,0.3,5,2,1,1,4,33,394662,110268,5514489,202214,1032888,456,175045,895548,497,7,1767261,3,7,131283,2293750,28416946,passed,19,1,13,1
idempotency-accuracy,379,380,idempotency,19,4,4,5,21,0.8,0.3,5,2,1,1,8,88,430029,119837,6012060,591865,5280020,1741,494469,4457710,1989,12,3283171,4,12,429461,4144281,22652317,passed,19,1,17,1
idempotency-accuracy,380,381,idempotency,15,5,5,5,26,0.8,0.3,5,2,1,1,6,51,399430,112276,5606190,264966,1232721,625,226964,1074742,846,8,2283091,2,8,168414,2851466,14511459,passed,15,1,12,1
idempotency-accuracy,381,382,idempotency,20,5,3,2,26,0.8,0.3,5,2,1,1,7,78,458851,127872,6411100,361391,3254286,1017,294837,2709144,1046,13,3270297,6,13,251612,3982380,46890892,passed,20,1,21,1
idempotency-accuracy,382,383,idempotency,19,5,3,3,26,0.8,0.3,5,2,1,1,1,1,357588,100000,4997513,173,258,2,177,263,0,1,349569,0,1,155,707345,1633054,passed,19,0,1,0
idempotency-accuracy,383,384,idempotency,19,3,5,2,16,0.8,0.3,5,2,1,1,6,55,567890,157384,7857623,111087,709601,444,103276,670644,359,10,2467677,4,10,76069,3112499,4251934,passed,19,1,15,1
idempotency-accuracy,384,385,idempotency,23,3,3,4,16,0.8,0.3,5,2,1,1,10,123,696958,187563,9375174,488583,3589621,1619,382618,2990545,1362,12,4238256,2,12,327743,5265101,14712200,passed,23,6,21,6
idempotency-accuracy,385,386,idempotency,17,4,3,3,21,0.8,0.3,5,2,1,1,1,1,370598,100000,5006809,141,210,0,144,214,0,1,343816,0,1,126,714583,1208352,passed,17,0,1,0
idempotency-accuracy,386,387,idempotency,22,2,5,4,11,0.8,0.3,5,2,1,1,2,5,368981,100103,4998041,1567,5473,2,966,3701,9,2,655002,0,2,957,1025025,1081811,passed,22,1,3,1
idempotency-accuracy,387,388,idempotency,24,4,4,3,21,0.8,0.3,5,2,1,1,10,111,601183,164420,8199554,439674,3226280,1671,346701,2550792,1778,11,4237053,1,11,296067,5135244,37922279,passed,24,3,19,3
idempotency-accuracy,388,389,idempotency,17,2,3,3,11,0.8,0.3,5,2,1,1,6,27,385991,107169,5356320,17301,193113,54,12401,139078,24,6,1978451,0,6,12096,2377125,1137981,passed,17,1,7,1
idempotency-accuracy,389,390,idempotency,21,2,4,3,11,0.8,0.3,5,2,1,1,1,1,355992,100000,4994189,79,117,1,80,119,0,1,327848,0,1,101,683981,982379,passed,21,0,1,0
idempotency-accuracy,390,391,idempotency,12,2,4,2,11,0.8,0.3,5,2,1,1,1,2,359468,100000,5015891,204,403,1,114,244,0,1,326887,0,1,140,686538,978773,passed,12,1,2,1
idempotency-accuracy,391,392,idempotency,11,5,3,4,26,0.8,0.3,5,2,1,1,1,1,356144,100000,4983430,225,336,0,229,341,0,1,328247,0,1,175,684605,1215399,passed,11,0,1,0
idempotency-accuracy,392,393,idempotency,24,2,3,2,11,0.8,0.3,5,2,1,1,9,77,594617,166697,8321386,82944,442430,448,68054,365603,264,10,3232490,1,10,52565,3881680,2390125,passed,24,2,15,2
idempotency-accuracy,393,394,idempotency,17,4,2,3,21,0.8,0.3,5,2,1,1,9,107,436899,121273,6058372,312279,3401146,1227,255602,2676093,1218,11,3499347,2,11,241398,4179210,13369009,passed,17,2,17,2
idempotency-accuracy,394,395,idempotency,21,3,4,5,16,0.8,0.3,5,2,1,1,3,23,524124,146921,7347487,106563,732918,359,76671,517404,240,7,1147321,4,7,68992,1740758,3772246,passed,21,1,11,1
idempotency-accuracy,395,396,idempotency,22,2,5,3,11,0.8,0.3,5,2,1,1,1,1,376291,100000,5004455,81,120,1,82,122,0,1,333614,0,1,91,710037,990150,passed,22,0,1,0
idempotency-accuracy,396,397,idempotency,11,2,2,4,11,0.8,0.3,5,2,1,1,2,6,360996,101444,5074650,5792,26341,12,5401,22872,18,3,653772,1,3,3863,1018794,1004604,passed,11,1,5,1
idempotency-accuracy,397,398,idempotency,10,3,4,3,16,0.8,0.3,5,2,1,1,4,18,387073,106505,5324893,18312,132263,12,13117,97474,89,5,1344573,1,5,11951,1743815,1200058,passed,10,2,7,2
idempotency-accuracy,398,399,idempotency,18,5,4,3,26,0.8,0.3,5,2,1,1,1,1,360571,100000,5008669,175,261,2,179,266,0,1,328778,0,1,156,689544,1551823,passed,18,0,1,0
idempotency-accuracy,399,400,idempotency,21,5,4,3,26,0.8,0.3,5,2,1,1,1,1,359844,100000,4999391,175,261,1,179,266,0,1,344308,0,1,140,704349,1872122,passed,21,0,1,0
idempotency-accuracy,400,401,idempotency,19,2,5,3,11,0.8,0.3,5,2,1,1,1,1,393703,100000,4997746,81,120,2,82,122,0,1,325041,0,1,84,718878,971411,passed,19,0,1,0
idempotency-accuracy,401,402,idempotency,12,4,4,4,21,0.8,0.3,5,2,1,1,3,13,363325,101003,5040233,17765,79593,45,13641,65744,22,4,992009,1,4,10882,1366361,1967073,passed,12,3,6,3
idempotency-accuracy,402,403,idempotency,13,5,2,2,26,0.8,0.3,5,2,1,1,4,20,362233,100557,5001956,24797,147078,111,17466,106919,101,5,1372068,1,5,16176,1750736,4522690,passed,13,1,8,1
idempotency-accuracy,403,404,idempotency,18,2,4,4,11,0.8,0.3,5,2,1,1,7,48,406598,114124,5713194,73274,484459,288,60264,391535,193,8,2499078,1,8,48671,2954870,1424388,passed,18,1,11,1
idempotency-accuracy,404,405,idempotency,24,3,5,5,16,0.8,0.3,5,2,1,1,6,48,393711,110951,5542231,143618,1044044,554,110567,760943,347,8,2246134,2,8,92831,2733221,6293951,validation_failed,24,1,12,1
idempotency-accuracy,405,406,idempotency,18,3,4,2,16,0.8,0.3,5,2,1,1,8,75,1149616,320390,16015796,107765,797583,300,98581,735415,379,9,3076476,1,9,74483,4301365,3833689,passed,18,1,16,1
idempotency-accuracy,406,407,idempotency,22,3,2,4,16,0.8,0.3,5,2,1,1,1,1,356938,100000,5000884,139,207,1,141,210,0,1,343021,0,1,130,700130,1097695,passed,22,0,1,0
idempotency-accuracy,407,408,idempotency,14,4,3,2,21,0.8,0.3,5,2,1,1,8,59,441382,123346,6156023,91387,549477,275,71118,411343,221,9,2796000,1,9,58205,3296121,3895340,passed,14,2,12,2
idempotency-accuracy,408,409,idempotency,20,2,5,5,11,0.8,0.3,5,2,1,1,1,1,375313,100000,5002297,125,186,2,126,188,0,1,339614,0,1,119,715088,998513,passed,20,0,1,0
idempotency-accuracy,409,410,idempotency,17,4,4,3,21,0.8,0.3,5,2,1,1,1,1,360387,100000,5014343,143,213,1,146,217,0,1,328561,0,1,127,689117,1167528,passed,17,0,1,0
idempotency-accuracy,410,411,idempotency,16,2,5,2,11,0.8,0.3,5,2,1,1,7,46,840268,234685,11736854,31167,179144,115,23740,141941,80,8,2412752,1,8,19875,3273422,1239867,passed,16,1,10,1
idempotency-accuracy,411,412,idempotency,11,2,3,4,11,0.8,0.3,5,2,1,1,3,14,388840,109128,5458634,13812,67883,66,10689,52715,30,4,982367,1,4,9884,1381295,1055525,validation_failed,11,1,7,1
idempotency-accuracy,412,413,idempotency,22,4,4,2,21,0.8,0.3,5,2,1,1,8,83,382386,107269,5364556,226852,1167643,557,171194,900031,540,10,3218354,2,10,133671,3735112,29194556,validation_failed,22,3,20,3
idempotency-accuracy,413,414,idempotency,14,3,3,4,16,0.8,0.3,5,2,1,1,1,1,360516,100000,4993685,141,210,2,143,213,0,1,334744,0,1,132,695431,1026003,passed,14,0,1,0
idempotency-accuracy,414,415,idempotency,15,4,4,5,21,0.8,0.3,5,2,1,1,5,59,889527,248300,12405315,357447,1832336,1073,295396,1553396,918,10,2232392,5,10,229561,3352328,9277118,passed,15,1,16,1
idempotency-accuracy,415,416,idempotency,19,4,2,5,21,0.8,0.3,5,2,1,1,1,1,364944,100000,5002882,223,333,22,226,337,0,1,331433,0,1,171,696611,1268480,passed,19,0,1,0
idempotency-accuracy,416,417,idempotency,24,5,5,3,26,0.8,0.3,5,2,1,1,7,78,633115,177373,8847462,424904,4587957,1767,395114,4242811,1603,12,3329491,5,12,324016,4288843,72860109,passed,24,1,19,1
idempotency-accuracy,417,418,idempotency,16,2,3,3,11,0.8,0.3,5,2,1,1,5,47,513476,140586,7033110,102888,936140,315,76898,692715,278,8,2093192,3,8,72239,2679684,1747619,passed,16,3,15,3
idempotency-accuracy,418,419,idempotency,10,2,4,5,11,0.8,0.3,5,2,1,1,1,1,364412,100000,5009396,123,183,9,124,185,0,1,324992,0,1,108,689549,977211,passed,10,0,1,0
idempotency-accuracy,419,420,idempotency,21,2,4,5,11,0.8,0.3,5,2,1,1,7,47,717395,202189,10122293,124726,481062,268,100996,394058,381,8,2490473,1,8,75199,3283556,1896565,passed,21,1,11,1
idempotency-accuracy,420,421,idempotency,18,3,5,2,16,0.8,0.3,5,2,1,1,5,30,377056,101681,5093573,68454,334066,224,51441,254939,209,7,1938192,2,7,42657,2358346,3594338,passed,18,1,16,1
idempotency-accuracy,421,422,idempotency,18,5,4,5,26,0.8,0.3,5,2,1,1,12,141,438033,122929,6138654,1046740,7396568,2847,927698,6778282,3217,15,5189246,3,15,723440,6352236,48011586,passed,18,3,19,3
idempotency-accuracy,422,423,idempotency,15,2,5,4,11,0.8,0.3,5,2,1,1,1,1,359742,100000,5001459,103,153,2,104,155,24,1,327959,0,1,136,687872,968063,passed,15,0,1,0
idempotency-accuracy,423,424,idempotency,12,2,2,4,11,0.8,0.3,5,2,1,1,1,1,365381,100000,5002050,97,144,2,98,146,0,1,327363,0,1,112,692897,964150,passed,12,1,1,0
idempotency-accuracy,424,425,idempotency,24,3,4,2,16,0.8,0.3,5,2,1,1,7,58,562916,157353,7878867,74565,337810,207,64325,290456,180,8,2715601,1,8,46347,3325294,7790927,validation_failed,24,3,14,3
idempotency-accuracy,425,426,idempotency,15,4,5,5,21,0.8,0.3,5,2,1,1,4,28,385109,106105,5293511,136102,712713,270,98155,517031,484,7,1539756,3,7,84159,2009405,4344903,passed,15,1,9,1
idempotency-accuracy,426,427,idempotency,14,5,4,2,26,0.8,0.3,5,2,1,1,1,1,357722,100000,4997039,123,183,0,127,188,0,1,326535,0,1,112,684409,1263184,passed,14,0,1,0
idempotency-accuracy,427,428,idempotency,12,5,4,4,26,0.8,0.3,5,2,1,1,7,54,512852,142303,7123870,191618,1175386,845,166652,1004354,1053,8,2558935,1,8,132155,3204560,7828778,passed,12,1,11,1
idempotency-accuracy,428,429,idempotency,19,3,4,5,16,0.8,0.3,5,2,1,1,4,39,377067,103592,5179779,239064,1295447,671,177647,990656,604,8,1764055,4,8,151331,2292996,7782173,passed,19,3,16,3
idempotency-accuracy,429,430,idempotency,15,5,5,5,26,0.8,0.3,5,2,1,1,1,1,374653,100000,5000838,281,420,2,285,425,0,1,341760,0,1,204,716658,1411493,passed,15,0,1,0
idempotency-accuracy,430,431,idempotency,24,5,4,4,26,0.8,0.3,5,2,1,1,7,101,683947,191696,9595780,855827,6336296,2431,804022,5890837,2750,15,3568582,8,15,600057,4853964,103984525,validation_failed,24,1,19,1
idempotency-accuracy,431,432,idempotency,12,2,5,2,11,0.8,0.3,5,2,1,1,6,44,532998,148501,7437805,34094,168572,117,26170,129377,56,7,2153440,1,7,20393,2707251,1149692,passed,12,2,11,2
idempotency-accuracy,432,433,idempotency,10,5,3,4,26,0.8,0.3,5,2,1,1,4,21,366466,103837,5196731,64308,283040,141,49869,224682,147,5,1416154,1,5,39396,1822332,3582276,passed,10,1,9,1
idempotency-accuracy,433,434,idempotency,18,4,2,3,21,0.8,0.3,5,2,1,1,7,63,579013,159942,7982582,149435,646926,425,134015,587818,413,9,2451836,2,9,94635,3126056,9563954,passed,18,2,13,2
idempotency-accuracy,434,435,idempotency,17,3,3,2,16,0.8,0.3,5,2,1,1,4,23,588796,160976,8058457,20206,135422,59,14724,101906,52,6,1447358,2,6,13179,2049669,1958996,passed,17,1,8,1
idempotency-accuracy,435,436,idempotency,15,4,5,3,21,0.8,0.3,5,2,1,1,1,1,361225,100000,4992628,145,216,0,148,220,0,1,334880,0,1,123,696269,1122787,passed,15,0,1,0
idempotency-accuracy,436,437,idempotency,13,5,4,5,26,0.8,0.3,5,2,1,1,1,1,356737,100000,4992727,279,417,1,283,422,0,1,341621,0,1,215,698613,1262946,passed,13,0,1,0
idempotency-accuracy,437,438,idempotency,10,3,5,3,16,0.8,0.3,5,2,1,1,5,24,403037,113260,5651665,25072,128041,95,21169,113017,66,6,1689634,1,6,16124,2109056,1185523,passed,10,1,7,1
idempotency-accuracy,438,439,idempotency,23,2,3,5,11,0.8,0.3,5,2,1,1,1,1,360962,100000,5007868,121,180,0,122,182,0,1,327378,0,1,122,688498,998149,passed,23,0,1,0
idempotency-accuracy,439,440,idempotency,17,5,4,4,26,0.8,0.3,5,2,1,1,7,77,395174,110701,5546109,440366,2282234,1269,389645,2060892,1098,10,3130864,3,10,285149,3811905,36676203,validation_failed,17,2,17,2
idempotency-accuracy,440,441,idempotency,24,5,5,5,26,0.8,0.3,5,2,1,1,1,1,358689,100000,4993684,281,420,1,285,425,0,1,331870,0,1,221,690822,2318123,passed,24,0,1,0
idempotency-accuracy,441,442,idempotency,15,2,3,2,11,0.8,0.3,5,2,1,1,5,20,362504,102783,5157360,5660,27494,11,4367,22922,39,5,1675970,0,5,3607,2042299,1038573,passed,15,1,6,1
idempotency-accuracy,442,443,idempotency,24,2,4,4,11,0.8,0.3,5,2,1,1,9,100,545502,154005,7697612,372074,2153660,1090,297068,1770840,1062,13,3703580,4,13,235558,4485687,4513724,passed,24,2,18,2
idempotency-accuracy,443,444,idempotency,12,2,5,2,11,0.8,0.3,5,2,1,1,1,1,355507,100000,4992555,59,87,1,60,89,0,1,326877,0,1,71,682491,966416,passed,12,0,1,0
idempotency-accuracy,444,445,idempotency,15,2,3,5,11,0.8,0.3,5,2,1,1,1,1,362364,100000,4999060,121,180,1,122,182,0,1,332819,0,1,110,695337,977048,passed,15,0,1,0
idempotency-accuracy,445,446,idempotency,12,4,5,5,21,0.8,0.3,5,2,1,1,6,41,427447,119450,5988153,114919,576980,380,103980,539611,329,7,2128122,1,7,76944,2632966,3109040,passed,12,1,10,1
idempotency-accuracy,446,447,idempotency,14,2,2,2,11,0.8,0.3,5,2,1,1,4,18,559414,156322,7817996,7679,32289,42,6285,27521,29,4,1334172,0,4,4850,1898623,1076323,passed,14,1,7,1
idempotency-accuracy,447,448,idempotency,22,2,3,4,11,0.8,0.3,5,2,1,1,5,24,376977,102597,5130192,26276,144287,47,20785,119457,99,6,1699491,1,6,16674,2093440,1323697,passed,22,1,7,1
idempotency-accuracy,448,449,idempotency,17,2,3,4,11,0.8,0.3,5,2,1,1,4,20,444081,121205,6055158,17375,118448,69,12183,85833,191,5,1338456,1,5,11569,1794370,1233486,validation_failed,17,1,8,1
idempotency-accuracy,449,450,idempotency,20,3,4,4,16,0.8,0.3,5,2,1,1,7,63,551865,151766,7585450,139849,505679,649,118451,426947,431,8,2656596,1,8,89924,3298929,4475529,validation_failed,20,3,14,3
idempotency-accuracy,450,451,idempotency,10,3,4,3,16,0.8,0.3,5,2,1,1,1,1,358423,100000,5005586,111,165,1,113,168,0,1,359967,0,1,120,718553,1017400,passed,10,0,1,0
idempotency-accuracy,451,452,idempotency,23,2,5,5,11,0.8,0.3,5,2,1,1,3,25,360600,100528,5030920,105181,496521,215,82784,405445,268,8,1272623,5,8,65508,1699112,2211170,passed,23,2,12,2
idempotency-accuracy,452,453,idempotency,10,4,2,2,21,0.8,0.3,5,2,1,1,1,1,359248,100000,4995031,97,144,0,100,148,0,1,326991,0,1,95,686373,1033268,passed,10,0,1,0
idempotency-accuracy,453,454,idempotency,17,4,3,2,21,0.8,0.3,5,2,1,1,1,1,366159,100000,5016360,99,147,1,102,151,0,1,336735,0,1,96,703030,1160613,passed,17,0,1,0
idempotency-accuracy,454,455,idempotency,22,2,3,2,11,0.8,0.3,5,2,1,1,1,1,357387,100000,5003547,55,81,1,56,83,0,1,331760,0,1,69,689260,1012225,passed,22,0,1,0
idempotency-accuracy,455,456,idempotency,11,3,5,3,16,0.8,0.3,5,2,1,1,1,1,360690,100000,5002622,113,168,24,115,171,0,1,335531,0,1,128,696391,1018967,passed,11,0,1,0
idempotency-accuracy,456,457,idempotency,11,5,5,4,26,0.8,0.3,5,2,1,1,5,24,385312,107134,5343727,54128,273490,154,39607,202010,154,6,1648416,1,6,33127,2067106,3130318,passed,11,1,7,1
idempotency-accuracy,457,458,idempotency,11,2,3,4,11,0.8,0.3,5,2,1,1,4,14,367564,101187,5053920,6897,23992,40,4782,17828,2,4,1332340,0,4,4139,1704199,1044888,passed,11,2,5,2
idempotency-accuracy,458,459,idempotency,12,2,2,3,11,0.8,0.3,5,2,1,1,1,1,362350,100000,4990332,75,111,2,76,113,0,1,331591,0,1,81,694060,975487,passed,12,0,1,0
idempotency-accuracy,459,460,idempotency,12,5,4,3,26,0.8,0.3,5,2,1,1,1,1,360784,100000,4999096,175,261,23,179,266,0,1,334342,0,1,182,695352,1251274,passed,12,0,1,0
idempotency-accuracy,460,461,idempotency,11,3,4,3,16,0.8,0.3,5,2,1,1,7,47,508570,136055,6806103,68769,302834,169,63518,282369,224,8,2468482,1,8,44360,3021871,1544941,passed,11,1,10,1
idempotency-accuracy,461,462,idempotency,22,5,2,2,26,0.8,0.3,5,2,1,1,7,52,550873,153733,7690816,108399,809114,459,92108,680357,453,9,2395734,2,9,80686,3028045,22403241,validation_failed,22,2,11,2
idempotency-accuracy,462,463,idempotency,13,2,5,3,11,0.8,0.3,5,2,1,1,7,44,614235,170900,8542402,51533,425330,257,41572,359494,220,8,2413356,1,8,35123,3063386,1236731,passed,13,1,10,1
idempotency-accuracy,463,464,idempotency,23,5,5,4,26,0.8,0.3,5,2,1,1,11,121,566679,153128,7641590,740945,3883192,1933,620310,3180715,1894,12,4711163,1,12,475004,5753823,131224793,passed,23,3,20,3
idempotency-accuracy,464,465,idempotency,23,3,5,3,16,0.8,0.3,5,2,1,1,1,1,357592,100000,4992223,113,168,0,115,171,0,1,344698,0,1,104,702433,1154147,passed,23,0,1,0
idempotency-accuracy,465,466,idempotency,11,3,2,5,16,0.8,0.3,5,2,1,1,1,1,373544,100000,5001201,171,255,1,173,258,0,1,332569,0,1,142,706305,1015555,passed,11,0,1,0
idempotency-accuracy,466,467,idempotency,10,4,2,4,21,0.8,0.3,5,2,1,1,5,31,373508,104814,5240745,126491,736413,390,102277,617289,455,8,1772442,3,8,86825,2233294,2477990,passed,10,1,10,1
idempotency-accuracy,467,468,idempotency,12,2,5,3,11,0.8,0.3,5,2,1,1,1,1,354764,100000,5004577,81,120,1,82,122,0,1,325038,0,1,104,679947,968171,passed,12,0,1,0
idempotency-accuracy,468,469,idempotency,18,5,5,2,26,0.8,0.3,5,2,1,1,1,1,354888,100000,4989750,125,186,2,129,191,0,1,326352,0,1,150,681433,1482934,passed,18,0,1,0
idempotency-accuracy,469,470,idempotency,15,3,3,5,16,0.8,0.3,5,2,1,1,7,53,485962,130585,6519238,263457,1517691,751,226180,1299023,988,10,2622151,3,10,173122,3282052,3232172,validation_failed,15,1,14,1
idempotency-accuracy,470,471,idempotency,20,4,5,3,21,0.8,0.3,5,2,1,1,8,95,461886,129770,6483454,564602,4005631,2215,440800,3068064,1886,13,3950406,5,13,398123,4811845,25846187,validation_failed,20,1,19,1
idempotency-accuracy,471,472,idempotency,12,4,5,5,21,0.8,0.3,5,2,1,1,1,1,364261,100000,5000234,229,342,2,232,346,0,1,330442,0,1,171,694913,1109484,passed,12,0,1,0
idempotency-accuracy,472,473,idempotency,10,2,3,5,11,0.8,0.3,5,2,1,1,5,20,533323,148402,7413278,16928,209089,48,12079,148376,53,5,1677401,0,5,12481,2223543,1023509,passed,10,2,6,2
idempotency-accuracy,473,474,idempotency,10,3,4,5,16,0.8,0.3,5,2,1,1,4,15,367025,102096,5104383,16684,70968,88,11676,51339,36,4,1328337,0,4,10332,1705963,1170994,passed,10,1,6,1
idempotency-accuracy,474,475,idempotency,12,4,5,3,21,0.8,0.3,5,2,1,1,6,41,436964,121992,6076149,59266,275855,153,53387,254477,173,6,2082098,0,6,38436,2557849,2893717,passed,12,1,10,1
idempotency-accuracy,475,476,idempotency,20,4,4,3,21,0.8,0.3,5,2,1,1,4,20,467232,128001,6399653,22855,68697,58,20548,61974,93,4,1364714,0,4,14802,1847003,4253612,validation_failed,20,1,7,1
idempotency-accuracy,476,477,idempotency,21,5,2,5,26,0.8,0.3,5,2,1,1,6,102,929051,251500,12598190,1442100,8955470,4207,1343728,8430841,4838,16,3291910,10,16,1002753,5225148,110168453,passed,21,1,22,1
idempotency-accuracy,477,478,idempotency,13,5,5,4,26,0.8,0.3,5,2,1,1,6,52,417229,113757,5700461,212143,1118432,615,166595,873470,657,9,2326582,3,9,136425,2880727,9335792,passed,13,2,12,2
idempotency-accuracy,478,479,idempotency,10,4,4,5,21,0.8,0.3,5,2,1,1,1,1,416375,100000,4994065,227,339,1,230,343,0,1,328090,0,1,185,744692,1092196,passed,10,0,1,0
idempotency-accuracy,479,480,idempotency,20,4,2,3,21,0.8,0.3,5,2,1,1,1,1,357106,100000,5003446,139,207,1,142,211,0,1,328122,0,1,116,685388,1300402,passed,20,0,1,0
idempotency-accuracy,480,481,idempotency,16,5,3,4,26,0.8,0.3,5,2,1,1,1,1,358262,100000,4982368,225,336,1,229,341,0,1,331992,0,1,169,690471,1528902,passed,16,0,1,0
idempotency-accuracy,481,482,idempotency,24,2,3,4,11,0.8,0.3,5,2,1,1,6,37,482994,132634,6616508,47772,180984,192,40796,154447,191,6,2190836,0,6,29326,2703486,1704169,passed,24,3,10,2
idempotency-accuracy,482,483,idempotency,20,2,5,5,11,0.8,0.3,5,2,1,1,5,30,361373,102296,5119207,185686,1003715,593,149082,811597,376,9,1931043,4,9,114909,2407869,2416921,passed,20,2,14,2
idempotency-accuracy,483,484,idempotency,18,2,3,5,11,0.8,0.3,5,2,1,1,7,47,421876,118308,5921326,76198,367753,291,69431,336910,140,8,2419145,1,8,49396,2891065,1487466,passed,18,1,11,1
idempotency-accuracy,484,485,idempotency,23,2,4,3,11,0.8,0.3,5,2,1,1,1,1,355834,100000,5000254,79,117,0,80,119,0,1,327995,0,1,82,683959,991900,passed,23,0,1,0
idempotency-accuracy,485,486,idempotency,13,2,2,4,11,0.8,0.3,5,2,1,1,4,14,375915,106321,5321637,7067,22685,33,5802,19107,11,4,1302466,0,4,4398,1682959,1033825,passed,13,3,5,2
idempotency-accuracy,486,487,idempotency,14,5,3,5,26,0.8,0.3,5,2,1,1,4,23,386272,105465,5264602,69977,256189,203,62496,232970,206,5,1314781,1,5,44289,1745629,5362053,passed,14,2,8,2
idempotency-accuracy,487,488,idempotency,11,3,2,5,16,0.8,0.3,5,2,1,1,4,26,380102,104040,5197143,67299,274391,155,61971,257871,257,5,1377436,1,5,43478,1801295,1730749,passed,11,1,10,1
idempotency-accuracy,488,489,idempotency,17,3,4,4,16,0.8,0.3,5,2,1,1,7,54,372984,103290,5159598,201693,873290,469,158212,696658,405,9,2700826,2,9,122070,3196383,4663795,passed,17,2,15,2
idempotency-accuracy,489,490,idempotency,22,5,4,2,26,0.8,0.3,5,2,1,1,8,92,724303,201502,10074339,234611,1629034,677,216721,1518101,633,10,3130119,2,10,165074,4020492,53035355,validation_failed,22,1,17,1
idempotency-accuracy,490,491,idempotency,23,4,2,2,21,0.8,0.3,5,2,1,1,1,1,371494,100000,4996653,97,144,1,100,148,0,1,346603,0,1,121,718262,1346869,passed,23,0,1,0
idempotency-accuracy,491,492,idempotency,24,4,2,2,21,0.8,0.3,5,2,1,1,1,1,355657,100000,4995555,97,144,0,100,148,0,1,328307,0,1,95,684095,1398537,passed,24,0,1,0
idempotency-accuracy,492,493,idempotency,12,4,4,2,21,0.8,0.3,5,2,1,1,1,1,372438,100000,4992021,101,150,2,104,154,0,1,326862,0,1,121,699472,1060293,passed,12,0,1,0
idempotency-accuracy,493,494,idempotency,17,5,5,5,26,0.8,0.3,5,2,1,1,2,6,361690,100048,4993832,6576,44647,19,5361,39671,26,2,661016,0,2,4408,1027250,3493605,passed,17,1,4,1
idempotency-accuracy,494,495,idempotency,16,3,5,5,16,0.8,0.3,5,2,1,1,8,63,818272,230739,11514371,174049,889001,433,161700,837056,544,9,2897343,1,9,113472,3829768,3667678,passed,16,1,12,1
idempotency-accuracy,495,496,idempotency,12,2,5,2,11,0.8,0.3,5,2,1,1,1,1,368714,100000,4993463,59,87,1,60,89,0,1,331114,0,1,70,699948,990224,passed,12,0,1,0
idempotency-accuracy,496,497,idempotency,14,4,4,2,21,0.8,0.3,5,2,1,1,6,43,395764,110977,5551565,62112,336387,258,56562,309223,117,7,2183249,1,7,40527,2620023,3386719,passed,14,1,11,1
idempotency-accuracy,497,498,idempotency,18,2,2,3,11,0.8,0.3,5,2,1,1,4,18,374165,104377,5220788,9309,26777,42,8047,23156,24,4,1347472,0,4,5837,1727651,1160494,passed,18,2,7,2
idempotency-accuracy,498,499,idempotency,14,5,5,3,26,0.8,0.3,5,2,1,1,7,53,383907,106818,5339724,160448,666970,482,142910,604734,586,9,2713948,2,9,102899,3201420,10170028,passed,14,3,12,3
idempotency-accuracy,499,500,idempotency,16,5,3,3,26,0.8,0.3,5,2,1,1,6,59,739355,198384,9947327,269892,1541511,816,244185,1377716,1168,10,2459283,4,10,185910,3385402,13303689,validation_failed,16,1,14,1
idempotency-accuracy,500,501,idempotency,19,5,5,5,26,0.8,0.3,5,2,1,1,1,1,359832,100000,4990241,281,420,2,285,425,0,1,324917,0,1,205,685003,1668109,passed,19,0,1,0
idempotency-accuracy,501,502,idempotency,15,2,2,5,11,0.8,0.3,5,2,1,1,4,17,377468,103715,5183637,14941,55396,45,11444,45449,27,5,1334058,1,5,9112,1720832,1065802,passed,15,2,6,2
idempotency-accuracy,502,503,idempotency,20,4,5,5,21,0.8,0.3,5,2,1,1,7,78,510435,140265,7059491,519967,3592824,1750,486086,3436479,1907,12,3100800,5,12,367957,3980369,26167901,passed,20,1,16,1
idempotency-accuracy,503,504,idempotency,12,4,3,2,21,0.8,0.3,5,2,1,1,7,45,410432,114348,5712782,50662,212585,117,36478,156875,168,7,2411845,0,7,30101,2852740,2649256,passed,12,2,10,2
idempotency-accuracy,504,505,idempotency,15,2,3,2,11,0.8,0.3,5,2,1,1,5,45,414856,115302,5769060,55686,660066,535,44293,466590,430,8,1856542,3,8,39966,2314288,1378649,passed,15,1,13,1
idempotency-accuracy,505,506,idempotency,12,4,5,2,21,0.8,0.3,5,2,1,1,6,39,386915,106230,5304300,110338,587627,383,87414,471119,280,9,2262092,3,9,72461,2721977,3503731,passed,12,1,13,1
idempotency-accuracy,506,507,idempotency,16,2,5,5,11,0.8,0.3,5,2,1,1,4,19,394666,109405,5486198,25260,142706,102,21581,115132,39,5,1384130,1,5,17201,1796241,1149546,passed,16,1,7,1
idempotency-accuracy,507,508,idempotency,23,5,2,2,26,0.8,0.3,5,2,1,1,6,83,422451,116110,5785373,651847,5484960,2076,577813,4958288,2447,15,3886680,9,15,461443,4772870,105362292,passed,23,1,24,1
idempotency-accuracy,508,509,idempotency,22,2,5,5,11,0.8,0.3,5,2,1,1,1,1,356477,100000,4989695,125,186,1,126,188,0,1,324937,0,1,123,681580,991942,passed,22,0,1,0
idempotency-accuracy,509,510,idempotency,19,4,5,2,21,0.8,0.3,5,2,1,1,4,17,360519,101321,5048637,13049,83855,29,9265,56231,31,4,1325435,0,4,8096,1694279,3919690,passed,19,3,7,3
idempotency-accuracy,510,511,idempotency,19,3,5,2,16,0.8,0.3,5,2,1,1,7,65,644020,177278,8864771,129162,601109,341,108055,491161,421,9,2689471,2,9,84848,3419018,5673642,validation_failed,19,1,16,1
idempotency-accuracy,511,512,idempotency,15,3,4,3,16,0.8,0.3,5,2,1,1,5,22,399652,111702,5568848,20327,194470,85,14421,135213,86,5,1740820,0,5,14061,2154839,1824842,passed,15,1,7,1
idempotency-accuracy,512,513,idempotency,20,4,5,3,21,0.8,0.3,5,2,1,1,8,67,641740,180109,9002843,137764,672174,282,125627,629261,403,8,2950837,0,8,90487,3683645,14747541,passed,20,1,14,1
idempotency-accuracy,513,514,idempotency,18,3,4,3,16,0.8,0.3,5,2,1,1,5,27,371314,104449,5232561,45256,465375,184,31658,305305,92,6,1755505,1,6,30866,2158242,2607490,validation_failed,18,1,9,1
idempotency-accuracy,514,515,idempotency,14,4,5,2,21,0.8,0.3,5,2,1,1,5,27,975623,271049,13545359,40436,143068,102,34276,117400,101,6,1740269,1,6,25130,2741380,2868366,validation_failed,14,1,9,1
idempotency-accuracy,515,516,idempotency,13,3,3,5,16,0.8,0.3,5,2,1,1,1,1,359194,100000,4998760,173,258,0,175,261,0,1,326197,0,1,149,685582,1061394,passed,13,0,1,0
idempotency-accuracy,516,517,idempotency,21,4,3,4,21,0.8,0.3,5,2,1,1,1,1,354527,100000,4994675,183,273,2,186,277,0,1,332528,0,1,196,687297,1377855,passed,21,0,1,0
idempotency-accuracy,517,518,idempotency,23,3,2,3,16,0.8,0.3,5,2,1,1,6,38,502639,141492,7073255,79758,752696,245,66950,645110,231,7,2071644,1,7,56872,2631656,5445826,validation_failed,23,1,11,1
idempotency-accuracy,518,519,idempotency,20,3,3,2,16,0.8,0.3,5,2,1,1,6,51,388824,103600,5184515,75253,653688,277,61823,568120,314,9,2158550,3,9,52810,2600845,3988966,passed,20,3,12,3
idempotency-accuracy,519,520,idempotency,17,5,5,2,26,0.8,0.3,5,2,1,1,8,63,411522,116102,5807401,114661,579824,361,97181,505118,313,8,2933984,0,8,73570,3419551,14484423,passed,17,2,13,2
idempotency-accuracy,520,521,idempotency,22,5,4,5,26,0.8,0.3,5,2,1,1,10,124,620932,170581,8541261,980518,6340519,3151,751272,4749088,2707,13,4271806,3,13,634439,5529135,106994407,passed,22,1,19,1
idempotency-accuracy,521,522,idempotency,10,5,2,5,26,0.8,0.3,5,2,1,1,6,39,713735,197892,9893977,162219,852673,440,132452,702551,442,7,2066539,1,7,102006,2882792,4424876,passed,10,1,10,1
idempotency-accuracy,522,523,idempotency,20,5,2,3,26,0.8,0.3,5,2,1,1,1,1,361498,100000,4994519,171,255,1,175,260,0,1,331683,0,1,142,693369,1687532,passed,20,0,1,0
idempotency-accuracy,523,524,idempotency,13,3,2,5,16,0.8,0.3,5,2,1,1,1,1,356822,100000,4988580,171,255,0,173,258,0,1,327508,0,1,139,684511,1005031,passed,13,0,1,0
idempotency-accuracy,524,525,idempotency,11,3,2,2,16,0.8,0.3,5,2,1,1,2,5,389963,100549,5053787,1127,3337,1,705,2239,0,2,656291,0,2,711,1047044,1056891,passed,11,1,3,1
idempotency-accuracy,525,526,idempotency,22,4,5,2,21,0.8,0.3,5,2,1,1,1,1,362651,100000,5008042,103,153,2,106,157,0,1,326684,0,1,103,689482,1301137,passed,22,0,1,0
idempotency-accuracy,526,527,idempotency,17,3,4,2,16,0.8,0.3,5,2,1,1,5,29,810189,219531,10985941,47806,294515,267,40752,260060,183,8,1774668,3,8,33514,2620197,2298807,validation_failed,17,1,9,1
idempotency-accuracy,527,528,idempotency,15,3,2,2,16,0.8,0.3,5,2,1,1,6,54,378197,106157,5299434,139029,802669,779,108489,616039,363,11,2250356,5,11,90037,2720228,2654571,passed,15,1,14,1
idempotency-accuracy,528,529,idempotency,10,3,2,4,16,0.8,0.3,5,2,1,1,4,13,377679,101351,5060329,11923,81453,29,9804,65731,54,4,1313968,0,4,8210,1700090,1100905,passed,10,1,5,1
idempotency-accuracy,529,530,idempotency,14,4,2,2,21,0.8,0.3,5,2,1,1,6,43,361873,102094,5101117,82468,454972,191,75467,427988,260,8,2119937,2,8,55472,2537732,4037420,passed,14,2,12,2
idempotency-accuracy,530,531,idempotency,14,2,2,5,11,0.8,0.3,5,2,1,1,3,18,559669,154361,7722085,43658,227220,132,32379,171310,109,6,1024670,3,6,26552,1611184,1228134,passed,14,1,9,1
idempotency-accuracy,531,532,idempotency,19,4,5,4,21,0.8,0.3,5,2,1,1,8,62,494094,137847,6891640,151473,756969,387,129653,670481,367,8,2967307,0,8,97569,3559547,12207658,passed,19,3,13,3
idempotency-accuracy,532,533,idempotency,23,2,4,3,11,0.8,0.3,5,2,1,1,7,47,638770,177159,8868099,38743,184109,70,34502,166660,183,7,2459800,0,7,25015,3124061,1633473,passed,23,1,11,1
idempotency-accuracy,533,534,idempotency,17,2,5,4,11,0.8,0.3,5,2,1,1,7,41,521778,144358,7232271,43466,336771,159,31877,238747,85,7,2475727,0,7,28940,3026865,1308353,passed,17,1,10,1
idempotency-accuracy,534,535,idempotency,11,5,2,2,26,0.8,0.3,5,2,1,1,4,30,697767,192601,9634811,74261,381250,161,57863,295667,246,7,1398819,3,7,46012,2142959,3447903,passed,11,1,10,1
idempotency-accuracy,535,536,idempotency,16,4,3,4,21,0.8,0.3,5,2,1,1,1,1,374172,100000,5014555,183,273,1,186,277,0,1,331776,0,1,147,706137,1192877,passed,16,0,1,0
idempotency-accuracy,536,537,idempotency,15,4,5,2,21,0.8,0.3,5,2,1,1,1,1,369899,100000,5000133,103,153,1,106,157,0,1,335195,0,1,116,705252,1124990,passed,15,0,1,0
idempotency-accuracy,537,538,idempotency,17,3,4,5,16,0.8,0.3,5,2,1,1,3,26,363652,101362,5071808,209147,2407398,1100,189633,2057649,968,9,1509945,6,9,175598,2049945,4516704,validation_failed,17,1,15,1
idempotency-accuracy,538,539,idempotency,10,2,2,4,11,0.8,0.3,5,2,1,1,5,22,384839,104662,5242080,19583,106290,44,15803,78896,94,5,1678667,0,5,12779,2076533,1047389,passed,10,1,7,1
idempotency-accuracy,539,540,idempotency,11,4,3,5,21,0.8,0.3,5,2,1,1,6,40,398317,110092,5498843,115047,583161,385,104146,540848,364,7,2051866,1,7,76366,2527032,2589948,passed,11,1,10,1
idempotency-accuracy,540,541,idempotency,13,2,5,2,11,0.8,0.3,5,2,1,1,3,9,369533,101617,5076547,2380,9350,21,1996,8052,0,3,1005652,0,3,1613,1376958,1013054,passed,13,1,4,1
idempotency-accuracy,541,542,idempotency,18,2,5,2,11,0.8,0.3,5,2,1,1,8,57,392743,106181,5302156,48706,310559,235,35008,234768,261,8,3048934,0,8,32036,3474210,1705342,passed,18,2,12,2
idempotency-accuracy,542,543,idempotency,18,5,3,5,26,0.8,0.3,5,2,1,1,1,1,380233,100000,4995190,277,414,1,281,419,0,1,330889,0,1,200,711365,1666273,passed,18,0,1,0
idempotency-accuracy,543,544,idempotency,17,2,5,2,11,0.8,0.3,5,2,1,1,1,1,373425,100000,4999022,59,87,1,60,89,0,1,331949,0,1,107,705520,997472,passed,17,0,1,0
idempotency-accuracy,544,545,idempotency,17,2,3,4,11,0.8,0.3,5,2,1,1,5,31,420743,117851,5873408,28034,98725,65,24699,87011,128,5,1698722,0,5,17394,2137104,1298874,validation_failed,17,2,10,2
idempotency-accuracy,545,546,idempotency,21,3,4,5,16,0.8,0.3,5,2,1,1,8,58,406503,114586,5721463,154270,838967,404,114448,635073,298,8,2916601,0,8,94123,3417656,5307984,passed,21,2,12,2
idempotency-accuracy,546,547,idempotency,21,5,4,3,26,0.8,0.3,5,2,1,1,9,115,550491,150278,7515863,587552,4958512,2069,474612,4082739,2037,12,3727930,3,12,401261,4681965,77886432,passed,21,3,19,3
idempotency-accuracy,547,548,idempotency,22,4,4,2,21,0.8,0.3,5,2,1,1,10,96,680516,189845,9491448,320359,2139229,834,252527,1687038,871,12,3899146,2,12,205344,4785968,20605100,passed,22,2,17,2
idempotency-accuracy,548,549,idempotency,24,3,5,2,16,0.8,0.3,5,2,1,1,7,54,453423,128083,6406160,56033,270272,110,40667,207106,144,8,2533780,1,8,33117,3020680,5595765,passed,24,4,12,4
idempotency-accuracy,549,550,idempotency,20,4,3,2,21,0.8,0.3,5,2,1,1,5,62,398449,107745,5391231,278263,1384075,784,224268,1119380,766,10,2384530,5,10,171338,2955095,23126572,validation_failed,20,2,20,2
idempotency-accuracy,550,551,idempotency,13,4,3,5,21,0.8,0.3,5,2,1,1,1,1,368919,100000,5000133,225,336,1,228,340,0,1,331170,0,1,181,700312,1091179,passed,13,0,1,0
idempotency-accuracy,551,552,idempotency,15,2,4,5,11,0.8,0.3,5,2,1,1,1,1,358883,100000,5011864,123,183,2,124,185,0,1,329806,0,1,111,688842,993479,passed,15,0,1,0
idempotency-accuracy,552,553,idempotency,15,3,5,4,16,0.8,0.3,5,2,1,1,3,15,357427,100791,5043401,27299,114869,86,19733,84910,53,5,998394,2,5,16151,1372135,1782611,passed,15,1,7,1
idempotency-accuracy,553,554,idempotency,15,5,2,4,26,0.8,0.3,5,2,1,1,5,45,468038,130907,6560012,417355,3138197,1345,319970,2348135,1170,11,1922353,6,11,279421,2670530,15326958,passed,15,2,13,2
idempotency-accuracy,554,555,idempotency,11,4,3,3,21,0.8,0.3,5,2,1,1,1,1,369280,100000,5000462,141,210,0,144,214,0,1,326239,0,1,124,695690,1076761,passed,11,0,1,0
idempotency-accuracy,555,556,idempotency,10,5,3,4,26,0.8,0.3,5,2,1,1,1,1,365724,100000,5005032,225,336,9,229,341,0,1,331233,0,1,191,697198,1174532,passed,10,0,1,0
idempotency-accuracy,556,557,idempotency,17,4,4,5,21,0.8,0.3,5,2,1,1,1,1,363770,100000,5007953,227,339,2,230,343,20,1,327442,0,1,207,691470,1211780,passed,17,0,1,0
idempotency-accuracy,557,558,idempotency,10,2,3,4,11,0.8,0.3,5,2,1,1,1,1,357061,100000,5016885,99,147,1,100,149,0,1,330883,0,1,101,688085,982962,passed,10,0,1,0
idempotency-accuracy,558,559,idempotency,14,5,3,5,26,0.8,0.3,5,2,1,1,1,1,359719,100000,4999305,277,414,1,281,419,4,1,333256,0,1,211,693226,1380917,passed,14,0,1,0
idempotency-accuracy,559,560,idempotency,22,4,4,3,21,0.8,0.3,5,2,1,1,9,111,464108,129702,6483445,448031,2497832,1415,408449,2333762,1567,12,3871184,3,12,291659,4628022,39895468,passed,22,2,20,2
idempotency-accuracy,560,561,idempotency,23,3,2,3,16,0.8,0.3,5,2,1,1,12,153,799668,223122,11148106,665591,5786877,1883,537889,4746379,1821,16,4926170,4,16,461584,6189270,18616023,passed,23,2,23,2
idempotency-accuracy,561,562,idempotency,24,4,2,4,21,0.8,0.3,5,2,1,1,7,99,816028,214017,10708932,773926,7977934,2905,634211,6553748,2570,12,3288265,5,12,580294,4686113,66226863,passed,24,1,23,1
idempotency-accuracy,562,563,idempotency,19,5,5,3,26,0.8,0.3,5,2,1,1,10,92,470553,131854,6575685,590738,3476841,1673,486270,2900102,1662,14,4198231,4,14,383217,5052960,45538409,passed,19,2,18,2
idempotency-accuracy,563,564,idempotency,11,4,3,2,21,0.8,0.3,5,2,1,1,7,48,428962,120783,6051272,52758,283855,158,50335,263053,137,7,2386066,0,7,35700,2851410,2079472,passed,11,1,10,1
idempotency-accuracy,564,565,idempotency,16,2,5,3,11,0.8,0.3,5,2,1,1,6,45,381419,107449,5367269,45898,186965,98,40264,167166,152,7,2165263,1,7,28383,2575476,1367448,passed,16,2,11,2
idempotency-accuracy,565,566,idempotency,23,2,3,2,11,0.8,0.3,5,2,1,1,6,32,823660,229730,11488156,15620,76665,37,14121,70308,55,6,2036945,0,6,10038,2871034,1385840,passed,23,1,8,1
idempotency-accuracy,566,567,idempotency,13,5,5,4,26,0.8,0.3,5,2,1,1,1,1,361103,100000,4993215,229,342,0,233,347,0,1,328725,0,1,177,690047,1266103,passed,13,0,1,0
idempotency-accuracy,567,568,idempotency,16,4,3,4,21,0.8,0.3,5,2,1,1,1,1,355717,100000,5002390,183,273,2,186,277,0,1,323345,0,1,145,679248,1189782,passed,16,0,1,0
idempotency-accuracy,568,569,idempotency,18,5,5,2,26,0.8,0.3,5,2,1,1,1,1,358909,100000,4994373,125,186,2,129,191,0,1,329015,0,1,129,688097,1480802,passed,18,0,1,0
idempotency-accuracy,569,570,idempotency,13,2,2,3,11,0.8,0.3,5,2,1,1,5,26,377665,105119,5254730,19277,98484,55,13963,73585,50,6,1690908,1,6,11775,2080635,1101587,passed,13,1,8,1
idempotency-accuracy,570,571,idempotency,19,3,3,4,16,0.8,0.3,5,2,1,1,1,1,359497,100000,5002580,141,210,1,143,213,0,1,328471,0,1,121,688131,1072867,passed,19,0,1,0
idempotency-accuracy,571,572,idempotency,15,3,2,5,16,0.8,0.3,5,2,1,1,1,1,359048,100000,4988107,171,255,0,173,258,0,1,324685,0,1,133,683907,1046131,passed,15,0,1,0
idempotency-accuracy,572,573,idempotency,17,4,3,4,21,0.8,0.3,5,2,1,1,10,86,752456,205837,10305115,318906,1982468,1183,286276,1773941,844,11,3656215,1,11,227375,4637034,13233008,passed,17,1,15,1
idempotency-accuracy,573,574,idempotency,20,4,4,5,21,0.8,0.3,5,2,1,1,1,1,366082,100000,5008296,227,339,1,230,343,0,1,328080,0,1,168,694370,1337663,passed,20,0,1,0
idempotency-accuracy,574,575,idempotency,12,5,4,3,26,0.8,0.3,5,2,1,1,1,1,365008,100000,5016491,175,261,1,179,266,0,1,338125,0,1,142,703316,1222600,passed,12,0,1,0
idempotency-accuracy,575,576,idempotency,24,4,2,2,21,0.8,0.3,5,2,1,1,6,82,463332,130304,6514327,424833,2476782,1917,350035,2044696,1799,12,2904606,6,12,290178,3659280,52914598,passed,24,3,25,3
idempotency-accuracy,576,577,idempotency,14,3,4,5,16,0.8,0.3,5,2,1,1,1,1,357208,100000,5007019,175,261,0,177,264,0,1,329732,0,1,163,687141,1012859,passed,14,0,1,0
idempotency-accuracy,577,578,idempotency,22,4,5,3,21,0.8,0.3,5,2,1,1,10,90,706321,193862,9681601,275996,1669865,1064,221274,1335928,988,11,3853162,1,11,182634,4743032,19026871,passed,22,1,15,1
idempotency-accuracy,578,579,idempotency,10,2,4,2,11,0.8,0.3,5,2,1,1,1,1,356857,100000,5006282,57,84,1,58,86,0,1,328262,0,1,72,685229,957430,passed,10,0,1,0
idempotency-accuracy,579,580,idempotency,13,4,2,3,21,0.8,0.3,5,2,1,1,1,1,353873,100000,5001953,139,207,1,142,211,0,1,326206,0,1,121,680239,1102424,passed,13,0,1,0
idempotency-accuracy,580,581,idempotency,18,3,3,5,16,0.8,0.3,5,2,1,1,1,1,357169,100000,4997713,173,258,1,175,261,0,1,325831,0,1,147,683187,1037354,passed,18,0,1,0
idempotency-accuracy,581,582,idempotency,11,4,2,2,21,0.8,0.3,5,2,1,1,4,33,455101,128315,6418984,69746,285287,232,56151,226278,126,7,1373922,3,7,42827,1872279,2499380,passed,11,2,11,2
idempotency-accuracy,582,583,idempotency,15,3,3,2,16,0.8,0.3,5,2,1,1,7,47,412964,112919,5653776,43513,379087,151,31309,282434,133,7,2465685,0,7,28205,2907261,2236593,passed,15,2,11,2
idempotency-accuracy,583,584,idempotency,17,3,5,5,16,0.8,0.3,5,2,1,1,9,88,757907,207049,10356546,308505,2995479,1017,256872,2452832,983,11,3559038,2,11,220700,4538918,5944923,passed,17,1,15,1
idempotency-accuracy,584,585,idempotency,10,4,3,2,21,0.8,0.3,5,2,1,1,4,22,376126,105737,5283237,48376,201033,180,38461,160825,150,7,1522552,3,7,30399,1929500,1782500,passed,10,1,9,1
idempotency-accuracy,585,586,idempotency,10,3,2,5,16,0.8,0.3,5,2,1,1,5,33,517817,145639,7290808,99467,617757,321,81146,498623,486,8,1768843,3,8,71784,2359154,1394884,passed,10,1,10,1
idempotency-accuracy,586,587,idempotency,11,5,2,4,26,0.8,0.3,5,2,1,1,1,1,372426,100000,5004253,223,333,1,227,338,0,1,326812,0,1,171,699454,1217494,passed,11,0,1,0
idempotency-accuracy,587,588,idempotency,13,4,4,2,21,0.8,0.3,5,2,1,1,7,47,443775,124278,6198673,85349,523245,386,64201,405350,242,8,2522892,1,8,52103,3020566,3973679,passed,13,2,12,2
idempotency-accuracy,588,589,idempotency,24,3,5,4,16,0.8,0.3,5,2,1,1,11,97,812362,226753,11326702,283160,2071942,827,223506,1635692,725,12,4091555,1,12,190673,5095552,13649689,validation_failed,24,2,15,2
idempotency-accuracy,589,590,idempotency,22,5,2,5,26,0.8,0.3,5,2,1,1,1,1,360560,100000,5004859,275,411,2,279,416,0,1,328568,0,1,220,689392,1986919,passed,22,0,1,0
idempotency-accuracy,590,591,idempotency,23,4,3,4,21,0.8,0.3,5,2,1,1,5,31,421966,116571,5839839,94475,369731,298,75461,308120,213,7,1800938,2,7,59361,2282628,10549904,passed,23,2,9,2
idempotency-accuracy,591,592,idempotency,20,4,4,3,21,0.8,0.3,5,2,1,1,6,60,789375,218217,10925326,210230,878887,575,169263,702916,574,10,2452111,4,10,127368,3369772,16079592,passed,20,2,14,2
idempotency-accuracy,592,593,idempotency,12,2,5,4,11,0.8,0.3,5,2,1,1,1,1,361218,100000,5003836,103,153,1,104,155,0,1,326463,0,1,104,687828,992960,passed,12,0,1,0
idempotency-accuracy,593,594,idempotency,11,3,5,2,16,0.8,0.3,5,2,1,1,1,1,359419,100000,4998310,81,120,0,83,123,0,1,328146,0,1,82,687689,1012615,passed,11,0,1,0
idempotency-accuracy,594,595,idempotency,23,3,5,4,16,0.8,0.3,5,2,1,1,5,49,371225,102649,5120693,168279,810133,600,137363,661325,616,8,2025812,3,8,106454,2503984,7951614,passed,23,2,14,2
idempotency-accuracy,595,596,idempotency,10,3,5,2,16,0.8,0.3,5,2,1,1,1,1,365272,100000,5006530,81,120,0,83,123,0,1,343636,0,1,95,709047,1018506,passed,10,0,1,0
idempotency-accuracy,596,597,idempotency,13,3,4,4,16,0.8,0.3,5,2,1,1,1,1,360378,100000,4995020,143,213,2,145,216,0,1,330509,0,1,137,691068,1025570,passed,13,0,1,0
idempotency-accuracy,597,598,idempotency,24,5,5,4,26,0.8,0.3,5,2,1,1,6,63,486919,133676,6672593,598425,3567509,2148,424488,2525485,2075,9,2885423,3,9,373250,3746251,124823009,passed,24,3,20,3
idempotency-accuracy,598,599,idempotency,22,5,3,2,26,0.8,0.3,5,2,1,1,4,34,369666,103708,5194205,227397,1095643,750,180338,879910,540,11,1936651,7,11,138392,2445399,28669650,passed,22,1,14,1
idempotency-accuracy,599,600,idempotency,13,5,5,5,26,0.8,0.3,5,2,1,1,3,18,359990,100545,5025054,306320,2258984,968,241405,1868653,648,8,1364252,5,8,206093,1938437,13187349,passed,13,2,13,2
idempotency-accuracy,600,601,idempotency,19,4,4,2,21,0.8,0.3,5,2,1,1,6,88,567585,159248,7974184,327095,1848927,847,257747,1504309,932,12,2576675,6,12,204401,3349887,19375882,passed,19,3,19,3
idempotency-accuracy,601,602,idempotency,24,2,2,4,11,0.8,0.3,5,2,1,1,1,1,355385,100000,4990300,97,144,3,98,146,0,1,339891,0,1,161,695483,1025262,passed,24,0,1,0
idempotency-accuracy,602,603,idempotency,17,5,5,4,26,0.8,0.3,5,2,1,1,1,1,363110,100000,5011310,229,342,1,233,347,9,1,329911,0,1,190,693261,1572345,passed,17,0,1,0
idempotency-accuracy,603,604,idempotency,14,2,5,5,11,0.8,0.3,5,2,1,1,1,1,362970,100000,5003908,125,186,1,126,188,0,1,327334,0,1,114,690462,987999,passed,14,0,1,0
idempotency-accuracy,604,605,idempotency,24,5,2,3,26,0.8,0.3,5,2,1,1,6,97,880669,240866,12056377,1310514,9523289,4136,1157739,8459552,4145,16,3300451,10,16,947559,5130781,127832205,passed,24,1,24,1
idempotency-accuracy,605,606,idempotency,24,4,3,2,21,0.8,0.3,5,2,1,1,6,60,465481,121172,6054604,195092,1246068,672,142506,912263,374,10,2483233,4,10,124076,3073666,20535015,passed,24,2,16,2
idempotency-accuracy,606,607,idempotency,17,5,5,3,26,0.8,0.3,5,2,1,1,1,1,371663,100000,5018687,177,264,1,181,269,0,1,331503,0,1,160,703369,1522054,passed,17,0,1,0
idempotency-accuracy,607,608,idempotency,24,3,2,4,16,0.8,0.3,5,2,1,1,10,69,686312,192062,9618072,185546,1918164,651,147729,1595937,545,10,3377298,0,10,134467,4198873,7546887,passed,24,1,12,1
idempotency-accuracy,608,609,idempotency,13,3,5,2,16,0.8,0.3,5,2,1,1,4,30,367576,102239,5091420,51921,284182,154,38644,217442,154,6,1545122,2,6,32686,1945774,2110298,passed,13,3,13,3
idempotency-accuracy,609,610,idempotency,23,5,2,4,26,0.8,0.3,5,2,1,1,5,48,359340,101407,5053429,795449,6478052,2351,699862,5595035,2542,12,2498485,7,12,568496,3427349,111618922,passed,23,2,20,2
idempotency-accuracy,610,611,idempotency,15,5,3,4,26,0.8,0.3,5,2,1,1,1,1,359052,100000,4992167,225,336,1,229,341,0,1,330070,0,1,185,689350,1430870,passed,15,0,1,0
idempotency-accuracy,611,612,idempotency,12,3,4,5,16,0.8,0.3,5,2,1,1,7,44,383268,108180,5409433,121469,717174,321,95811,550764,325,8,2451497,1,8,77585,2912973,1948788,passed,12,1,10,1
idempotency-accuracy,612,613,idempotency,19,4,2,2,21,0.8,0.3,5,2,1,1,10,97,1018215,281398,14069156,155329,848145,415,141238,774892,406,11,3577502,1,11,99072,4695886,7567391,passed,19,1,16,1
idempotency-accuracy,613,614,idempotency,12,5,2,4,26,0.8,0.3,5,2,1,1,1,1,356950,100000,4995911,223,333,2,227,338,0,1,325556,0,1,180,682726,1252852,passed,12,0,1,0
idempotency-accuracy,614,615,idempotency,17,2,5,2,11,0.8,0.3,5,2,1,1,8,47,385816,102068,5088578,38922,258156,113,29553,206453,162,8,2810386,0,8,24729,3221473,1338473,passed,17,2,10,2
idempotency-accuracy,615,616,idempotency,20,5,3,5,26,0.8,0.3,5,2,1,1,6,69,404627,109408,5463509,1031240,7791072,4087,872194,6891467,4058,11,2922539,5,11,720570,4048787,85697524,passed,20,1,19,1
idempotency-accuracy,616,617,idempotency,18,2,4,3,11,0.8,0.3,5,2,1,1,9,63,425321,117613,5884592,143269,1041337,481,116825,801992,431,11,3384081,2,11,96861,3907093,1844534,passed,18,1,13,1
idempotency-accuracy,617,618,idempotency,22,2,2,3,11,0.8,0.3,5,2,1,1,1,1,374108,100000,4989619,75,111,1,76,113,0,1,329584,0,1,82,703816,998221,passed,22,0,1,0
idempotency-accuracy,618,619,idempotency,23,4,4,3,21,0.8,0.3,5,2,1,1,1,1,356291,100000,4999019,143,213,1,146,217,21,1,327208,0,1,144,683683,1425520,passed,23,0,1,0
idempotency-accuracy,619,620,idempotency,17,5,2,2,26,0.8,0.3,5,2,1,1,1,1,368694,100000,4989435,119,177,2,123,182,0,1,343759,0,1,125,712620,1479637,passed,17,0,1,0
idempotency-accuracy,620,621,idempotency,20,4,5,4,21,0.8,0.3,5,2,1,1,1,1,359518,100000,4997214,187,279,1,190,283,0,1,339010,0,1,154,698722,1324605,passed,20,0,1,0
idempotency-accuracy,621,622,idempotency,11,3,3,5,16,0.8,0.3,5,2,1,1,5,28,380248,103816,5197199,42618,142622,173,36827,124920,141,5,1673377,0,5,26337,2080288,1445095,passed,11,2,8,2
idempotency-accuracy,622,623,idempotency,24,4,3,5,21,0.8,0.3,5,2,1,1,7,117,704578,192671,9641657,1290423,7229012,3864,1012392,5693708,3946,15,3672154,8,15,847777,5225928,86469898,passed,24,5,25,5
idempotency-accuracy,623,624,idempotency,15,3,2,2,16,0.8,0.3,5,2,1,1,7,36,444432,122043,6098243,23294,132616,74,17127,98165,77,7,2358188,0,7,14917,2817957,1571961,passed,15,3,8,2
idempotency-accuracy,624,625,idempotency,10,2,2,3,11,0.8,0.3,5,2,1,1,3,14,377056,100073,5010426,15451,68500,76,13200,57459,42,5,996186,2,5,10389,1383888,1035096,passed,10,1,7,1
idempotency-accuracy,625,626,idempotency,12,4,2,3,21,0.8,0.3,5,2,1,1,1,1,355499,100000,4990003,139,207,2,142,211,0,1,324667,0,1,134,680335,1078829,passed,12,0,1,0
idempotency-accuracy,626,627,idempotency,10,4,4,3,21,0.8,0.3,5,2,1,1,1,1,357577,100000,4994016,143,213,2,146,217,0,1,325231,0,1,119,682967,1020777,passed,10,0,1,0
idempotency-accuracy,627,628,idempotency,18,2,4,2,11,0.8,0.3,5,2,1,1,9,81,446234,125756,6286213,79535,1546554,329,55771,1053949,309,9,3470710,0,9,68141,3985972,1700101,passed,18,2,15,2
idempotency-accuracy,628,629,idempotency,18,2,5,3,11,0.8,0.3,5,2,1,1,1,1,361491,100000,5020728,81,120,1,82,122,0,1,336835,0,1,87,698456,1021217,passed,18,0,1,0
idempotency-accuracy,629,630,idempotency,12,2,3,5,11,0.8,0.3,5,2,1,1,1,1,361936,100000,4998107,121,180,0,122,182,0,1,335505,0,1,120,697603,977082,passed,12,0,1,0
idempotency-accuracy,630,631,idempotency,13,2,3,3,11,0.8,0.3,5,2,1,1,1,1,376304,100000,5006759,77,114,1,78,116,0,1,330046,0,1,86,706475,979522,passed,13,0,1,0
idempotency-accuracy,631,632,idempotency,23,4,2,4,21,0.8,0.3,5,2,1,1,1,1,369269,100000,4999930,181,270,2,184,274,0,1,340632,0,1,161,710112,1494707,passed,23,0,1,0
idempotency-accuracy,632,633,idempotency,13,2,4,3,11,0.8,0.3,5,2,1,1,6,44,437589,120365,6024406,62089,296163,247,49495,240784,116,8,2138775,2,8,38987,2616008,1215328,passed,13,2,11,2
idempotency-accuracy,633,634,idempotency,12,3,4,2,16,0.8,0.3,5,2,1,1,5,26,373053,103273,5163655,34773,219796,160,28219,187058,196,7,1893764,2,7,22577,2289801,1304574,passed,12,1,9,1
idempotency-accuracy,634,635,idempotency,14,4,5,5,21,0.8,0.3,5,2,1,1,8,62,424656,118446,5912272,218411,936141,560,178632,757832,607,9,2902746,1,9,134018,3461950,5209782,passed,14,2,12,2
idempotency-accuracy,635,636,idempotency,12,2,5,3,11,0.8,0.3,5,2,1,1,3,10,369644,101539,5077914,4107,35371,3,2707,22817,18,3,1032492,0,3,2683,1405022,1041213,passed,12,1,5,1
idempotency-accuracy,636,637,idempotency,13,4,4,2,21,0.8,0.3,5,2,1,1,1,1,364419,100000,5004710,101,150,2,104,154,0,1,337262,0,1,111,701834,1077380,passed,13,0,1,0
idempotency-accuracy,637,638,idempotency,17,2,5,5,11,0.8,0.3,5,2,1,1,6,32,462713,125756,6300159,46837,310609,261,35239,242340,182,7,2100365,1,7,32769,2596240,1275677,passed,17,1,8,1
idempotency-accuracy,638,639,idempotency,24,4,3,3,21,0.8,0.3,5,2,1,1,1,1,357864,100000,5012534,141,210,2,144,214,32,1,344457,0,1,192,702555,1507349,passed,24,0,1,0
idempotency-accuracy,639,640,idempotency,19,2,5,4,11,0.8,0.3,5,2,1,1,6,39,465410,132498,6614572,46734,353631,103,37561,312470,159,6,2143048,0,6,30921,2639770,1483843,validation_failed,19,2,10,2
idempotency-accuracy,640,641,idempotency,17,5,5,5,26,0.8,0.3,5,2,1,1,1,1,357069,100000,4998676,281,420,20,285,425,0,1,327696,0,1,223,685030,1556979,passed,17,0,1,0
idempotency-accuracy,641,642,idempotency,17,4,4,5,21,0.8,0.3,5,2,1,1,9,66,652491,178798,8941355,405528,2711593,1370,351507,2435761,1611,11,3433098,2,11,278018,4364447,12742014,passed,17,1,14,1
idempotency-accuracy,642,643,idempotency,23,4,4,5,21,0.8,0.3,5,2,1,1,7,56,476290,132225,6594329,409792,2861957,1221,312057,2168529,1096,11,2855867,4,11,273811,3606903,25104932,passed,23,1,14,1
idempotency-accuracy,643,644,idempotency,17,3,5,4,16,0.8,0.3,5,2,1,1,1,1,380139,100000,4998658,145,216,2,147,219,0,1,355020,0,1,125,735321,1071044,passed,17,0,1,0
idempotency-accuracy,644,645,idempotency,24,3,2,2,16,0.8,0.3,5,2,1,1,8,90,491270,136250,6820891,413673,3240954,2042,346035,2700884,1578,14,3369378,6,14,291325,4153523,15348817,passed,24,1,23,1
idempotency-accuracy,645,646,idempotency,12,3,2,3,16,0.8,0.3,5,2,1,1,3,12,413458,114795,5730270,11547,155321,33,8905,96826,35,4,1004603,1,4,9030,1427286,1213385,passed,12,2,6,2
idempotency-accuracy,646,647,idempotency,15,2,5,4,11,0.8,0.3,5,2,1,1,6,36,489844,134106,6699874,55389,251874,209,43701,201193,121,8,2133100,2,8,34366,2657798,1293395,validation_failed,15,1,9,1
idempotency-accuracy,647,648,idempotency,17,3,4,2,16,0.8,0.3,5,2,1,1,1,1,380509,100000,5013730,79,117,1,81,120,0,1,332315,0,1,86,712954,1046114,passed,17,0,1,0
idempotency-accuracy,648,649,idempotency,23,2,2,5,11,0.8,0.3,5,2,1,1,9,90,462107,122985,6146828,199965,1630255,1095,174790,1452081,1082,10,3423766,1,10,146395,4033525,3260502,passed,23,3,16,3
idempotency-accuracy,649,650,idempotency,11,4,3,2,21,0.8,0.3,5,2,1,1,1,1,362479,100000,5000431,99,147,0,102,151,0,1,345758,0,1,99,708381,1052261,passed,11,0,1,0
idempotency-accuracy,650,651,idempotency,23,5,4,2,26,0.8,0.3,5,2,1,1,14,178,939126,258777,12948508,465957,2027333,1304,414051,1824534,1647,14,5426225,0,14,304261,6670813,51369103,passed,23,6,21,6
idempotency-accuracy,651,652,idempotency,20,2,2,5,11,0.8,0.3,5,2,1,1,8,64,448117,126204,6295080,143079,846994,430,128953,776740,362,10,2841893,2,10,95258,3385906,2128062,validation_failed,20,2,13,2
idempotency-accuracy,652,653,idempotency,15,4,5,4,21,0.8,0.3,5,2,1,1,1,1,361146,100000,5005837,187,279,1,190,283,0,1,337022,0,1,177,698391,1170553,passed,15,0,1,0
idempotency-accuracy,653,654,idempotency,10,5,2,4,26,0.8,0.3,5,2,1,1,1,1,360843,100000,5000591,223,333,2,227,338,8,1,334329,0,1,230,695453,1122601,passed,10,0,1,0
idempotency-accuracy,654,655,idempotency,23,5,3,3,26,0.8,0.3,5,2,1,1,9,123,467530,127698,6369745,729808,3654402,2316,676334,3373790,2697,12,4479633,3,12,503604,5452426,161262742,validation_failed,23,1,23,1
idempotency-accuracy,655,656,idempotency,17,3,2,4,16,0.8,0.3,5,2,1,1,1,1,362020,100000,5008234,139,207,2,141,210,0,1,329916,0,1,139,692111,1043844,passed,17,0,1,0
idempotency-accuracy,656,657,idempotency,23,4,4,5,21,0.8,0.3,5,2,1,1,12,140,527023,147500,7384348,791761,4312571,2205,696000,3871394,2391,13,4853347,1,13,518362,5899873,49283936,validation_failed,23,3,18,3
idempotency-accuracy,657,658,idempotency,20,2,3,3,11,0.8,0.3,5,2,1,1,8,50,418968,116741,5848045,66213,423454,179,48747,306644,301,9,2775105,1,9,43530,3238199,1613598,validation_failed,20,2,12,2
idempotency-accuracy,658,659,idempotency,13,4,2,5,21,0.8,0.3,5,2,1,1,4,25,365528,103028,5156685,50555,154901,141,44477,137608,109,4,1339864,0,4,31176,1736733,3011011,passed,13,2,9,2
idempotency-accuracy,659,660,idempotency,10,3,2,4,16,0.8,0.3,5,2,1,1,1,1,360659,100000,5010517,139,207,1,141,210,0,1,327726,0,1,129,688556,997913,passed,10,0,1,0
idempotency-accuracy,660,661,idempotency,19,3,2,5,16,0.8,0.3,5,2,1,1,6,64,447868,124428,6222573,238990,1481198,682,196130,1225854,785,9,2351609,3,9,157215,2957375,6300654,passed,19,1,15,1
idempotency-accuracy,661,662,idempotency,12,4,4,4,21,0.8,0.3,5,2,1,1,3,15,359924,100846,5045962,94062,465035,222,74419,384528,182,7,1265677,4,7,57776,1683671,3563476,passed,12,1,10,1
idempotency-accuracy,662,663,idempotency,16,3,4,2,16,0.8,0.3,5,2,1,1,1,1,372127,100000,5001736,79,117,2,81,120,0,1,342090,0,1,129,714390,1035622,passed,16,0,1,0
idempotency-accuracy,663,664,idempotency,12,4,2,2,21,0.8,0.3,5,2,1,1,7,41,388492,105047,5243235,58555,291073,171,43818,223563,205,8,2362258,1,8,35777,2786951,2329293,passed,12,1,10,1
idempotency-accuracy,664,665,idempotency,23,4,2,5,21,0.8,0.3,5,2,1,1,7,72,457662,128341,6404599,625209,3956427,1761,512569,3270058,1954,13,3031319,6,13,419587,3909551,26238460,passed,23,1,17,1
idempotency-accuracy,665,666,idempotency,15,4,3,4,21,0.8,0.3,5,2,1,1,3,21,364027,101704,5104214,135523,719721,534,116506,633574,778,7,1268166,4,7,93753,1726293,7065738,passed,15,2,13,2
idempotency-accuracy,666,667,idempotency,21,5,3,2,26,0.8,0.3,5,2,1,1,7,83,628393,174454,8732859,322079,1802332,1008,288832,1627479,811,11,2960101,4,11,216696,3806194,58272534,passed,21,3,21,3
idempotency-accuracy,667,668,idempotency,22,5,5,5,26,0.8,0.3,5,2,1,1,1,1,359212,100000,4984972,281,420,0,285,425,0,1,325980,0,1,208,685440,2202665,passed,22,0,1,0
idempotency-accuracy,668,669,idempotency,13,3,2,2,16,0.8,0.3,5,2,1,1,11,69,620758,172620,8635674,74503,402530,214,60209,339374,317,11,3724777,0,11,47170,4393402,1620926,passed,13,2,11,2
idempotency-accuracy,669,670,idempotency,16,4,3,2,21,0.8,0.3,5,2,1,1,1,1,354597,100000,5000084,99,147,2,102,151,0,1,330310,0,1,96,685037,1153751,passed,16,0,1,0
idempotency-accuracy,670,671,idempotency,14,3,5,5,16,0.8,0.3,5,2,1,1,5,48,781696,219830,11007365,195276,1068035,538,147592,790804,419,8,2020436,3,8,121136,2923786,2673936,passed,14,1,13,1
idempotency-accuracy,671,672,idempotency,10,3,2,3,16,0.8,0.3,5,2,1,1,6,42,413834,114980,5745500,45736,185645,90,41292,170565,194,6,2023889,0,6,28532,2466577,1346060,passed,10,1,10,1
idempotency-accuracy,672,673,idempotency,14,3,5,3,16,0.8,0.3,5,2,1,1,8,62,568410,157625,7880778,91800,453189,239,65273,340436,293,8,2836355,0,8,57736,3462998,2326893,passed,14,3,12,3
idempotency-accuracy,673,674,idempotency,11,4,3,3,21,0.8,0.3,5,2,1,1,5,29,419379,116720,5834912,54082,232442,191,49229,213531,124,6,1721543,1,6,36676,2177914,2388345,passed,11,1,9,1
idempotency-accuracy,674,675,idempotency,20,2,4,3,11,0.8,0.3,5,2,1,1,7,38,381702,107381,5371690,30773,340003,159,22773,246990,109,7,2386543,0,7,22032,2790730,1515541,passed,20,1,9,1
idempotency-accuracy,675,676,idempotency,15,2,2,2,11,0.8,0.3,5,2,1,1,3,11,364472,103113,5146310,2628,19301,15,1709,12984,0,3,1009852,0,3,1771,1376255,1096328,passed,15,2,6,2
idempotency-accuracy,676,677,idempotency,22,4,2,5,21,0.8,0.3,5,2,1,1,8,99,528600,148566,7423109,650532,5795490,2211,513341,4249651,1892,11,3279087,3,11,458952,4267547,39200576,validation_failed,22,6,21,6
idempotency-accuracy,677,678,idempotency,17,4,4,2,21,0.8,0.3,5,2,1,1,1,1,362407,100000,4985532,101,150,0,104,154,0,1,327373,0,1,109,689928,1168656,passed,17,0,1,0
idempotency-accuracy,678,679,idempotency,19,4,4,4,21,0.8,0.3,5,2,1,1,5,54,429926,120450,6017001,225925,1875682,699,171905,1546784,606,7,2165695,2,7,153399,2749728,19481063,passed,19,6,17,6
idempotency-accuracy,679,680,idempotency,15,4,3,2,21,0.8,0.3,5,2,1,1,1,1,355964,100000,4994935,99,147,0,102,151,0,1,327641,0,1,93,683739,1124899,passed,15,0,1,0
idempotency-accuracy,680,681,idempotency,18,4,3,3,21,0.8,0.3,5,2,1,1,1,1,361723,100000,5014923,141,210,1,144,214,0,1,350611,0,1,161,712540,1192550,passed,18,0,1,0
idempotency-accuracy,681,682,idempotency,10,5,5,4,26,0.8,0.3,5,2,1,1,4,24,399501,105766,5281264,68868,277069,153,62009,256497,114,5,1401262,1,5,42889,1843956,3630932,passed,10,1,9,1
idempotency-accuracy,682,683,idempotency,11,3,4,4,16,0.8,0.3,5,2,1,1,4,17,371501,100570,5032255,16180,108115,28,14130,97933,44,4,1337810,0,4,12187,1721706,1203868,passed,11,1,6,1
idempotency-accuracy,683,684,idempotency,13,4,3,2,21,0.8,0.3,5,2,1,1,1,1,405434,100000,5013713,99,147,0,102,151,0,1,359699,0,1,100,765274,1087693,passed,13,0,1,0
idempotency-accuracy,684,685,idempotency,13,2,2,4,11,0.8,0.3,5,2,1,1,6,37,596281,157243,7855729,55441,265596,212,47195,221871,244,8,2010262,2,8,39363,2646490,1145049,passed,13,1,9,1
idempotency-accuracy,685,686,idempotency,18,4,4,2,21,0.8,0.3,5,2,1,1,7,93,499098,136364,6811662,299119,1357742,693,259896,1197901,840,11,3095854,4,11,190789,3786640,15782994,passed,18,1,19,1
idempotency-accuracy,686,687,idempotency,10,4,3,2,21,0.8,0.3,5,2,1,1,1,1,362579,100000,5001726,99,147,1,102,151,0,1,336431,0,1,103,699166,1036712,passed,10,0,1,0
idempotency-accuracy,687,688,idempotency,16,5,3,4,26,0.8,0.3,5,2,1,1,1,1,358358,100000,5018719,225,336,0,229,341,0,1,326134,0,1,174,684718,1499137,passed,16,0,1,0
idempotency-accuracy,688,689,idempotency,13,4,3,3,21,0.8,0.3,5,2,1,1,7,53,508445,138369,6910149,86663,314575,310,79078,289962,234,7,2483588,0,7,55832,3048279,4023835,validation_failed,13,1,11,1
idempotency-accuracy,689,690,idempotency,13,3,3,4,16,0.8,0.3,5,2,1,1,4,15,358868,101608,5076379,10560,63026,31,8355,54813,43,4,1340575,0,4,6877,1706544,1327834,passed,13,2,6,2
idempotency-accuracy,690,691,idempotency,13,4,4,4,21,0.8,0.3,5,2,1,1,1,1,356921,100000,5005207,185,276,1,188,280,0,1,325899,0,1,155,683021,1149712,passed,13,0,1,0
idempotency-accuracy,691,692,idempotency,22,4,5,4,21,0.8,0.3,5,2,1,1,5,81,501523,137618,6871057,562273,3410161,1584,423896,2668460,1421,10,2407046,5,10,351790,3261228,60636183,passed,22,3,22,3
idempotency-accuracy,692,693,idempotency,22,2,3,3,11,0.8,0.3,5,2,1,1,1,1,367187,100000,5009231,77,114,1,78,116,0,1,327424,0,1,115,694771,998980,passed,22,0,1,0
idempotency-accuracy,693,694,idempotency,12,2,5,5,11,0.8,0.3,5,2,1,1,3,11,372602,104578,5233457,7231,29222,22,6101,26402,13,3,976947,0,3,4624,1354304,1008750,passed,12,1,5,1
idempotency-accuracy,694,695,idempotency,15,4,3,2,21,0.8,0.3,5,2,1,1,1,1,356197,100000,5000588,99,147,1,102,151,0,1,326239,0,1,114,682592,1119743,passed,15,0,1,0
idempotency-accuracy,695,696,idempotency,23,5,4,4,26,0.8,0.3,5,2,1,1,1,1,353238,100000,5001381,227,339,1,231,344,0,1,330686,0,1,185,684148,2080108,passed,23,0,1,0
idempotency-accuracy,696,697,idempotency,11,4,5,5,21,0.8,0.3,5,2,1,1,1,1,364118,100000,5007405,229,342,2,232,346,0,1,345526,0,1,194,709882,1077750,passed,11,0,1,0
idempotency-accuracy,697,698,idempotency,20,2,4,3,11,0.8,0.3,5,2,1,1,1,1,368756,100000,4994220,79,117,1,80,119,0,1,329764,0,1,86,698647,983496,passed,20,0,1,0
idempotency-accuracy,698,699,idempotency,13,3,5,3,16,0.8,0.3,5,2,1,1,1,1,353332,100000,4982899,113,168,1,115,171,0,1,324066,0,1,103,677537,1020857,passed,13,0,1,0
idempotency-accuracy,699,700,idempotency,22,5,5,5,26,0.8,0.3,5,2,1,1,5,36,367240,102744,5149849,176327,840024,600,159879,774016,500,7,1851400,2,7,113982,2333304,25710672,passed,22,1,11,1
idempotency-accuracy,700,701,idempotency,15,2,2,3,11,0.8,0.3,5,2,1,1,2,5,359175,100312,5005278,961,2264,3,620,1616,0,2,654827,0,2,637,1014714,990290,passed,15,1,3,1
idempotency-accuracy,701,702,idempotency,24,4,5,4,21,0.8,0.3,5,2,1,1,5,69,448262,123972,6194683,569569,3031522,1494,470019,2526583,1669,11,2460386,6,11,355679,3266996,66174699,validation_failed,24,1,21,1
idempotency-accuracy,702,703,idempotency,12,5,2,2,26,0.8,0.3,5,2,1,1,6,35,483951,134144,6686875,48173,201348,106,40781,173084,95,6,2005595,0,6,29829,2519685,3993596,validation_failed,12,1,9,1
idempotency-accuracy,703,704,idempotency,18,2,3,3,11,0.8,0.3,5,2,1,1,1,1,363055,100000,4998752,77,114,1,78,116,0,1,334892,0,1,83,698073,991153,passed,18,0,1,0
idempotency-accuracy,704,705,idempotency,22,4,5,5,21,0.8,0.3,5,2,1,1,1,1,359537,100000,4993592,229,342,1,232,346,0,1,335338,0,1,184,695103,1433736,passed,22,0,1,0
idempotency-accuracy,705,706,idempotency,13,3,3,4,16,0.8,0.3,5,2,1,1,8,59,382616,107244,5367491,96587,565313,315,87700,519075,304,8,2817198,0,8,64701,3265154,1761518,passed,13,1,11,1
idempotency-accuracy,706,707,idempotency,14,3,5,5,16,0.8,0.3,5,2,1,1,6,44,365175,100875,5020352,100430,372927,292,83047,317753,275,6,2200841,0,6,61733,2628041,2474404,passed,14,3,12,3
idempotency-accuracy,707,708,idempotency,22,2,3,2,11,0.8,0.3,5,2,1,1,7,72,529116,137344,6854262,171446,1432746,757,140973,1191030,422,15,3206754,8,15,117945,3855178,2637938,validation_failed,22,1,18,1
idempotency-accuracy,708,709,idempotency,16,5,3,5,26,0.8,0.3,5,2,1,1,1,1,358996,100000,4991391,277,414,2,281,419,0,1,328099,0,1,216,687351,1444977,passed,16,0,1,0
idempotency-accuracy,709,710,idempotency,11,3,5,3,16,0.8,0.3,5,2,1,1,3,21,372612,104095,5196372,62014,519923,245,51725,436372,272,7,1134567,4,7,41549,1549469,1445393,passed,11,1,10,1
idempotency-accuracy,710,711,idempotency,23,3,4,4,16,0.8,0.3,5,2,1,1,1,1,354626,100000,4982667,143,213,2,145,216,0,1,328335,0,1,214,683223,1121697,passed,23,0,1,0
idempotency-accuracy,711,712,idempotency,15,4,3,2,21,0.8,0.3,5,2,1,1,1,1,357906,100000,5003358,99,147,2,102,151,0,1,325314,0,1,123,683384,1144977,passed,15,0,1,0
idempotency-accuracy,712,713,idempotency,22,3,5,4,16,0.8,0.3,5,2,1,1,1,1,359120,100000,5004895,145,216,2,147,219,0,1,326714,0,1,136,686014,1105740,passed,22,0,1,0
idempotency-accuracy,713,714,idempotency,24,3,2,4,16,0.8,0.3,5,2,1,1,6,54,634885,176802,8818856,164159,1304110,456,152531,1239779,726,10,2231118,4,10,116785,2983603,5224103,passed,24,1,13,1
idempotency-accuracy,714,715,idempotency,23,4,5,2,21,0.8,0.3,5,2,1,1,11,126,628040,176996,8831670,284914,1868103,853,271838,1806709,1074,13,4363736,2,13,195762,5189251,31313151,passed,23,1,18,1
idempotency-accuracy,715,716,idempotency,15,5,5,2,26,0.8,0.3,5,2,1,1,6,49,672805,189011,9450647,123983,652711,290,100500,532932,280,8,2294096,2,8,77328,3044807,11671706,passed,15,1,13,1
idempotency-accuracy,716,717,idempotency,18,5,3,3,26,0.8,0.3,5,2,1,1,4,24,447537,124111,6210591,114530,755674,479,87193,572901,361,8,1556760,4,8,83930,2088724,12517311,passed,18,1,10,1
idempotency-accuracy,717,718,idempotency,22,5,4,5,26,0.8,0.3,5,2,1,1,1,1,373965,100000,5005996,279,417,1,283,422,0,1,329201,0,1,218,703428,2167316,passed,22,0,1,0
idempotency-accuracy,718,719,idempotency,15,4,3,2,21,0.8,0.3,5,2,1,1,4,31,511897,141502,7087796,74608,433971,212,64249,367450,257,7,1636380,3,7,49041,2197772,4739711,validation_failed,15,1,13,1
idempotency-accuracy,719,720,idempotency,19,2,2,2,11,0.8,0.3,5,2,1,1,9,59,425147,119491,5972964,52112,591464,149,40357,463951,362,10,3067436,1,10,39462,3533294,1392634,passed,19,1,11,1
idempotency-accuracy,720,721,idempotency,12,3,2,4,16,0.8,0.3,5,2,1,1,1,1,354777,100000,4984825,139,207,0,141,210,0,1,328730,0,1,140,683685,1002335,passed,12,0,1,0
idempotency-accuracy,721,722,idempotency,23,2,2,2,11,0.8,0.3,5,2,1,1,6,36,727700,204732,10240389,46625,208796,183,36200,159472,80,9,2033372,3,9,28303,2789895,1438783,passed,23,2,10,1
idempotency-accuracy,722,723,idempotency,16,3,5,2,16,0.8,0.3,5,2,1,1,8,87,441277,123405,6189270,141064,690383,350,109560,557186,353,11,3257291,3,11,86802,3786075,3742445,passed,16,4,15,4
idempotency-accuracy,723,724,idempotency,17,2,3,3,11,0.8,0.3,5,2,1,1,4,17,394769,108579,5430715,10237,48686,70,7317,36826,34,5,1337908,1,5,6309,1739205,1148512,passed,17,1,6,1
idempotency-accuracy,724,725,idempotency,11,5,4,5,26,0.8,0.3,5,2,1,1,3,11,364081,100344,5027576,22354,115929,104,15258,81695,78,4,1015833,1,4,13686,1393751,2430532,passed,11,1,5,1
idempotency-accuracy,725,726,idempotency,17,3,4,4,16,0.8,0.3,5,2,1,1,8,74,615785,165403,8275349,258706,1735035,956,222795,1547542,1237,12,3220162,4,12,176669,4013573,4662061,passed,17,1,14,1
idempotency-accuracy,726,727,idempotency,24,2,2,2,11,0.8,0.3,5,2,1,1,10,135,486532,131583,6581367,242195,1810711,750,205368,1512714,712,14,4100044,4,14,164847,4752745,4880981,passed,24,2,23,2
idempotency-accuracy,727,728,idempotency,22,4,2,2,21,0.8,0.3,5,2,1,1,1,1,359022,100000,4993972,97,144,1,100,148,0,1,333771,0,1,101,692930,1301789,passed,22,0,1,0
idempotency-accuracy,728,729,idempotency,21,4,5,4,21,0.8,0.3,5,2,1,1,1,1,360595,100000,5002811,187,279,2,190,283,0,1,331823,0,1,165,692622,1300848,passed,21,0,1,0
idempotency-accuracy,729,730,idempotency,17,2,4,4,11,0.8,0.3,5,2,1,1,1,1,368106,100000,4999186,101,150,1,102,152,1,1,335935,0,1,113,704195,1007542,passed,17,0,1,0
idempotency-accuracy,730,731,idempotency,18,4,3,4,21,0.8,0.3,5,2,1,1,8,68,542582,147048,7343506,368900,2808514,1116,328830,2546541,1400,13,3234299,5,13,256632,4035091,11037559,passed,18,2,15,2
idempotency-accuracy,731,732,idempotency,20,3,5,5,16,0.8,0.3,5,2,1,1,13,154,787582,215576,10780000,547665,2876203,1522,494607,2636388,1826,13,5372029,0,13,364799,6525731,11096020,passed,20,3,19,3
idempotency-accuracy,732,733,idempotency,19,4,2,4,21,0.8,0.3,5,2,1,1,6,65,465161,125868,6302065,597410,4164773,3340,475563,3344296,2687,13,2574958,7,13,411349,3453594,21725022,passed,19,1,19,1
idempotency-accuracy,733,734,idempotency,19,4,2,5,21,0.8,0.3,5,2,1,1,9,75,665405,176958,8842779,217751,979107,677,193556,872608,978,9,3258071,0,9,156557,4080675,9801624,passed,19,5,13,5
idempotency-accuracy,734,735,idempotency,13,2,3,2,11,0.8,0.3,5,2,1,1,1,1,358426,100000,5008888,55,81,1,56,83,0,1,332958,0,1,78,691508,968325,passed,13,0,1,0
idempotency-accuracy,735,736,idempotency,12,3,3,5,16,0.8,0.3,5,2,1,1,1,1,357808,100000,4992893,173,258,2,175,261,0,1,330690,0,1,174,688714,1014236,passed,12,0,1,0
idempotency-accuracy,736,737,idempotency,12,2,3,5,11,0.8,0.3,5,2,1,1,1,1,357043,100000,5003502,121,180,2,122,182,0,1,326582,0,1,108,683773,974954,passed,12,0,1,0
idempotency-accuracy,737,738,idempotency,18,4,5,5,21,0.8,0.3,5,2,1,1,6,43,411982,109863,5494377,269139,1368157,857,195748,1030798,814,8,2310716,2,8,167316,2890462,14258682,passed,18,2,13,2
idempotency-accuracy,738,739,idempotency,15,2,5,5,11,0.8,0.3,5,2,1,1,1,1,368732,100000,4996434,125,186,2,126,188,0,1,327945,0,1,112,696827,994250,passed,15,0,1,0
idempotency-accuracy,739,740,idempotency,14,4,3,5,21,0.8,0.3,5,2,1,1,7,41,411834,114205,5710408,90033,399330,280,76778,353923,266,7,2386458,0,7,56553,2855227,4023318,passed,14,2,9,2
idempotency-accuracy,740,741,idempotency,20,2,4,4,11,0.8,0.3,5,2,1,1,1,1,356963,100000,4995900,101,150,1,102,152,0,1,331840,0,1,100,688948,1000486,passed,20,0,1,0
idempotency-accuracy,741,742,idempotency,15,2,3,5,11,0.8,0.3,5,2,1,1,3,10,360713,100253,5006489,7003,20878,18,5447,16346,7,3,985479,0,3,4148,1350458,1045608,passed,15,2,5,1
idempotency-accuracy,742,743,idempotency,17,2,5,2,11,0.8,0.3,5,2,1,1,4,25,362719,100732,5048446,65566,353004,189,47138,255496,328,8,1692331,4,8,41340,2096880,1509534,passed,17,2,14,2
idempotency-accuracy,743,744,idempotency,17,2,2,3,11,0.8,0.3,5,2,1,1,1,1,358774,100000,5007675,75,111,1,76,113,0,1,328255,0,1,80,687159,983119,passed,17,1,1,0
idempotency-accuracy,744,745,idempotency,16,3,5,3,16,0.8,0.3,5,2,1,1,1,1,363021,100000,5007582,113,168,1,115,171,0,1,326250,0,1,104,689417,1027415,passed,16,0,1,0
idempotency-accuracy,745,746,idempotency,12,3,2,3,16,0.8,0.3,5,2,1,1,1,1,363314,100000,5006164,107,159,0,109,162,0,1,334457,0,1,101,697920,980658,passed,12,0,1,0
idempotency-accuracy,746,747,idempotency,10,2,3,4,11,0.8,0.3,5,2,1,1,7,35,407930,111514,5573053,32392,187507,93,24654,144803,129,7,2319392,0,7,20582,2748302,1020706,passed,10,1,8,1
idempotency-accuracy,747,748,idempotency,20,3,4,2,16,0.8,0.3,5,2,1,1,1,1,359920,100000,5004969,79,117,1,81,120,0,1,326516,0,1,85,686565,1065596,passed,20,0,1,0
idempotency-accuracy,748,749,idempotency,14,5,4,5,26,0.8,0.3,5,2,1,1,4,35,492973,135593,6777195,322569,1602345,954,248987,1258456,753,9,1528400,5,9,195609,2217449,13545874,passed,14,1,12,1
idempotency-accuracy,749,750,idempotency,14,2,2,4,11,0.8,0.3,5,2,1,1,1,1,358575,100000,5011881,97,144,1,98,146,0,1,329218,0,1,93,687923,970523,passed,14,0,1,0
idempotency-accuracy,750,751,idempotency,11,4,4,2,21,0.8,0.3,5,2,1,1,5,38,621706,171912,8578472,40079,158856,129,36145,145127,130,5,1779745,0,5,26200,2427925,2497175,passed,11,1,11,1
idempotency-accuracy,751,752,idempotency,12,5,3,5,26,0.8,0.3,5,2,1,1,1,1,361390,100000,4984175,277,414,0,281,419,0,1,326319,0,1,210,687958,1266037,passed,12,0,1,0
idempotency-accuracy,752,753,idempotency,14,4,3,5,21,0.8,0.3,5,2,1,1,1,1,356596,100000,5015334,225,336,3,228,340,0,1,325341,0,1,189,682157,1133956,passed,14,0,1,0
idempotency-accuracy,753,754,idempotency,19,5,3,4,26,0.8,0.3,5,2,1,1,1,1,355790,100000,5005023,225,336,3,229,341,0,1,324892,0,1,218,680937,1735276,passed,19,0,1,0
idempotency-accuracy,754,755,idempotency,23,5,5,4,26,0.8,0.3,5,2,1,1,8,96,641898,176602,8843993,1185464,6015000,3458,910571,4632739,2977,12,3986062,4,12,737168,5366319,165682320,passed,23,4,24,4
idempotency-accuracy,755,756,idempotency,24,2,2,2,11,0.8,0.3,5,2,1,1,2,5,363823,100110,5006425,785,2320,2,492,1553,1,2,675245,0,2,596,1039735,1038103,passed,24,1,3,1
idempotency-accuracy,756,757,idempotency,16,5,4,3,26,0.8,0.3,5,2,1,1,5,20,395582,107962,5381951,25876,103212,109,18693,77296,75,5,1666031,0,5,16373,2078216,3808943,validation_failed,16,1,6,1
idempotency-accuracy,757,758,idempotency,12,3,5,2,16,0.8,0.3,5,2,1,1,1,1,375642,100000,5008016,81,120,13,83,123,0,1,345644,0,1,134,721469,1001376,passed,12,0,1,0
idempotency-accuracy,758,759,idempotency,19,3,3,2,16,0.8,0.3,5,2,1,1,1,1,360788,100000,5006550,77,114,3,79,117,0,1,337228,0,1,131,698195,1049120,passed,19,0,1,0
idempotency-accuracy,759,760,idempotency,11,2,3,4,11,0.8,0.3,5,2,1,1,4,17,371430,102828,5155898,10532,41843,58,9121,37631,14,4,1324407,0,4,6891,1702932,1053088,passed,11,1,6,1
idempotency-accuracy,760,761,idempotency,21,4,2,2,21,0.8,0.3,5,2,1,1,9,96,447319,117783,5898278,179234,898165,542,153354,776381,513,10,3589773,1,10,116488,4154256,17386560,passed,21,4,17,4
idempotency-accuracy,761,762,idempotency,19,2,3,4,11,0.8,0.3,5,2,1,1,5,19,442931,121265,6085286,13956,84153,107,10347,62475,8,5,1738848,0,5,10113,2192142,1112337,passed,19,2,6,1
idempotency-accuracy,762,763,idempotency,18,2,3,4,11,0.8,0.3,5,2,1,1,5,25,381433,103619,5181808,93834,574159,567,71348,468806,348,10,2074683,5,10,61583,2523089,1530874,passed,18,3,11,3
idempotency-accuracy,763,764,idempotency,19,4,2,3,21,0.8,0.3,5,2,1,1,1,1,365806,100000,5001870,139,207,2,142,211,0,1,348095,0,1,161,714107,1310695,passed,19,0,1,0
idempotency-accuracy,764,765,idempotency,18,4,5,2,21,0.8,0.3,5,2,1,1,12,121,550172,150349,7504664,415943,2339366,1328,354700,1965971,1471,13,4717518,1,13,271152,5540289,14527629,passed,18,3,18,3
idempotency-accuracy,765,766,idempotency,24,2,4,3,11,0.8,0.3,5,2,1,1,9,85,455278,118017,5906234,162560,991001,400,128903,783737,512,11,3442564,2,11,105070,4003777,3112336,passed,24,3,16,3
idempotency-accuracy,766,767,idempotency,15,5,5,4,26,0.8,0.3,5,2,1,1,1,1,359075,100000,4987101,229,342,1,233,347,0,1,326675,0,1,168,685956,1471711,passed,15,0,1,0
idempotency-accuracy,767,768,idempotency,12,3,2,4,16,0.8,0.3,5,2,1,1,7,35,454532,125504,6263372,50362,433784,170,37025,329566,174,7,2390446,0,7,34624,2880106,1549552,passed,12,1,8,1
idempotency-accuracy,768,769,idempotency,16,3,2,5,16,0.8,0.3,5,2,1,1,1,1,358641,100000,5001333,171,255,0,173,258,0,1,327418,0,1,138,686235,1054330,passed,16,0,1,0
idempotency-accuracy,769,770,idempotency,24,4,3,3,21,0.8,0.3,5,2,1,1,9,121,679623,188696,9425977,589593,3327959,1690,510860,2916600,1979,14,3841633,5,14,390487,4913046,47165870,validation_failed,24,2,22,2
idempotency-accuracy,770,771,idempotency,17,4,3,4,21,0.8,0.3,5,2,1,1,4,36,367355,102384,5120763,168723,795915,573,144016,694323,620,7,1605724,3,7,107757,2081309,10914235,validation_failed,17,2,14,2
idempotency-accuracy,771,772,idempotency,14,4,5,2,21,0.8,0.3,5,2,1,1,8,58,446945,123295,6162898,74303,337891,212,68292,314793,205,8,2799054,0,8,48763,3295247,4064261,passed,14,1,11,1
idempotency-accuracy,772,773,idempotency,21,5,2,5,26,0.8,0.3,5,2,1,1,1,1,358496,100000,4988873,275,411,1,279,416,0,1,347953,0,1,205,706699,1926730,passed,21,0,1,0
idempotency-accuracy,773,774,idempotency,14,2,2,3,11,0.8,0.3,5,2,1,1,1,1,358846,100000,4992299,75,111,1,76,113,0,1,330449,0,1,103,689439,981058,passed,14,0,1,0
idempotency-accuracy,774,775,idempotency,10,5,5,3,26,0.8,0.3,5,2,1,1,2,11,373387,100148,5010810,43342,167397,99,32560,127325,109,5,744248,3,5,25427,1143311,3475636,passed,10,1,9,1
idempotency-accuracy,775,776,idempotency,10,5,4,4,26,0.8,0.3,5,2,1,1,5,23,409317,110850,5544959,40039,198482,166,29007,152550,193,5,1685410,0,5,27289,2122464,2639406,passed,10,3,7,2
idempotency-accuracy,776,777,idempotency,15,5,5,4,26,0.8,0.3,5,2,1,1,6,49,371821,104533,5238492,326514,1565422,1068,241985,1177715,950,9,2578406,3,9,199768,3150510,22337481,passed,15,2,15,2
idempotency-accuracy,777,778,idempotency,24,3,2,3,16,0.8,0.3,5,2,1,1,8,69,599180,160832,8036096,202738,1151685,666,171875,980586,651,12,3068437,4,12,134301,3802910,9318451,validation_failed,24,1,14,1
idempotency-accuracy,778,779,idempotency,21,3,3,2,16,0.8,0.3,5,2,1,1,6,43,692145,190329,9529415,74124,507573,201,66172,462199,293,8,2242677,2,8,49610,2985079,3983085,validation_failed,21,1,12,1
idempotency-accuracy,779,780,idempotency,23,3,5,4,16,0.8,0.3,5,2,1,1,11,84,551212,152013,7603267,420831,2416687,1546,355042,2005756,1390,13,4610615,2,13,268396,5431289,10648429,passed,23,1,15,1
idempotency-accuracy,780,781,idempotency,20,4,4,2,21,0.8,0.3,5,2,1,1,11,87,558243,155904,7801899,131043,799726,324,121158,740927,318,11,3975520,0,11,87032,4621573,11763915,validation_failed,20,1,13,1
idempotency-accuracy,781,782,idempotency,15,2,4,2,11,0.8,0.3,5,2,1,1,1,1,362360,100000,5000767,57,84,1,58,86,0,1,339077,0,1,73,701555,1008767,passed,15,0,1,0
idempotency-accuracy,782,783,idempotency,12,4,2,2,21,0.8,0.3,5,2,1,1,3,13,360652,101203,5040338,27171,191998,91,20440,146719,48,6,1023137,3,6,17690,1401803,1900011,passed,12,1,8,1
idempotency-accuracy,783,784,idempotency,17,3,2,4,16,0.8,0.3,5,2,1,1,1,1,355533,100000,4998603,139,207,1,141,210,0,1,328445,0,1,126,684145,1041348,passed,17,0,1,0
idempotency-accuracy,784,785,idempotency,12,2,2,2,11,0.8,0.3,5,2,1,1,1,1,356095,100000,5002205,53,78,2,54,80,0,1,327363,0,1,78,683576,988437,passed,12,0,1,0
idempotency-accuracy,785,786,idempotency,11,5,4,5,26,0.8,0.3,5,2,1,1,1,1,355638,100000,4979010,279,417,1,283,422,0,1,324310,0,1,216,680202,1187717,passed,11,0,1,0
idempotency-accuracy,786,787,idempotency,17,2,3,5,11,0.8,0.3,5,2,1,1,6,35,394318,107978,5397087,43445,242689,101,29856,167057,149,6,2020248,0,6,26674,2441546,1602765,passed,17,2,9,2
idempotency-accuracy,787,788,idempotency,15,4,4,4,21,0.8,0.3,5,2,1,1,1,1,355350,100000,4996979,185,276,0,188,280,0,1,326027,0,1,169,681582,1133788,passed,15,0,1,0
idempotency-accuracy,788,789,idempotency,14,4,4,4,21,0.8,0.3,5,2,1,1,1,1,360170,100000,4997701,185,276,21,188,280,0,1,330630,0,1,166,691005,1120261,passed,14,0,1,0
idempotency-accuracy,789,790,idempotency,21,2,2,3,11,0.8,0.3,5,2,1,1,9,69,487522,137603,6882749,125867,691793,369,108586,594428,305,11,3159427,2,11,82451,3730172,1899329,passed,21,1,13,1
idempotency-accuracy,790,791,idempotency,11,5,2,4,26,0.8,0.3,5,2,1,1,5,35,611470,171383,8556561,96057,501775,268,86864,462310,223,6,1680340,1,6,61601,2353878,4601824,passed,11,1,10,1
idempotency-accuracy,791,792,idempotency,13,4,2,4,21,0.8,0.3,5,2,1,1,5,28,400891,111220,5552992,43616,206106,93,39264,190786,89,5,1686150,0,5,27388,2114705,2830657,passed,13,1,8,1
idempotency-accuracy,792,793,idempotency,23,5,4,2,26,0.8,0.3,5,2,1,1,1,1,361553,100000,4993881,123,183,1,127,188,0,1,328426,0,1,120,690139,1856029,passed,23,0,1,0
idempotency-accuracy,793,794,idempotency,11,2,3,3,11,0.8,0.3,5,2,1,1,4,18,370118,103472,5176420,12919,72005,57,11894,66393,24,5,1327195,1,5,8709,1706482,1034250,passed,11,1,6,1
idempotency-accuracy,794,795,idempotency,10,5,4,4,26,0.8,0.3,5,2,1,1,1,1,361278,100000,5005115,227,339,2,231,344,0,1,329440,0,1,176,690937,1184594,passed,10,0,1,0
idempotency-accuracy,795,796,idempotency,16,4,4,4,21,0.8,0.3,5,2,1,1,1,1,364170,100000,5004711,185,276,2,188,280,0,1,333946,0,1,160,698318,1198701,passed,16,0,1,0
idempotency-accuracy,796,797,idempotency,12,5,4,2,26,0.8,0.3,5,2,1,1,5,41,371517,104159,5198496,69819,386669,164,62714,353191,244,6,1800521,1,6,45476,2217922,6731367,passed,12,1,12,1
idempotency-accuracy,797,798,idempotency,15,2,5,2,11,0.8,0.3,5,2,1,1,5,20,386147,105805,5299296,9009,135183,69,6728,108040,36,5,1668600,0,5,7099,2062156,1091384,passed,15,1,7,1
idempotency-accuracy,798,799,idempotency,15,5,4,2,26,0.8,0.3,5,2,1,1,1,1,358454,100000,5002824,123,183,0,127,188,0,1,332674,0,1,120,691294,1377315,passed,15,0,1,0
idempotency-accuracy,799,800,idempotency,23,4,5,3,21,0.8,0.3,5,2,1,1,6,40,403529,113025,5642611,85334,391191,295,68578,319968,229,7,2210924,1,7,54856,2669751,10550723,passed,23,2,11,2
idempotency-accuracy,800,801,idempotency,14,5,2,4,26,0.8,0.3,5,2,1,1,1,1,360650,100000,5002293,223,333,2,227,338,0,1,335863,0,1,208,696765,1309815,passed,14,0,1,0
idempotency-accuracy,801,802,idempotency,10,3,3,2,16,0.8,0.3,5,2,1,1,1,1,356242,100000,4982335,77,114,1,79,117,0,1,334222,0,1,84,690592,995676,passed,10,0,1,0
idempotency-accuracy,802,803,idempotency,21,3,3,4,16,0.8,0.3,5,2,1,1,1,1,365248,100000,4979073,141,210,1,143,213,0,1,333754,0,1,140,699187,1095970,passed,21,0,1,0
idempotency-accuracy,803,804,idempotency,14,2,4,2,11,0.8,0.3,5,2,1,1,1,1,366799,100000,4995318,57,84,1,58,86,0,1,343208,0,1,71,710122,984345,passed,14,0,1,0
idempotency-accuracy,804,805,idempotency,14,2,5,5,11,0.8,0.3,5,2,1,1,3,13,361192,101082,5060514,10268,41239,35,9073,37023,14,3,1016307,0,3,6612,1384265,1039553,passed,14,1,6,1
idempotency-accuracy,805,806,idempotency,10,3,2,2,16,0.8,0.3,5,2,1,1,1,1,357733,100000,5001733,75,111,2,77,114,0,1,332186,0,1,99,690064,1011631,passed,10,0,1,0
idempotency-accuracy,806,807,idempotency,14,5,5,2,26,0.8,0.3,5,2,1,1,7,58,549980,148631,7423447,123464,1611993,507,93579,1238939,416,9,2748033,2,9,93572,3392350,7622528,passed,14,1,14,1
idempotency-accuracy,807,808,idempotency,21,3,4,3,16,0.8,0.3,5,2,1,1,5,43,411537,110089,5490644,144204,989661,430,110925,774050,341,9,2015624,4,9,95508,2523125,5530382,validation_failed,21,5,14,4
idempotency-accuracy,808,809,idempotency,14,5,3,2,26,0.8,0.3,5,2,1,1,5,27,407757,114397,5730884,35781,201197,103,26589,146876,52,6,1715434,1,6,21939,2145436,3350442,passed,14,1,8,1
idempotency-accuracy,809,810,idempotency,18,2,3,4,11,0.8,0.3,5,2,1,1,5,20,529425,148253,7414440,15606,83618,92,11160,62551,201,5,1667888,0,5,10071,2207680,1156022,validation_failed,18,1,6,1
idempotency-accuracy,810,811,idempotency,17,3,4,3,16,0.8,0.3,5,2,1,1,1,1,358668,100000,5003028,111,165,0,113,168,0,1,334209,0,1,100,693020,1080723,passed,17,0,1,0
idempotency-accuracy,811,812,idempotency,11,2,2,5,11,0.8,0.3,5,2,1,1,1,1,371595,100000,5006918,119,177,2,120,179,27,1,329825,0,1,140,701601,1048651,passed,11,0,1,0
idempotency-accuracy,812,813,idempotency,17,2,3,5,11,0.8,0.3,5,2,1,1,7,44,420720,116908,5856866,113174,540414,295,86294,415620,371,9,2588334,2,9,71166,3080756,1769526,passed,17,1,12,1
idempotency-accuracy,813,814,idempotency,13,5,4,5,26,0.8,0.3,5,2,1,1,1,1,360216,100000,5016004,279,417,1,283,422,0,1,332120,0,1,247,692625,1328830,passed,13,0,1,0
idempotency-accuracy,814,815,idempotency,21,2,2,3,11,0.8,0.3,5,2,1,1,5,25,387764,107712,5362220,32330,269054,189,25350,186725,70,7,1726137,2,7,24203,2138733,1313318,passed,21,1,8,1
idempotency-accuracy,815,816,idempotency,17,2,5,3,11,0.8,0.3,5,2,1,1,7,52,406618,114129,5702088,44627,201563,164,37452,176303,107,7,2557922,0,7,28866,2993899,1441764,passed,17,3,11,3
idempotency-accuracy,816,817,idempotency,21,4,4,3,21,0.8,0.3,5,2,1,1,1,1,377343,100000,4994829,143,213,2,146,217,0,1,354337,0,1,145,731867,1348995,passed,21,0,1,0
idempotency-accuracy,817,818,idempotency,20,5,2,3,26,0.8,0.3,5,2,1,1,1,1,356685,100000,4997394,171,255,1,175,260,0,1,332607,0,1,147,689482,1749525,passed,20,0,1,0
idempotency-accuracy,818,819,idempotency,17,2,3,5,11,0.8,0.3,5,2,1,1,6,36,419198,117738,5875010,59550,413379,232,41622,283815,89,7,2100279,1,7,38757,2558623,1386328,validation_failed,17,3,9,2
idempotency-accuracy,819,820,idempotency,10,5,3,3,26,0.8,0.3,5,2,1,1,1,1,376212,100000,4998616,173,258,1,177,263,19,1,346129,0,1,170,722555,1154633,passed,10,0,1,0
idempotency-accuracy,820,821,idempotency,15,2,5,2,11,0.8,0.3,5,2,1,1,5,34,473847,129424,6456314,68171,499370,262,52803,404074,236,9,1947811,4,9,49741,2472281,1419489,passed,15,3,13,3
idempotency-accuracy,821,822,idempotency,22,5,5,5,26,0.8,0.3,5,2,1,1,1,1,377235,100000,4997661,281,420,2,285,425,0,1,351927,0,1,207,729417,2159620,passed,22,0,1,0
idempotency-accuracy,822,823,idempotency,18,3,4,3,16,0.8,0.3,5,2,1,1,7,76,432320,118649,5930259,164712,1165604,476,137142,1015820,595,9,2828192,2,9,115929,3377240,6395796,passed,18,4,16,4
idempotency-accuracy,823,824,idempotency,11,3,5,2,16,0.8,0.3,5,2,1,1,1,1,378318,100000,5017058,81,120,1,83,123,0,1,336163,0,1,92,714623,1062728,passed,11,0,1,0
idempotency-accuracy,824,825,idempotency,20,4,2,4,21,0.8,0.3,5,2,1,1,1,1,384232,100000,5008705,181,270,27,184,274,0,1,333261,0,1,169,717711,1355999,passed,20,0,1,0
idempotency-accuracy,825,826,idempotency,12,3,4,5,16,0.8,0.3,5,2,1,1,9,67,518950,128432,6409883,209123,1138632,678,184541,1035760,838,10,3404258,1,10,146614,4070582,2142001,passed,12,1,12,1
idempotency-accuracy,826,827,idempotency,19,3,4,3,16,0.8,0.3,5,2,1,1,7,46,499055,132114,6613893,72081,607884,356,65676,566871,260,8,2573007,1,8,52329,3125212,3740138,validation_failed,19,1,12,1
idempotency-accuracy,827,828,idempotency,12,2,5,2,11,0.8,0.3,5,2,1,1,1,1,371659,100000,4991878,59,87,1,60,89,0,1,333163,0,1,72,704937,984017,passed,12,0,1,0
idempotency-accuracy,828,829,idempotency,10,5,2,4,26,0.8,0.3,5,2,1,1,4,30,381694,105416,5262739,85460,380099,151,77620,353623,318,5,1651086,1,5,54861,2087962,4510523,passed,10,1,11,1
idempotency-accuracy,829,830,idempotency,18,5,2,5,26,0.8,0.3,5,2,1,1,6,34,491980,137037,6844425,160030,1870578,603,123785,1438769,476,9,2056677,3,9,118916,2668266,9154142,validation_failed,18,1,9,1
idempotency-accuracy,830,831,idempotency,18,5,3,3,26,0.8,0.3,5,2,1,1,11,115,1206510,329736,16503183,478262,2712814,1513,422618,2419861,1553,12,4359844,1,12,329588,5897198,29124174,passed,18,1,17,1
idempotency-accuracy,831,832,idempotency,12,2,5,5,11,0.8,0.3,5,2,1,1,5,37,374643,106089,5297092,59400,253981,163,50875,224422,167,6,1851384,1,6,37641,2263963,1194401,passed,12,2,11,2
idempotency-accuracy,832,833,idempotency,24,2,3,3,11,0.8,0.3,5,2,1,1,8,48,410103,115054,5747574,58785,222010,235,44939,174624,122,9,2819765,1,9,35692,3266083,1722832,passed,24,3,10,3
idempotency-accuracy,833,834,idempotency,21,2,4,3,11,0.8,0.3,5,2,1,1,7,54,454942,128633,6429686,68694,316907,176,62414,289900,230,9,2816490,2,9,44826,3316848,1711112,passed,21,1,12,1
idempotency-accuracy,834,835,idempotency,17,2,5,3,11,0.8,0.3,5,2,1,1,1,1,354812,100000,4984156,81,120,1,82,122,0,1,329793,0,1,110,684760,1014741,passed,17,0,1,0
idempotency-accuracy,835,836,idempotency,15,4,4,4,21,0.8,0.3,5,2,1,1,1,1,369128,100000,5009853,185,276,2,188,280,0,1,336727,0,1,164,706064,1203653,passed,15,0,1,0
idempotency-accuracy,836,837,idempotency,18,2,4,5,11,0.8,0.3,5,2,1,1,1,1,354894,100000,5003855,123,183,2,124,185,0,1,331031,0,1,112,686074,1012675,passed,18,0,1,0
idempotency-accuracy,837,838,idempotency,15,4,4,4,21,0.8,0.3,5,2,1,1,1,1,388411,100000,5004976,185,276,2,188,280,0,1,331182,0,1,169,719807,1249027,passed,15,0,1,0
idempotency-accuracy,838,839,idempotency,10,2,3,3,11,0.8,0.3,5,2,1,1,2,6,368495,100349,5005796,3099,18581,23,2469,15403,11,3,701457,1,3,2763,1072907,1003780,passed,10,1,4,1
idempotency-accuracy,839,840,idempotency,21,2,4,2,11,0.8,0.3,5,2,1,1,1,1,354751,100000,5015174,57,84,26,58,86,0,1,365000,0,1,108,719900,1017985,passed,21,0,1,0
idempotency-accuracy,840,841,idempotency,20,5,5,3,26,0.8,0.3,5,2,1,1,8,81,479161,133956,6703394,860803,9196535,2945,719669,7109329,2638,14,3875083,6,14,636626,4992504,64298617,passed,20,1,19,1
idempotency-accuracy,841,842,idempotency,21,5,2,4,26,0.8,0.3,5,2,1,1,8,93,443726,122718,6130881,777834,5731747,2443,645204,4899221,2200,14,3438731,6,14,531563,4415623,58314028,passed,21,1,20,1
idempotency-accuracy,842,843,idempotency,21,5,3,3,26,0.8,0.3,5,2,1,1,10,91,445200,122654,6138703,300675,1331733,736,269239,1210915,877,11,3985085,1,11,191855,4622873,51546662,validation_failed,21,3,16,3
idempotency-accuracy,843,844,idempotency,14,2,2,4,11,0.8,0.3,5,2,1,1,5,22,371175,101761,5094048,19628,91508,46,14372,71719,55,6,1697585,1,6,12425,2081459,1121200,passed,14,2,7,2
idempotency-accuracy,844,845,idempotency,13,3,4,4,16,0.8,0.3,5,2,1,1,7,42,371041,104679,5225385,67566,274287,152,49376,207568,249,7,2422271,0,7,41081,2834714,1873832,passed,13,2,10,2
idempotency-accuracy,845,846,idempotency,18,4,4,5,21,0.8,0.3,5,2,1,1,1,1,357451,100000,5012160,227,339,1,230,343,0,1,329993,0,1,179,687664,1300531,passed,18,0,1,0
idempotency-accuracy,846,847,idempotency,18,2,2,5,11,0.8,0.3,5,2,1,1,1,1,358084,100000,5003705,119,177,1,120,179,0,1,331109,0,1,113,689348,1007171,passed,18,0,1,0
idempotency-accuracy,847,848,idempotency,16,2,4,2,11,0.8,0.3,5,2,1,1,3,10,377569,101169,5048071,4816,17186,10,4005,13987,27,4,1021439,1,4,3209,1402377,1070373,validation_failed,16,1,5,1
idempotency-accuracy,848,849,idempotency,21,5,3,3,26,0.8,0.3,5,2,1,1,1,1,356327,100000,4985910,173,258,1,177,263,10,1,331310,0,1,152,687831,1882791,passed,21,0,1,0
idempotency-accuracy,849,850,idempotency,14,2,2,2,11,0.8,0.3,5,2,1,1,1,1,357724,100000,4997594,53,78,2,54,80,0,1,331125,0,1,91,688980,977773,passed,14,0,1,0
idempotency-accuracy,850,851,idempotency,24,5,3,3,26,0.8,0.3,5,2,1,1,3,43,496436,138016,6918592,518580,3062457,1442,377227,2254399,1254,11,1758345,8,11,322761,2578270,70555128,passed,24,3,22,3
idempotency-accuracy,851,852,idempotency,21,4,5,4,21,0.8,0.3,5,2,1,1,1,1,362270,100000,5009331,187,279,2,190,283,0,1,334978,0,1,195,697497,1427933,passed,21,0,1,0
idempotency-accuracy,852,853,idempotency,20,4,4,4,21,0.8,0.3,5,2,1,1,8,113,686906,190027,9521772,532327,3780891,1531,451588,3342210,1616,11,3461216,3,11,367924,4517236,32377451,validation_failed,20,1,20,1
idempotency-accuracy,853,854,idempotency,20,2,4,4,11,0.8,0.3,5,2,1,1,10,89,554080,153713,7696620,159831,1032599,438,121393,806123,519,11,3751869,1,11,103926,4410714,2173425,passed,20,3,14,3
idempotency-accuracy,854,855,idempotency,21,2,3,3,11,0.8,0.3,5,2,1,1,1,1,375535,100000,4997699,77,114,1,78,116,0,1,331424,0,1,82,707086,1015696,passed,21,0,1,0
idempotency-accuracy,855,856,idempotency,12,4,2,5,21,0.8,0.3,5,2,1,1,2,8,366235,100195,5012967,31013,189892,334,26474,171527,121,5,872501,3,5,21606,1260599,2168115,passed,12,1,6,1
idempotency-accuracy,856,857,idempotency,24,3,2,2,16,0.8,0.3,5,2,1,1,14,140,788990,220005,11006264,394818,4115271,1294,317132,3274922,1383,15,5191509,1,15,298645,6280698,13584222,validation_failed,24,2,19,2
idempotency-accuracy,857,858,idempotency,23,2,4,4,11,0.8,0.3,5,2,1,1,8,85,651170,180146,9013994,255362,1398259,849,199689,1125085,763,10,3196124,2,10,166885,4014920,4539763,passed,23,4,18,4
idempotency-accuracy,858,859,idempotency,14,5,2,2,26,0.8,0.3,5,2,1,1,5,41,389438,109220,5465818,148765,835859,280,136726,777155,491,10,2016927,5,10,99572,2506652,9335694,passed,14,1,14,1
idempotency-accuracy,859,860,idempotency,19,5,5,5,26,0.8,0.3,5,2,1,1,1,1,357467,100000,5007608,281,420,1,285,425,0,1,331870,0,1,204,689582,1667484,passed,19,0,1,0
idempotency-accuracy,860,861,idempotency,23,4,3,4,21,0.8,0.3,5,2,1,1,8,78,454639,127569,6383566,486068,4972310,1527,418338,4221203,1762,12,3229734,4,12,361604,4047009,33318119,validation_failed,23,1,18,1
idempotency-accuracy,861,862,idempotency,12,2,4,2,11,0.8,0.3,5,2,1,1,3,11,383204,103385,5165247,3263,19032,25,2775,16246,1,3,996430,0,3,2496,1382385,1004764,passed,12,1,5,1
idempotency-accuracy,862,863,idempotency,23,5,2,4,26,0.8,0.3,5,2,1,1,7,82,418748,116344,5809380,709037,6329858,2561,655422,5880465,2915,13,3136450,6,13,530931,4087497,122320493,validation_failed,23,1,21,1
idempotency-accuracy,863,864,idempotency,20,3,4,3,16,0.8,0.3,5,2,1,1,8,74,506214,141105,7073994,142678,820872,375,125689,749720,352,9,3108997,1,9,94984,3710796,5582996,passed,20,2,15,2
idempotency-accuracy,864,865,idempotency,24,4,5,5,21,0.8,0.3,5,2,1,1,13,175,645162,178791,8955938,950014,4512157,2574,857589,4130947,3355,14,5673912,1,14,646005,6966395,66887574,validation_failed,24,3,21,3
idempotency-accuracy,865,866,idempotency,11,5,2,5,26,0.8,0.3,5,2,1,1,5,31,401352,111308,5565528,129479,805422,489,110610,710851,497,7,1732952,2,7,89739,2224525,4806692,passed,11,2,9,2
idempotency-accuracy,866,867,idempotency,22,2,2,5,11,0.8,0.3,5,2,1,1,1,1,357921,100000,4994796,119,177,9,120,179,0,1,330739,0,1,122,688822,1029200,passed,22,0,1,0
idempotency-accuracy,867,868,idempotency,22,3,5,3,16,0.8,0.3,5,2,1,1,7,97,372102,104208,5211337,350975,1864500,1384,272123,1415378,970,11,3225887,4,11,214679,3813503,16140831,passed,22,2,21,2
idempotency-accuracy,868,869,idempotency,13,5,3,2,26,0.8,0.3,5,2,1,1,8,52,697350,188791,9426959,117270,949664,576,86424,680776,515,9,2844215,1,9,78091,3620417,6339317,passed,13,1,11,1
idempotency-accuracy,869,870,idempotency,11,4,2,5,21,0.8,0.3,5,2,1,1,1,1,359537,100000,4999741,223,333,2,226,337,0,1,329213,0,1,193,688988,1089820,passed,11,0,1,0
idempotency-accuracy,870,871,idempotency,22,4,2,5,21,0.8,0.3,5,2,1,1,1,1,366809,100000,5009865,223,333,3,226,337,0,1,338827,0,1,227,705908,1453480,passed,22,0,1,0
idempotency-accuracy,871,872,idempotency,14,3,2,4,16,0.8,0.3,5,2,1,1,1,1,356842,100000,4990826,139,207,1,141,210,0,1,329493,0,1,119,686490,1033870,passed,14,0,1,0
idempotency-accuracy,872,873,idempotency,15,3,5,5,16,0.8,0.3,5,2,1,1,1,1,361102,100000,4998002,177,264,2,179,267,0,1,333979,0,1,156,695281,1035638,passed,15,0,1,0
idempotency-accuracy,873,874,idempotency,14,3,5,3,16,0.8,0.3,5,2,1,1,1,1,357637,100000,4987596,113,168,1,115,171,0,1,336828,0,1,109,694627,1015542,passed,14,0,1,0
idempotency-accuracy,874,875,idempotency,12,5,4,4,26,0.8,0.3,5,2,1,1,5,28,713230,189962,9507634,55716,195943,331,49381,179021,350,5,1744769,0,5,38270,2496559,4614218,passed,12,2,8,2
idempotency-accuracy,875,876,idempotency,10,3,3,3,16,0.8,0.3,5,2,1,1,6,40,395396,108912,5454525,39262,260763,128,34861,238519,177,6,2077240,0,6,26627,2499667,1301301,passed,10,1,10,1
idempotency-accuracy,876,877,idempotency,13,2,2,2,11,0.8,0.3,5,2,1,1,1,1,354608,100000,5002848,53,78,0,54,80,0,1,328664,0,1,69,683379,973458,passed,13,0,1,0
idempotency-accuracy,877,878,idempotency,11,5,2,3,26,0.8,0.3,5,2,1,1,6,41,382583,103943,5211637,99051,395594,297,73647,300783,228,7,2070407,1,7,59638,2512981,4361176,passed,11,4,10,3
idempotency-accuracy,878,879,idempotency,14,3,5,2,16,0.8,0.3,5,2,1,1,8,64,527124,145678,7268258,66889,326474,217,60520,301587,199,8,2947976,0,8,44258,3519859,2111259,passed,14,2,13,2
idempotency-accuracy,879,880,idempotency,11,2,2,2,11,0.8,0.3,5,2,1,1,4,21,366952,101759,5100517,10626,60186,62,9207,51759,44,5,1323212,1,5,7234,1697724,1019505,passed,11,3,7,2
idempotency-accuracy,880,881,idempotency,17,5,5,2,26,0.8,0.3,5,2,1,1,1,1,370368,100000,4996502,125,186,1,129,191,0,1,328957,0,1,113,699478,1435420,passed,17,0,1,0
idempotency-accuracy,881,882,idempotency,22,2,2,3,11,0.8,0.3,5,2,1,1,3,9,375566,101835,5097659,2464,9382,43,1701,6840,15,3,1006696,0,3,1703,1384098,1125471,passed,22,1,4,1
idempotency-accuracy,882,883,idempotency,10,3,5,2,16,0.8,0.3,5,2,1,1,1,1,370028,100000,5010881,81,120,3,83,123,0,1,348421,0,1,127,718621,1001977,passed,10,0,1,0
idempotency-accuracy,883,884,idempotency,18,3,3,5,16,0.8,0.3,5,2,1,1,1,1,371419,100000,5008254,173,258,2,175,261,0,1,337410,0,1,169,709045,1078322,passed,18,0,1,0
idempotency-accuracy,884,885,idempotency,22,2,5,5,11,0.8,0.3,5,2,1,1,4,29,366143,103006,5156680,51986,212583,133,45061,188078,121,5,1551575,1,5,34205,1952310,1953911,passed,22,2,11,2
idempotency-accuracy,885,886,idempotency,16,3,2,3,16,0.8,0.3,5,2,1,1,1,1,369297,100000,5005340,107,159,2,109,162,0,1,361719,0,1,113,731167,1029667,passed,16,0,1,0
idempotency-accuracy,886,887,idempotency,22,3,2,2,16,0.8,0.3,5,2,1,1,9,75,463367,124712,6254170,84596,732096,309,77878,679858,474,9,3169142,0,9,62674,3696057,5986085,passed,22,1,14,1
idempotency-accuracy,887,888,idempotency,12,4,3,5,21,0.8,0.3,5,2,1,1,7,53,475704,133117,6661979,140445,519678,402,128344,481075,493,7,2454652,0,7,88930,3019664,3636451,passed,12,1,11,1
idempotency-accuracy,888,889,idempotency,22,5,3,3,26,0.8,0.3,5,2,1,1,9,121,520668,144361,7232164,736064,6238665,2396,552886,4422873,2166,14,4077743,5,14,509880,5109483,92829685,passed,22,3,21,3
idempotency-accuracy,889,890,idempotency,18,4,4,5,21,0.8,0.3,5,2,1,1,6,36,454883,126482,6323268,106490,568697,308,89790,477477,357,7,2099169,1,7,68265,2622775,5858939,passed,18,1,9,1
idempotency-accuracy,890,891,idempotency,16,2,5,4,11,0.8,0.3,5,2,1,1,1,1,367150,100000,4991696,103,153,10,104,155,0,1,329552,0,1,114,696859,984477,passed,16,0,1,0
idempotency-accuracy,891,892,idempotency,15,3,5,2,16,0.8,0.3,5,2,1,1,5,39,460058,128754,6441499,46847,221091,233,42317,202973,115,6,1878815,1,6,30165,2369421,2256269,passed,15,1,12,1
idempotency-accuracy,892,893,idempotency,22,2,2,2,11,0.8,0.3,5,2,1,1,1,1,416411,100000,4998505,53,78,1,54,80,0,1,341310,0,1,77,757847,1026670,passed,22,0,1,0
idempotency-accuracy,893,894,idempotency,24,4,5,2,21,0.8,0.3,5,2,1,1,9,98,419286,113862,5700731,303104,1395932,1352,273511,1272761,1229,12,3693861,3,12,202413,4316513,35634758,passed,24,3,19,3
idempotency-accuracy,894,895,idempotency,23,5,3,2,26,0.8,0.3,5,2,1,1,1,1,359033,100000,5007908,121,180,1,125,185,0,1,332409,0,1,126,691612,1934460,passed,23,0,1,0
idempotency-accuracy,895,896,idempotency,15,2,3,5,11,0.8,0.3,5,2,1,1,8,58,543984,149562,7477614,84943,349476,285,76913,318891,259,8,2894924,0,8,55077,3494518,1357233,passed,15,2,11,2
idempotency-accuracy,896,897,idempotency,22,2,3,4,11,0.8,0.3,5,2,1,1,1,1,365647,100000,5009088,99,147,2,100,149,0,1,334629,0,1,121,700441,992993,passed,22,0,1,0
idempotency-accuracy,897,898,idempotency,23,5,4,4,26,0.8,0.3,5,2,1,1,8,45,591783,165047,8257201,177029,1086529,454,137321,842434,408,9,2838380,1,9,111887,3542636,24298588,validation_failed,23,1,10,1
idempotency-accuracy,898,899,idempotency,23,2,2,3,11,0.8,0.3,5,2,1,1,10,102,414416,113536,5677463,544914,5351319,2355,438308,4379846,1724,18,4263438,8,18,398244,5078474,4229821,passed,23,2,20,2
idempotency-accuracy,899,900,idempotency,20,3,4,2,16,0.8,0.3,5,2,1,1,9,74,602618,167218,8360089,122290,709396,326,103979,601184,320,9,3271040,0,9,77450,3951812,5185793,passed,20,1,14,1
idempotency-accuracy,900,901,idempotency,14,3,4,5,16,0.8,0.3,5,2,1,1,1,1,374487,100000,5004847,175,261,1,177,264,0,1,336045,0,1,143,710717,1023490,passed,14,0,1,0
idempotency-accuracy,901,902,idempotency,23,3,3,5,16,0.8,0.3,5,2,1,1,1,1,358821,100000,5011236,173,258,1,175,261,0,1,330692,0,1,142,689699,1158448,passed,23,0,1,0
idempotency-accuracy,902,903,idempotency,24,2,4,4,11,0.8,0.3,5,2,1,1,11,143,637422,176129,8800605,464358,2797113,1564,433893,2649094,1475,17,4478386,6,17,332848,5450877,5565819,passed,24,2,20,2
idempotency-accuracy,903,904,idempotency,12,4,3,2,21,0.8,0.3,5,2,1,1,1,1,358172,100000,5000473,99,147,1,102,151,0,1,330634,0,1,97,688934,1082793,passed,12,0,1,0
idempotency-accuracy,904,905,idempotency,17,4,3,4,21,0.8,0.3,5,2,1,1,5,40,593789,164703,8228795,173770,1219298,573,155982,1102245,563,9,1924886,4,9,119906,2639214,7171616,validation_failed,17,1,14,1
idempotency-accuracy,905,906,idempotency,17,4,4,2,21,0.8,0.3,5,2,1,1,1,1,360851,100000,4996944,101,150,1,104,154,0,1,331158,0,1,99,692150,1160398,passed,17,0,1,0
idempotency-accuracy,906,907,idempotency,17,4,5,2,21,0.8,0.3,5,2,1,1,6,50,373285,104663,5239172,156226,751557,451,128439,582792,400,9,2363733,3,9,96593,2834176,10226690,passed,17,2,15,2
idempotency-accuracy,907,908,idempotency,16,4,3,4,21,0.8,0.3,5,2,1,1,1,1,402091,100000,4999390,183,273,1,186,277,0,1,334141,0,1,152,736426,1198583,passed,16,0,1,0
idempotency-accuracy,908,909,idempotency,15,4,2,5,21,0.8,0.3,5,2,1,1,1,1,360581,100000,4996271,223,333,1,226,337,0,1,332153,0,1,172,692944,1167997,passed,15,0,1,0
idempotency-accuracy,909,910,idempotency,13,5,4,5,26,0.8,0.3,5,2,1,1,1,1,358726,100000,5010224,279,417,0,283,422,0,1,332656,0,1,206,691631,1300470,passed,13,0,1,0
idempotency-accuracy,910,911,idempotency,17,4,2,2,21,0.8,0.3,5,2,1,1,1,1,359047,100000,4998631,97,144,2,100,148,0,1,332210,0,1,99,691404,1193040,passed,17,0,1,0
idempotency-accuracy,911,912,idempotency,15,2,2,5,11,0.8,0.3,5,2,1,1,1,1,358062,100000,5008234,119,177,1,120,179,0,1,329034,0,1,117,687253,968203,passed,15,0,1,0
idempotency-accuracy,912,913,idempotency,16,2,3,2,11,0.8,0.3,5,2,1,1,8,68,455035,122315,6116023,59161,581588,251,47072,414532,299,9,2857263,1,9,42909,3355830,1470832,passed,16,4,14,4
idempotency-accuracy,913,914,idempotency,24,3,4,2,16,0.8,0.3,5,2,1,1,5,48,457941,122702,6134264,357384,2244399,1084,299273,1910236,1005,13,2532296,8,13,238189,3230008,13791331,passed,24,1,20,1
idempotency-accuracy,914,915,idempotency,11,4,5,4,21,0.8,0.3,5,2,1,1,6,42,470101,126168,6293619,100669,377872,415,90599,346325,420,7,2093211,1,7,66660,2630376,2874867,passed,11,2,10,2
idempotency-accuracy,915,916,idempotency,20,3,2,2,16,0.8,0.3,5,2,1,1,1,1,358328,100000,5005471,75,111,1,77,114,0,1,325591,0,1,118,684076,1039169,passed,20,0,1,0
idempotency-accuracy,916,917,idempotency,14,4,2,3,21,0.8,0.3,5,2,1,1,7,65,435758,119736,5999314,229594,1967416,1169,205353,1797086,1024,10,2698515,3,10,165076,3300318,6139463,passed,14,2,15,2
idempotency-accuracy,917,918,idempotency,12,5,5,2,26,0.8,0.3,5,2,1,1,3,19,367132,100997,5056222,66133,289319,217,56070,249925,154,7,1155725,4,7,40905,1564239,4475705,passed,12,1,9,1
idempotency-accuracy,918,919,idempotency,19,4,3,4,21,0.8,0.3,5,2,1,1,6,56,382653,104108,5199364,451212,5537529,1582,411081,5183623,1712,11,2508115,5,11,351175,3243482,20872857,passed,19,1,17,1
idempotency-accuracy,919,920,idempotency,23,4,3,5,21,0.8,0.3,5,2,1,1,4,21,358715,100940,5050299,182522,1038763,513,168918,967476,473,8,1564362,4,8,121194,2044816,18599885,passed,23,1,12,1
idempotency-accuracy,920,921,idempotency,18,5,4,5,26,0.8,0.3,5,2,1,1,10,98,869643,232021,11612794,513242,2409656,2334,464781,2214398,2405,11,4079008,1,11,355440,5305027,32923701,validation_failed,18,3,17,3
idempotency-accuracy,921,922,idempotency,14,4,2,2,21,0.8,0.3,5,2,1,1,8,52,449028,126432,6299785,68757,298166,171,59708,264404,161,8,2703109,0,8,43254,3196006,2878172,validation_failed,14,1,11,1
idempotency-accuracy,922,923,idempotency,17,4,3,4,21,0.8,0.3,5,2,1,1,1,1,364759,100000,5005354,183,273,1,186,277,0,1,331125,0,1,153,696078,1205394,passed,17,0,1,0
idempotency-accuracy,923,924,idempotency,23,3,2,2,16,0.8,0.3,5,2,1,1,4,15,362439,101307,5059416,11895,68443,55,8938,52776,24,5,1366720,1,5,7552,1736974,2079866,passed,23,1,6,1
idempotency-accuracy,924,925,idempotency,14,4,3,4,21,0.8,0.3,5,2,1,1,5,25,375482,105091,5246239,66151,278832,161,56845,245505,184,6,1682187,1,6,40771,2098802,3290431,passed,14,1,8,1
idempotency-accuracy,925,926,idempotency,15,3,4,5,16,0.8,0.3,5,2,1,1,6,43,409168,114273,5710301,130273,940294,351,108055,794996,391,8,2262859,2,8,87329,2759938,2483539,passed,15,1,11,1
idempotency-accuracy,926,927,idempotency,16,5,5,3,26,0.8,0.3,5,2,1,1,8,68,650513,178514,8930711,233229,2142988,711,177555,1591739,726,10,2996337,2,10,164854,3812512,17393861,validation_failed,16,1,13,1
idempotency-accuracy,927,928,idempotency,16,5,3,5,26,0.8,0.3,5,2,1,1,8,89,698581,186883,9328747,707919,4862296,2748,623651,4390002,2755,12,3573705,4,12,491626,4765093,23677638,passed,16,1,17,1
idempotency-accuracy,928,929,idempotency,17,3,4,4,16,0.8,0.3,5,2,1,1,2,15,366310,100303,5018845,130751,805972,877,101638,660434,532,8,938279,6,8,84646,1390925,3989988,passed,17,2,13,2
idempotency-accuracy,929,930,idempotency,15,4,4,4,21,0.8,0.3,5,2,1,1,5,46,735689,207278,10360811,197257,812655,500,184326,768184,753,8,2268293,3,8,127167,3131742,6271354,passed,15,1,14,1
idempotency-accuracy,930,931,idempotency,18,5,5,4,26,0.8,0.3,5,2,1,1,8,76,494329,138249,6919694,575147,3726007,1906,447564,2926332,1402,11,3389264,3,11,369661,4254223,41972830,passed,18,1,18,1
idempotency-accuracy,931,932,idempotency,11,2,5,2,11,0.8,0.3,5,2,1,1,1,1,366861,100000,4989126,59,87,1,60,89,0,1,326422,0,1,124,693452,978187,passed,11,0,1,0
idempotency-accuracy,932,933,idempotency,20,3,3,3,16,0.8,0.3,5,2,1,1,1,1,362952,100000,4994032,109,162,1,111,165,0,1,332812,0,1,104,695906,1080266,passed,20,0,1,0
idempotency-accuracy,933,934,idempotency,17,4,2,5,21,0.8,0.3,5,2,1,1,3,18,478674,132663,6645395,84236,414749,258,67407,308078,190,6,1059389,3,6,53894,1592284,5490170,passed,17,1,9,1
idempotency-accuracy,934,935,idempotency,11,4,3,4,21,0.8,0.3,5,2,1,1,1,1,360283,100000,5008675,183,273,1,186,277,0,1,331040,0,1,148,691513,1079767,passed,11,0,1,0
idempotency-accuracy,935,936,idempotency,12,5,4,3,26,0.8,0.3,5,2,1,1,1,1,369082,100000,5001495,175,261,0,179,266,0,1,333990,0,1,144,703259,1218485,passed,12,0,1,0
idempotency-accuracy,936,937,idempotency,16,2,2,2,11,0.8,0.3,5,2,1,1,4,14,361787,101003,5035990,4343,15459,18,3019,11206,0,4,1337340,0,4,3144,1702456,1065545,passed,16,1,5,1
idempotency-accuracy,937,938,idempotency,19,5,3,2,26,0.8,0.3,5,2,1,1,1,1,364532,100000,5011244,121,180,2,125,185,0,1,328566,0,1,112,693251,1550552,passed,19,0,1,0
idempotency-accuracy,938,939,idempotency,24,4,5,3,21,0.8,0.3,5,2,1,1,9,80,410704,114315,5715087,450844,3025791,1467,362419,2456004,1486,13,3583512,4,13,301571,4296940,28137850,passed,24,1,16,1
idempotency-accuracy,939,940,idempotency,11,3,4,3,16,0.8,0.3,5,2,1,1,3,11,408701,109596,5495552,6491,35211,25,5548,31325,11,3,1000409,0,3,4378,1413703,1133453,passed,11,1,5,1
idempotency-accuracy,940,941,idempotency,24,4,2,4,21,0.8,0.3,5,2,1,1,1,1,361136,100000,4986176,181,270,2,184,274,0,1,328688,0,1,165,690035,1496735,passed,24,0,1,0
idempotency-accuracy,941,942,idempotency,14,4,5,3,21,0.8,0.3,5,2,1,1,9,93,667502,183789,9185170,365535,2313814,1098,336255,2125180,1329,13,3455936,4,13,255104,4379847,6951117,passed,14,1,15,1
idempotency-accuracy,942,943,idempotency,21,5,4,4,26,0.8,0.3,5,2,1,1,1,1,364227,100000,4997048,227,339,24,231,344,0,1,337436,0,1,199,701904,1855136,passed,21,0,1,0
idempotency-accuracy,943,944,idempotency,19,4,2,3,21,0.8,0.3,5,2,1,1,6,78,525059,146522,7325624,314227,1663244,813,262244,1389144,866,11,2560219,5,11,202153,3288345,15802984,passed,19,1,18,1
idempotency-accuracy,944,945,idempotency,24,2,2,2,11,0.8,0.3,5,2,1,1,11,86,709256,196806,9836878,96637,585989,278,78492,486392,228,12,3797123,1,12,62087,4569424,2160505,validation_failed,24,1,14,1
idempotency-accuracy,945,946,idempotency,10,2,5,2,11,0.8,0.3,5,2,1,1,5,21,394146,111506,5573436,7526,50108,60,5467,39187,19,5,1713200,0,5,4815,2112492,996986,passed,10,2,6,2
idempotency-accuracy,946,947,idempotency,12,3,4,4,16,0.8,0.3,5,2,1,1,1,1,360713,100000,4995590,143,213,1,145,216,0,1,335689,0,1,125,696578,1006664,passed,12,0,1,0
idempotency-accuracy,947,948,idempotency,20,2,3,4,11,0.8,0.3,5,2,1,1,7,63,654136,182989,9145463,131987,617367,391,115489,536387,416,9,2536127,2,9,86207,3277249,2021572,passed,20,1,13,1
idempotency-accuracy,948,949,idempotency,21,4,4,4,21,0.8,0.3,5,2,1,1,1,1,359403,100000,4999283,185,276,1,188,280,0,1,326136,0,1,148,685729,1367186,passed,21,0,1,0
idempotency-accuracy,949,950,idempotency,21,5,4,2,26,0.8,0.3,5,2,1,1,8,99,498246,137717,6898672,666460,3247104,1501,530182,2576159,1483,14,3827692,6,14,416390,4743550,69595056,passed,21,3,20,3
idempotency-accuracy,950,951,idempotency,11,4,4,3,21,0.8,0.3,5,2,1,1,1,1,362008,100000,5005225,143,213,1,146,217,0,1,338742,0,1,145,700939,1065883,passed,11,0,1,0
idempotency-accuracy,951,952,idempotency,19,5,3,5,26,0.8,0.3,5,2,1,1,7,63,412669,112500,5632986,434939,2915316,1436,397000,2682741,1316,10,2925813,3,10,294858,3634230,31264332,passed,19,1,16,1
idempotency-accuracy,952,953,idempotency,15,4,4,5,21,0.8,0.3,5,2,1,1,4,20,411571,114816,5743473,41374,240976,174,31803,197652,127,5,1381377,1,5,26457,1819689,3710667,passed,15,1,7,1
idempotency-accuracy,953,954,idempotency,20,5,2,3,26,0.8,0.3,5,2,1,1,9,125,780905,215981,10807693,731801,4328904,3266,654110,3801699,2786,15,3704007,6,15,513864,5000059,61818083,passed,20,1,19,1
idempotency-accuracy,954,955,idempotency,20,3,2,5,16,0.8,0.3,5,2,1,1,7,41,369014,102580,5126517,133439,668315,414,102353,515112,376,8,2489712,1,8,83814,2943016,4491078,passed,20,1,12,1
idempotency-accuracy,955,956,idempotency,12,5,5,2,26,0.8,0.3,5,2,1,1,3,19,374630,101537,5074936,39246,203652,90,34307,185297,134,6,1091322,3,6,25505,1491729,3390980,passed,12,1,9,1
idempotency-accuracy,956,957,idempotency,12,4,5,3,21,0.8,0.3,5,2,1,1,4,27,379505,104323,5223353,87833,457720,276,75811,391383,208,7,1501083,3,7,56466,1937958,2966791,passed,12,1,10,1
idempotency-accuracy,957,958,idempotency,20,4,4,2,21,0.8,0.3,5,2,1,1,10,87,534811,143861,7193999,195757,2818779,890,151667,2133279,655,10,3860353,0,10,151672,4547771,16712750,passed,20,2,15,2
idempotency-accuracy,958,959,idempotency,17,5,3,5,26,0.8,0.3,5,2,1,1,6,52,383208,106361,5307593,461272,3858331,1658,368645,3176487,1574,9,2579096,3,9,322101,3285075,34527157,passed,17,1,17,1
idempotency-accuracy,959,960,idempotency,20,4,4,3,21,0.8,0.3,5,2,1,1,11,82,578870,161998,8095155,179559,1181076,588,142300,961218,822,11,4016032,0,11,117579,4713202,7810848,passed,20,3,13,3
idempotency-accuracy,960,961,idempotency,20,5,2,5,26,0.8,0.3,5,2,1,1,1,1,374449,100000,4989656,275,411,1,279,416,0,1,348446,0,1,238,723190,1828050,passed,20,0,1,0
idempotency-accuracy,961,962,idempotency,17,4,4,5,21,0.8,0.3,5,2,1,1,5,27,369325,102606,5133027,59491,490806,249,44684,354455,251,6,1698803,1,6,40294,2108988,4559834,passed,17,3,8,3
idempotency-accuracy,962,963,idempotency,22,2,2,5,11,0.8,0.3,5,2,1,1,1,1,357727,100000,4987351,119,177,2,120,179,0,1,329231,0,1,132,687132,995932,passed,22,0,1,0
idempotency-accuracy,963,964,idempotency,17,5,4,3,26,0.8,0.3,5,2,1,1,5,41,379041,104884,5237264,449620,2686493,1157,375172,2313586,1064,11,2481648,6,11,292439,3154021,28198653,passed,17,1,16,1
idempotency-accuracy,964,965,idempotency,17,4,2,5,21,0.8,0.3,5,2,1,1,1,1,359167,100000,4988531,223,333,1,226,337,0,1,330867,0,1,175,690246,1162670,passed,17,0,1,0
idempotency-accuracy,965,966,idempotency,22,4,2,3,21,0.8,0.3,5,2,1,1,11,138,919799,255908,12792834,517827,2822784,1496,467850,2573759,2040,13,4160945,2,13,347673,5429871,28703062,validation_failed,22,2,19,2
idempotency-accuracy,966,967,idempotency,24,4,3,3,21,0.8,0.3,5,2,1,1,7,103,442532,121582,6083451,666090,3674530,1789,529178,2970749,1809,14,3218224,7,14,419984,4082020,73235590,passed,24,4,25,4
idempotency-accuracy,967,968,idempotency,17,4,5,4,21,0.8,0.3,5,2,1,1,8,75,555265,151028,7566484,219812,889757,724,198697,814206,666,8,3022093,0,8,140509,3718825,12516929,passed,17,2,16,2
idempotency-accuracy,968,969,idempotency,17,3,3,3,16,0.8,0.3,5,2,1,1,8,66,705075,194264,9713220,124758,759220,384,90186,557136,293,10,2800247,2,10,84591,3597846,2997744,passed,17,2,12,2
idempotency-accuracy,969,970,idempotency,16,5,5,5,26,0.8,0.3,5,2,1,1,6,51,508775,140722,7043202,202584,887267,816,183826,819227,804,7,2337568,1,7,144477,2991329,17842030,passed,16,1,13,1
idempotency-accuracy,970,971,idempotency,23,2,4,4,11,0.8,0.3,5,2,1,1,1,1,365690,100000,5012675,101,150,1,102,152,0,1,329048,0,1,100,694881,1014873,passed,23,0,1,0
idempotency-accuracy,971,972,idempotency,10,5,4,5,26,0.8,0.3,5,2,1,1,1,1,356698,100000,5012110,279,417,2,283,422,28,1,326098,0,1,252,683086,1186391,passed,10,0,1,0
idempotency-accuracy,972,973,idempotency,13,3,5,2,16,0.8,0.3,5,2,1,1,1,1,387643,100000,5012405,81,120,0,83,123,20,1,331334,0,1,105,719125,1003848,passed,13,0,1,0
idempotency-accuracy,973,974,idempotency,23,5,3,2,26,0.8,0.3,5,2,1,1,8,61,672202,185800,9293123,139468,876394,461,116043,691531,303,10,2764840,2,10,89467,3527157,27614562,validation_failed,23,1,12,1
idempotency-accuracy,974,975,idempotency,17,3,3,4,16,0.8,0.3,5,2,1,1,7,46,864346,238666,11935466,78507,423318,194,57449,330550,241,8,2413391,1,8,47474,3325678,2812789,passed,17,2,10,2
idempotency-accuracy,975,976,idempotency,10,2,5,3,11,0.8,0.3,5,2,1,1,1,1,356646,100000,4990115,81,120,2,82,122,0,1,328865,0,1,107,685665,966154,passed,10,0,1,0
idempotency-accuracy,976,977,idempotency,18,3,3,4,16,0.8,0.3,5,2,1,1,6,55,698473,189215,9468539,145202,1319015,476,106112,969528,429,8,2354820,2,8,99538,3153624,5763110,passed,18,1,14,1
idempotency-accuracy,977,978,idempotency,22,3,2,4,16,0.8,0.3,5,2,1,1,6,41,464372,129717,6482281,83041,394374,258,72877,349577,235,7,1990268,1,7,54015,2509102,4219974,validation_failed,22,1,10,1
idempotency-accuracy,978,979,idempotency,20,2,2,3,11,0.8,0.3,5,2,1,1,2,5,383809,102523,5130366,2929,11627,39,2404,8776,0,3,685653,1,3,2174,1071771,1089305,passed,20,1,4,1
idempotency-accuracy,979,980,idempotency,22,5,5,5,26,0.8,0.3,5,2,1,1,12,137,462467,125878,6302374,1145774,11335492,4142,983183,9939549,4031,14,5098954,2,14,830564,6393168,122923576,passed,22,3,20,3
idempotency-accuracy,980,981,idempotency,10,5,4,3,26,0.8,0.3,5,2,1,1,1,1,362380,100000,4999475,175,261,2,179,266,0,1,334307,0,1,162,696895,1199790,passed,10,0,1,0
idempotency-accuracy,981,982,idempotency,18,5,3,5,26,0.8,0.3,5,2,1,1,8,82,474551,128132,6414661,546307,4251083,1495,414679,3210503,1209,12,3425890,4,12,362737,4264086,32559987,validation_failed,18,1,15,1
idempotency-accuracy,982,983,idempotency,16,4,4,3,21,0.8,0.3,5,2,1,1,6,49,395509,111225,5552278,188147,1421594,787,172453,1326707,573,10,2566930,4,10,135103,3098434,9139693,passed,16,1,15,1
idempotency-accuracy,983,984,idempotency,10,3,2,4,16,0.8,0.3,5,2,1,1,1,1,356671,100000,4996787,139,207,1,141,210,0,1,324736,0,1,122,681565,1013441,passed,10,0,1,0
idempotency-accuracy,984,985,idempotency,11,4,5,5,21,0.8,0.3,5,2,1,1,1,1,357706,100000,5016352,229,342,2,232,346,0,1,325484,0,1,181,683408,1070218,passed,11,0,1,0
idempotency-accuracy,985,986,idempotency,11,5,5,4,26,0.8,0.3,5,2,1,1,1,1,354455,100000,4998811,229,342,2,233,347,0,1,327199,0,1,183,681866,1200644,passed,11,0,1,0
idempotency-accuracy,986,987,idempotency,20,5,3,4,26,0.8,0.3,5,2,1,1,12,126,632455,175130,8760377,507899,2674821,1644,453625,2437487,1486,12,4662136,0,12,347060,5642743,45751754,validation_failed,20,3,17,3
idempotency-accuracy,987,988,idempotency,19,5,5,5,26,0.8,0.3,5,2,1,1,4,44,506561,139613,6968812,539701,2673135,2330,432507,2168888,2014,9,2079332,5,9,337568,2924069,49375779,passed,19,1,16,1
idempotency-accuracy,988,989,idempotency,16,2,5,5,11,0.8,0.3,5,2,1,1,7,55,426251,118454,5927759,85002,408390,161,74532,364519,177,7,2600771,0,7,56111,3083588,1553894,passed,16,2,12,2
idempotency-accuracy,989,990,idempotency,15,2,5,2,11,0.8,0.3,5,2,1,1,6,27,773821,215782,10798399,10911,64283,35,8288,50477,27,6,2020945,0,6,7029,2802136,1117249,validation_failed,15,1,7,1
idempotency-accuracy,990,991,idempotency,15,2,2,5,11,0.8,0.3,5,2,1,1,1,1,355468,100000,4995043,119,177,0,120,179,0,1,325015,0,1,114,680639,972036,passed,15,0,1,0
idempotency-accuracy,991,992,idempotency,10,5,2,3,26,0.8,0.3,5,2,1,1,4,27,364756,102393,5111833,158889,856043,451,123911,636836,355,10,1550073,6,10,98968,2014365,4103948,passed,10,2,11,2
idempotency-accuracy,992,993,idempotency,20,5,5,4,26,0.8,0.3,5,2,1,1,1,1,360699,100000,5008859,229,342,1,233,347,0,1,334452,0,1,192,695385,1764499,passed,20,0,1,0
idempotency-accuracy,993,994,idempotency,19,3,5,3,16,0.8,0.3,5,2,1,1,7,63,612516,170373,8516370,186364,953806,485,164386,877134,605,11,3111489,4,11,121205,3845947,5474767,passed,19,2,16,2
idempotency-accuracy,994,995,idempotency,20,3,4,4,16,0.8,0.3,5,2,1,1,1,1,363308,100000,5010253,143,213,1,145,216,0,1,330776,0,1,121,694247,1085369,passed,20,0,1,0
idempotency-accuracy,995,996,idempotency,24,3,3,5,16,0.8,0.3,5,2,1,1,1,1,358202,100000,4998275,173,258,1,175,261,10,1,333492,0,1,170,691908,1129497,passed,24,0,1,0
idempotency-accuracy,996,997,idempotency,19,4,4,3,21,0.8,0.3,5,2,1,1,9,74,380131,106980,5351054,276170,1731047,874,210948,1348510,621,11,3469457,2,11,176252,4026605,15372269,passed,19,3,16,3
idempotency-accuracy,997,998,idempotency,15,4,3,5,21,0.8,0.3,5,2,1,1,5,34,365087,103049,5137175,167157,1110559,466,155669,1053060,577,9,1872908,4,9,113924,2352779,5288858,passed,15,1,11,1
idempotency-accuracy,998,999,idempotency,22,2,3,3,11,0.8,0.3,5,2,1,1,5,20,371143,103890,5210804,11136,41545,36,8025,30865,34,5,1642587,0,5,6688,2020600,1242862,passed,22,1,6,1
idempotency-accuracy,999,1000,idempotency,17,5,5,2,26,0.8,0.3,5,2,1,1,1,1,365051,100000,5003739,125,186,1,129,191,0,1,339959,0,1,111,705161,1489590,passed,17,0,1,0
idempotency-accuracy,1000,1001,idempotency,12,3,3,4,16,0.8,0.3,5,2,1,1,1,1,360363,100000,4997498,141,210,2,143,213,0,1,327724,0,1,139,688268,1017348,passed,12,0,1,0
idempotency-accuracy,1001,1002,idempotency,22,3,5,4,16,0.8,0.3,5,2,1,1,7,66,422346,117529,5876661,305877,4478249,1284,277137,4214710,1198,10,2832881,3,10,246782,3503182,8931429,passed,22,1,18,1
idempotency-accuracy,1002,1003,idempotency,16,3,3,2,16,0.8,0.3,5,2,1,1,1,1,358277,100000,5000474,77,114,2,79,117,0,1,326328,0,1,89,684728,1014576,passed,16,0,1,0
idempotency-accuracy,1003,1004,idempotency,22,5,5,3,26,0.8,0.3,5,2,1,1,1,1,385569,100000,4997234,177,264,1,181,269,21,1,333048,0,1,174,718834,1953418,passed,22,0,1,0
idempotency-accuracy,1004,1005,idempotency,24,5,5,3,26,0.8,0.3,5,2,1,1,5,37,370072,101900,5090915,158790,826509,449,145675,770497,513,8,1932695,3,8,104736,2407997,35128222,passed,24,1,13,1
idempotency-accuracy,1005,1006,idempotency,10,3,5,4,16,0.8,0.3,5,2,1,1,1,1,374481,100000,4988144,145,216,1,147,219,0,1,340008,0,1,136,714666,1010657,passed,10,0,1,0
idempotency-accuracy,1006,1007,idempotency,21,4,5,5,21,0.8,0.3,5,2,1,1,7,62,362766,101937,5090249,320366,1478085,723,220309,1045869,676,8,2936451,1,8,188531,3488290,30210220,passed,21,6,15,6
idempotency-accuracy,1007,1008,idempotency,22,3,3,5,16,0.8,0.3,5,2,1,1,7,66,398019,111698,5588085,339118,2927396,1343,309517,2717978,1271,12,2782273,5,12,250872,3432362,10026327,passed,22,2,15,2
idempotency-accuracy,1008,1009,idempotency,13,5,2,5,26,0.8,0.3,5,2,1,1,5,34,387602,107264,5363266,224167,1843547,765,188811,1578339,612,9,1881728,4,9,156681,2426687,7519267,passed,13,1,11,1
idempotency-accuracy,1009,1010,idempotency,22,2,4,4,11,0.8,0.3,5,2,1,1,6,31,371939,102562,5141373,29559,161818,76,21444,120286,134,6,1996408,0,6,18360,2387012,1525479,passed,22,2,9,2
idempotency-accuracy,1010,1011,idempotency,23,4,2,3,21,0.8,0.3,5,2,1,1,5,43,359066,100797,5056874,469106,3067985,1320,382594,2497862,1262,12,2367164,7,12,303756,3030885,28604555,passed,23,2,19,1
idempotency-accuracy,1011,1012,idempotency,12,3,5,5,16,0.8,0.3,5,2,1,1,2,11,359294,100042,5005170,51619,219874,145,37431,160573,133,6,720404,4,6,30193,1110111,1788187,passed,12,1,9,1
idempotency-accuracy,1012,1013,idempotency,16,2,4,4,11,0.8,0.3,5,2,1,1,1,1,367145,100000,4996644,101,150,21,102,152,0,1,337527,0,1,133,704860,994366,passed,16,0,1,0
idempotency-accuracy,1013,1014,idempotency,20,5,4,3,26,0.8,0.3,5,2,1,1,1,1,360948,100000,4990467,175,261,0,179,266,0,1,331723,0,1,146,692857,1692499,passed,20,0,1,0
idempotency-accuracy,1014,1015,idempotency,11,5,2,3,26,0.8,0.3,5,2,1,1,1,1,382921,100000,5012591,171,255,1,175,260,0,1,325970,0,1,140,709075,1206776,passed,11,0,1,0
idempotency-accuracy,1015,1016,idempotency,17,3,5,3,16,0.8,0.3,5,2,1,1,1,1,362866,100000,4999283,113,168,1,115,171,0,1,326271,0,1,104,689282,1063884,passed,17,0,1,0
idempotency-accuracy,1016,1017,idempotency,16,2,4,3,11,0.8,0.3,5,2,1,1,4,19,383383,107145,5343645,10687,33140,18,9057,28276,48,4,1361389,0,4,6506,1751441,1165957,passed,16,2,7,2
idempotency-accuracy,1017,1018,idempotency,16,3,5,3,16,0.8,0.3,5,2,1,1,5,17,368864,103163,5156735,11953,46955,21,9377,37253,79,5,1662237,0,5,7505,2038814,1391847,passed,16,1,5,1
idempotency-accuracy,1018,1019,idempotency,13,4,2,5,21,0.8,0.3,5,2,1,1,1,1,361534,100000,5009348,223,333,1,226,337,0,1,338215,0,1,193,699977,1124037,passed,13,0,1,0
idempotency-accuracy,1019,1020,idempotency,22,5,3,3,26,0.8,0.3,5,2,1,1,1,1,359339,100000,4996110,173,258,1,177,263,0,1,324265,0,1,142,683785,2018843,passed,22,0,1,0
idempotency-accuracy,1020,1021,idempotency,17,3,3,3,16,0.8,0.3,5,2,1,1,4,17,360237,101236,5057180,15621,55883,73,11097,41903,37,5,1351826,1,5,9812,1722062,1392310,passed,17,1,6,1
idempotency-accuracy,1021,1022,idempotency,16,3,5,5,16,0.8,0.3,5,2,1,1,1,1,356674,100000,4988913,177,264,1,179,267,0,1,369307,0,1,140,726164,1043648,passed,16,0,1,0
idempotency-accuracy,1022,1023,idempotency,17,5,5,2,26,0.8,0.3,5,2,1,1,1,1,359588,100000,5000453,125,186,2,129,191,0,1,331470,0,1,112,691212,1391956,passed,17,0,1,0
idempotency-accuracy,1023,1024,idempotency,22,3,3,2,16,0.8,0.3,5,2,1,1,1,1,354828,100000,5023071,77,114,0,79,117,0,1,324357,0,1,84,679305,1131193,passed,22,0,1,0
idempotency-accuracy,1024,1025,idempotency,17,2,3,3,11,0.8,0.3,5,2,1,1,4,20,400009,111184,5575990,15438,49671,92,12320,39506,64,5,1375241,1,5,11266,1786721,1133370,passed,17,1,7,1
idempotency-accuracy,1025,1026,idempotency,13,3,4,2,16,0.8,0.3,5,2,1,1,6,47,403926,108530,5426080,74852,495858,261,68736,468202,260,10,2317128,4,10,51707,2773848,1871555,validation_failed,13,1,12,1
idempotency-accuracy,1026,1027,idempotency,19,5,5,3,26,0.8,0.3,5,2,1,1,13,164,843434,236591,11827083,553510,3342184,1712,504127,3093166,1688,13,5227743,0,13,365325,6437599,44250698,passed,19,3,20,3
idempotency-accuracy,1027,1028,idempotency,18,3,5,2,16,0.8,0.3,5,2,1,1,4,33,684152,189485,9462760,76019,416803,203,69351,386290,155,8,1655655,4,8,49636,2390045,3019390,passed,18,1,13,1
idempotency-accuracy,1028,1029,idempotency,17,3,2,5,16,0.8,0.3,5,2,1,1,5,35,528500,146909,7334854,228649,2006491,797,198300,1749122,736,11,1799713,6,11,161301,2490580,3558294,validation_failed,17,2,11,2
idempotency-accuracy,1029,1030,idempotency,11,3,5,3,16,0.8,0.3,5,2,1,1,1,1,371724,100000,4994448,113,168,1,115,171,0,1,332223,0,1,105,704096,1012047,passed,11,0,1,0
idempotency-accuracy,1030,1031,idempotency,19,2,5,2,11,0.8,0.3,5,2,1,1,1,1,358904,100000,5016899,59,87,2,60,89,0,1,347302,0,1,84,706333,983097,passed,19,0,1,0
idempotency-accuracy,1031,1032,idempotency,22,4,5,3,21,0.8,0.3,5,2,1,1,1,1,356046,100000,5008003,145,216,2,148,220,1,1,328862,0,1,138,685088,1388483,passed,22,0,1,0
idempotency-accuracy,1032,1033,idempotency,23,5,4,5,26,0.8,0.3,5,2,1,1,12,172,493144,135899,6805902,2237147,18483207,7378,1795201,13839201,6735,16,5527748,4,16,1539473,7562287,186399779,passed,23,1,23,1
idempotency-accuracy,1033,1034,idempotency,15,5,3,2,26,0.8,0.3,5,2,1,1,1,1,357539,100000,5001248,121,180,1,125,185,0,1,330129,0,1,112,687818,1369812,passed,15,0,1,0
idempotency-accuracy,1034,1035,idempotency,12,5,2,2,26,0.8,0.3,5,2,1,1,5,26,644862,176262,8790022,48707,415704,186,38585,333953,214,8,1720201,3,8,34186,2400428,2881090,validation_failed,12,1,8,1
idempotency-accuracy,1035,1036,idempotency,22,5,2,2,26,0.8,0.3,5,2,1,1,9,106,983879,271669,13546229,263090,1098984,557,228628,966049,746,11,3387102,2,11,169507,4541448,47321636,validation_failed,22,1,18,1
idempotency-accuracy,1036,1037,idempotency,24,3,2,4,16,0.8,0.3,5,2,1,1,8,54,650382,181086,9068166,255229,1918487,551,200676,1532968,682,11,2940737,3,11,166022,3757995,6872031,validation_failed,24,1,14,1
idempotency-accuracy,1037,1038,idempotency,10,5,2,2,26,0.8,0.3,5,2,1,1,6,38,657981,179575,8996657,62174,321958,166,54572,289926,158,6,2067587,0,6,40378,2766375,3222498,passed,10,1,10,1
idempotency-accuracy,1038,1039,idempotency,16,2,4,4,11,0.8,0.3,5,2,1,1,4,34,422785,117505,5868435,75705,623601,308,53085,437341,238,7,1504114,3,7,50981,1978284,1571280,passed,16,3,12,3
idempotency-accuracy,1039,1040,idempotency,22,2,5,3,11,0.8,0.3,5,2,1,1,11,117,478328,132134,6594757,161217,789024,545,143811,716113,592,11,4286603,0,11,104747,4870584,2975167,passed,22,2,17,2
idempotency-accuracy,1040,1041,idempotency,17,3,2,5,16,0.8,0.3,5,2,1,1,5,45,392841,110038,5515092,276118,2481758,1394,218357,1964761,1234,9,2171679,4,9,197173,2762380,5240102,validation_failed,17,2,16,2
idempotency-accuracy,1041,1042,idempotency,23,5,4,4,26,0.8,0.3,5,2,1,1,11,136,629339,171422,8557435,1311014,6516505,2983,1111614,5654866,3377,14,4841247,3,14,854591,6326626,150042500,validation_failed,23,2,21,2
idempotency-accuracy,1042,1043,idempotency,19,5,3,4,26,0.8,0.3,5,2,1,1,1,1,361109,100000,4991330,225,336,2,229,341,0,1,338094,0,1,227,699474,1673476,passed,19,0,1,0
idempotency-accuracy,1043,1044,idempotency,11,5,5,3,26,0.8,0.3,5,2,1,1,1,1,354701,100000,5002010,177,264,2,181,269,0,1,333639,0,1,152,688535,1185966,passed,11,0,1,0
idempotency-accuracy,1044,1045,idempotency,12,3,2,3,16,0.8,0.3,5,2,1,1,4,14,506671,135457,6770711,7833,27136,40,5431,20007,18,4,1321329,0,4,5166,1833354,1118744,passed,12,1,5,1
idempotency-accuracy,1045,1046,idempotency,18,2,3,2,11,0.8,0.3,5,2,1,1,7,63,847909,234538,11703941,86493,608319,321,68740,487920,206,10,2617229,3,10,57027,3523288,1602475,passed,18,1,14,1
idempotency-accuracy,1046,1047,idempotency,13,2,4,2,11,0.8,0.3,5,2,1,1,1,1,373169,100000,4994332,57,84,1,58,86,0,1,337759,0,1,76,711051,996278,passed,13,0,1,0
idempotency-accuracy,1047,1048,idempotency,14,4,3,3,21,0.8,0.3,5,2,1,1,5,28,417126,114527,5718694,31378,160721,122,27756,146141,111,5,1669166,0,5,20487,2107109,2400731,passed,14,1,8,1
idempotency-accuracy,1048,1049,idempotency,11,4,2,5,21,0.8,0.3,5,2,1,1,5,32,415421,114834,5732893,98805,1044797,454,75803,759375,241,7,1713184,2,7,71925,2201189,2271772,passed,11,1,9,1
idempotency-accuracy,1049,1050,idempotency,10,4,5,3,21,0.8,0.3,5,2,1,1,5,28,367434,101480,5070766,57221,342092,133,43119,261996,155,7,1758487,2,7,36608,2162850,1906443,passed,10,1,9,1
idempotency-accuracy,1050,1051,idempotency,16,5,3,3,26,0.8,0.3,5,2,1,1,7,81,637063,177642,8870677,353880,1907876,998,300158,1636962,923,10,2688523,3,10,231739,3558131,25394170,passed,16,3,17,3
idempotency-accuracy,1051,1052,idempotency,15,2,4,2,11,0.8,0.3,5,2,1,1,8,52,441983,125668,6276466,41486,168797,123,32713,133805,151,8,2827262,0,8,24986,3294639,1328212,passed,15,4,12,4
idempotency-accuracy,1052,1053,idempotency,21,5,2,3,26,0.8,0.3,5,2,1,1,7,84,564778,158099,7903741,600182,2958905,1725,503053,2531683,1640,13,3039569,6,13,378440,3984131,83767158,validation_failed,21,3,20,2
idempotency-accuracy,1053,1054,idempotency,19,5,5,4,26,0.8,0.3,5,2,1,1,1,1,363686,100000,5023135,229,342,2,233,347,20,1,330464,0,1,217,694408,1666128,passed,19,0,1,0
idempotency-accuracy,1054,1055,idempotency,16,4,4,2,21,0.8,0.3,5,2,1,1,1,1,360120,100000,4979712,101,150,2,104,154,0,1,331624,0,1,108,691912,1150165,passed,16,0,1,0
idempotency-accuracy,1055,1056,idempotency,16,5,2,5,26,0.8,0.3,5,2,1,1,1,1,357042,100000,5002357,275,411,0,279,416,0,1,333559,0,1,196,690840,1531889,passed,16,0,1,0
idempotency-accuracy,1056,1057,idempotency,22,4,3,2,21,0.8,0.3,5,2,1,1,1,1,356466,100000,5002448,99,147,2,102,151,0,1,324496,0,1,114,681120,1356354,passed,22,0,1,0
idempotency-accuracy,1057,1058,idempotency,11,2,2,4,11,0.8,0.3,5,2,1,1,1,1,360690,100000,4986426,97,144,2,98,146,0,1,330195,0,1,110,691036,971323,passed,11,0,1,0
idempotency-accuracy,1058,1059,idempotency,16,3,3,4,16,0.8,0.3,5,2,1,1,1,1,355079,100000,5005658,141,210,0,143,213,0,1,325091,0,1,124,680332,1042465,passed,16,0,1,0
idempotency-accuracy,1059,1060,idempotency,18,4,5,3,21,0.8,0.3,5,2,1,1,6,47,378964,105286,5257095,121368,569481,306,86269,416405,461,7,2209123,1,7,70437,2658847,13216537,validation_failed,18,5,17,5
idempotency-accuracy,1060,1061,idempotency,18,3,3,2,16,0.8,0.3,5,2,1,1,6,58,372947,105381,5269809,125828,700514,335,116763,658314,264,11,2397039,5,11,84004,2854681,3896988,validation_failed,18,1,15,1
idempotency-accuracy,1061,1062,idempotency,23,5,4,3,26,0.8,0.3,5,2,1,1,1,1,356191,100000,5000618,175,261,1,179,266,0,1,326505,0,1,166,682900,1821607,passed,23,0,1,0
idempotency-accuracy,1062,1063,idempotency,21,5,3,2,26,0.8,0.3,5,2,1,1,6,82,742614,208097,10403030,425936,2316129,1150,392801,2130683,1268,12,2907575,6,12,280405,3931662,62569377,passed,21,1,22,1
idempotency-accuracy,1063,1064,idempotency,19,4,2,3,21,0.8,0.3,5,2,1,1,3,32,369006,103040,5156399,354707,2161625,1487,299905,1848844,1222,11,1725249,8,11,232383,2327903,26852583,validation_failed,19,1,19,1
idempotency-accuracy,1064,1065,idempotency,20,2,5,5,11,0.8,0.3,5,2,1,1,1,1,360389,100000,4998824,125,186,2,126,188,0,1,328028,0,1,124,688588,1002665,passed,20,0,1,0
idempotency-accuracy,1065,1066,idempotency,16,3,5,5,16,0.8,0.3,5,2,1,1,6,47,420563,114686,5735035,182731,829325,470,154926,674971,417,8,2281359,2,8,116368,2818835,3287101,passed,16,1,13,1
idempotency-accuracy,1066,1067,idempotency,17,5,5,3,26,0.8,0.3,5,2,1,1,1,1,362496,100000,4997772,177,264,1,181,269,0,1,341812,0,1,149,704502,1541586,passed,17,0,1,0
idempotency-accuracy,1067,1068,idempotency,23,2,3,3,11,0.8,0.3,5,2,1,1,9,72,481703,131840,6600906,71002,427078,252,58739,373935,202,9,3227870,0,9,47914,3758123,2455300,validation_failed,23,6,14,5
idempotency-accuracy,1068,1069,idempotency,11,3,3,3,16,0.8,0.3,5,2,1,1,1,1,365234,100000,4993128,109,162,0,111,165,0,1,328764,0,1,106,694151,1013291,passed,11,0,1,0
idempotency-accuracy,1069,1070,idempotency,16,3,3,5,16,0.8,0.3,5,2,1,1,6,32,411595,114388,5712326,53551,583057,169,41396,470803,161,6,2038640,0,6,40769,2491479,2303878,passed,16,1,9,1
idempotency-accuracy,1070,1071,idempotency,24,3,2,2,16,0.8,0.3,5,2,1,1,7,61,875548,242745,12132808,107073,536509,464,88459,442551,365,11,2578864,4,11,69038,3524236,5308397,passed,24,1,13,1
idempotency-accuracy,1071,1072,idempotency,20,2,5,5,11,0.8,0.3,5,2,1,1,5,24,396083,111222,5558655,37649,145926,121,31493,118935,116,6,1708728,1,6,22942,2128034,1415738,passed,20,2,8,2
idempotency-accuracy,1072,1073,idempotency,24,4,3,2,21,0.8,0.3,5,2,1,1,8,57,444259,121571,6084589,142610,949352,508,110768,743841,496,9,3058616,1,9,94301,3598025,14982256,passed,24,1,13,1
idempotency-accuracy,1073,1074,idempotency,12,3,4,4,16,0.8,0.3,5,2,1,1,6,40,378405,105923,5302426,72455,472144,259,51039,332917,211,7,2157194,1,7,47481,2583551,1671222,passed,12,2,10,2
idempotency-accuracy,1074,1075,idempotency,16,5,5,3,26,0.8,0.3,5,2,1,1,7,56,717009,199763,9962206,224984,1113799,670,171245,877076,581,10,2776324,3,10,136818,3630773,20913289,passed,16,1,13,1
idempotency-accuracy,1075,1076,idempotency,13,5,3,4,26,0.8,0.3,5,2,1,1,9,78,793107,219977,10998572,353505,1789868,1138,301153,1454238,1040,11,3274800,2,11,233702,4302470,10521835,passed,13,1,13,1
idempotency-accuracy,1076,1077,idempotency,12,5,2,3,26,0.8,0.3,5,2,1,1,7,46,455768,123418,6157319,110520,555476,249,91680,462693,457,7,2418881,0,7,72698,2947839,6157053,validation_failed,12,2,10,2
idempotency-accuracy,1077,1078,idempotency,10,4,5,3,21,0.8,0.3,5,2,1,1,3,9,360601,100957,5025709,5860,38581,28,4738,33722,16,3,1004617,0,3,4058,1369479,1273952,passed,10,1,4,1
idempotency-accuracy,1078,1079,idempotency,23,3,4,3,16,0.8,0.3,5,2,1,1,9,85,516604,132594,6630950,228993,954047,927,172365,718134,812,11,3679962,2,11,145024,4342311,9242226,passed,23,2,15,2
idempotency-accuracy,1079,1080,idempotency,13,4,4,2,21,0.8,0.3,5,2,1,1,6,52,756878,210557,10541544,89137,485793,295,81131,448027,242,8,2264633,2,8,57429,3079505,3410767,passed,13,1,13,1
idempotency-accuracy,1080,1081,idempotency,17,3,3,3,16,0.8,0.3,5,2,1,1,1,1,364308,100000,5001496,109,162,2,111,165,0,1,337281,0,1,124,701756,1053619,passed,17,0,1,0
idempotency-accuracy,1081,1082,idempotency,21,4,5,5,21,0.8,0.3,5,2,1,1,1,1,360157,100000,4999153,229,342,1,232,346,0,1,330660,0,1,210,691069,1393441,passed,21,0,1,0
idempotency-accuracy,1082,1083,idempotency,10,2,5,3,11,0.8,0.3,5,2,1,1,4,18,385963,104500,5234929,20983,112380,89,15355,84328,78,6,1333163,2,6,12828,1732197,1034354,passed,10,1,7,1
idempotency-accuracy,1083,1084,idempotency,11,5,3,4,26,0.8,0.3,5,2,1,1,1,1,361255,100000,5004972,225,336,2,229,341,0,1,331573,0,1,198,693070,1198438,passed,11,0,1,0
idempotency-accuracy,1084,1085,idempotency,13,2,2,2,11,0.8,0.3,5,2,1,1,4,15,360175,100933,5035341,5624,106370,61,3861,69918,30,4,1329762,0,4,4444,1695011,1020851,passed,13,1,6,1
idempotency-accuracy,1085,1086,idempotency,23,4,4,4,21,0.8,0.3,5,2,1,1,4,37,378361,103482,5177956,448368,3242669,1456,330609,2454833,1264,11,2097809,7,11,296715,2773588,35605220,passed,23,4,17,4
idempotency-accuracy,1086,1087,idempotency,23,5,4,2,26,0.8,0.3,5,2,1,1,11,128,514702,139383,6979158,843554,6251747,2624,704087,4848713,2595,15,4573403,4,15,576781,5666410,112250281,passed,23,2,24,2
idempotency-accuracy,1087,1088,idempotency,17,4,4,4,21,0.8,0.3,5,2,1,1,9,50,517748,138988,6950552,364075,1788901,1412,296239,1461259,1325,12,3373313,3,12,234734,4126680,8718750,validation_failed,17,1,12,1
idempotency-accuracy,1088,1089,idempotency,13,3,4,5,16,0.8,0.3,5,2,1,1,1,1,359883,100000,5014708,175,261,2,177,264,0,1,334908,0,1,139,694969,1041848,passed,13,0,1,0
idempotency-accuracy,1089,1090,idempotency,24,5,4,2,26,0.8,0.3,5,2,1,1,1,1,362751,100000,5015827,123,183,1,127,188,0,1,335511,0,1,111,698415,2130168,passed,24,0,1,0
idempotency-accuracy,1090,1091,idempotency,22,2,3,3,11,0.8,0.3,5,2,1,1,7,57,664324,184980,9262467,71948,366340,249,62819,330815,238,9,2469891,2,9,47254,3182062,1911419,passed,22,2,12,2
idempotency-accuracy,1091,1092,idempotency,15,3,3,5,16,0.8,0.3,5,2,1,1,4,17,355828,101066,5048672,19594,138253,88,16826,122702,51,4,1313680,0,4,13328,1683138,1514740,passed,15,2,6,2
idempotency-accuracy,1092,1093,idempotency,13,2,5,5,11,0.8,0.3,5,2,1,1,5,20,360273,100927,5045858,18058,182509,46,12565,137342,73,5,1682458,0,5,12228,2055294,1110352,passed,13,2,6,2
idempotency-accuracy,1093,1094,idempotency,15,5,4,3,26,0.8,0.3,5,2,1,1,7,57,398781,111463,5574775,319697,1834725,738,306225,1762494,1192,12,2882552,5,12,218315,3500728,15945786,passed,15,1,14,1
idempotency-accuracy,1094,1095,idempotency,21,2,5,4,11,0.8,0.3,5,2,1,1,8,59,412715,113605,5666412,97210,570244,286,81195,441810,262,9,2844078,1,9,64423,3321813,2295793,passed,21,2,13,2
idempotency-accuracy,1095,1096,idempotency,13,4,4,5,21,0.8,0.3,5,2,1,1,6,36,577961,160519,8032475,116393,446474,252,106514,409104,452,8,2024001,2,8,74993,2677461,3231473,passed,13,1,9,1
idempotency-accuracy,1096,1097,idempotency,23,4,4,3,21,0.8,0.3,5,2,1,1,1,1,361083,100000,5006556,143,213,0,146,217,0,1,330288,0,1,124,691537,1449282,passed,23,0,1,0
idempotency-accuracy,1097,1098,idempotency,22,5,5,5,26,0.8,0.3,5,2,1,1,1,1,354612,100000,4999930,281,420,1,285,425,0,1,340436,0,1,224,695310,2078479,passed,22,0,1,0
idempotency-accuracy,1098,1099,idempotency,10,5,3,3,26,0.8,0.3,5,2,1,1,1,1,360609,100000,5002063,173,258,1,177,263,0,1,327111,0,1,168,687929,1179048,passed,10,0,1,0
idempotency-accuracy,1099,1100,idempotency,16,3,5,2,16,0.8,0.3,5,2,1,1,6,31,397485,107294,5375860,25068,356179,113,17914,278821,70,6,2090545,0,6,19014,2507408,2041259,passed,16,3,8,3
idempotency-accuracy,1100,1101,idempotency,21,5,3,5,26,0.8,0.3,5,2,1,1,1,1,355502,100000,5004784,277,414,9,281,419,0,1,333470,0,1,228,689236,1784916,passed,21,0,1,0
idempotency-accuracy,1101,1102,idempotency,20,5,3,2,26,0.8,0.3,5,2,1,1,1,1,361052,100000,5009771,121,180,0,125,185,0,1,329867,0,1,109,691072,1651368,passed,20,0,1,0
idempotency-accuracy,1102,1103,idempotency,23,5,5,5,26,0.8,0.3,5,2,1,1,5,27,404610,112321,5626455,60034,293372,236,51527,260994,205,5,1705957,0,5,39518,2150395,15413576,passed,23,2,8,2
idempotency-accuracy,1103,1104,idempotency,10,2,2,4,11,0.8,0.3,5,2,1,1,6,33,473584,132481,6633977,42906,235929,112,33883,188673,98,7,1993696,1,7,26477,2494185,1026665,passed,10,1,9,1
idempotency-accuracy,1104,1105,idempotency,12,5,3,3,26,0.8,0.3,5,2,1,1,1,1,357983,100000,5000825,173,258,1,177,263,8,1,326948,0,1,175,685148,1184694,passed,12,0,1,0
idempotency-accuracy,1105,1106,idempotency,14,4,5,2,21,0.8,0.3,5,2,1,1,1,1,358777,100000,5008208,103,153,0,106,157,0,1,325738,0,1,106,684665,1107492,passed,14,0,1,0
idempotency-accuracy,1106,1107,idempotency,16,4,3,4,21,0.8,0.3,5,2,1,1,1,1,366991,100000,5006211,183,273,1,186,277,0,1,328337,0,1,144,695520,1186714,passed,16,0,1,0
idempotency-accuracy,1107,1108,idempotency,21,2,5,5,11,0.8,0.3,5,2,1,1,6,42,593658,163687,8202850,82023,369382,239,74115,334813,212,7,2241996,1,7,52423,2888518,1897239,passed,21,1,12,1
idempotency-accuracy,1108,1109,idempotency,13,5,4,2,26,0.8,0.3,5,2,1,1,1,1,356380,100000,5006345,123,183,1,127,188,0,1,326929,0,1,113,683456,1232897,passed,13,0,1,0
idempotency-accuracy,1109,1110,idempotency,18,3,3,3,16,0.8,0.3,5,2,1,1,6,33,404299,105469,5260965,50042,261710,119,41592,211932,133,7,2075745,1,7,31604,2512015,2470616,passed,18,2,9,1
idempotency-accuracy,1110,1111,idempotency,15,5,3,3,26,0.8,0.3,5,2,1,1,7,47,497035,131789,6596774,129226,530366,487,98374,409696,410,8,2597382,1,8,77808,3172771,11857041,validation_failed,15,1,11,1
idempotency-accuracy,1111,1112,idempotency,15,4,2,5,21,0.8,0.3,5,2,1,1,6,40,497946,136411,6822075,128214,770311,439,116408,715179,468,8,2228621,2,8,91512,2818662,4130769,passed,15,1,10,1
idempotency-accuracy,1112,1113,idempotency,23,3,2,3,16,0.8,0.3,5,2,1,1,7,84,535910,147726,7388729,516405,2830403,1756,440875,2455091,1734,13,3023176,6,13,327648,3887979,16399565,passed,23,1,21,1
idempotency-accuracy,1113,1114,idempotency,13,5,5,5,26,0.8,0.3,5,2,1,1,1,1,361804,100000,4989959,281,420,1,285,425,0,1,327124,0,1,207,689175,1300701,passed,13,0,1,0
idempotency-accuracy,1114,1115,idempotency,20,2,4,5,11,0.8,0.3,5,2,1,1,1,1,359882,100000,5016889,123,183,2,124,185,0,1,327468,0,1,124,687514,977920,passed,20,0,1,0
idempotency-accuracy,1115,1116,idempotency,14,5,2,5,26,0.8,0.3,5,2,1,1,4,37,501497,138904,6955706,423393,3087775,1507,317971,2420377,1109,10,1780101,6,10,287643,2569912,18337362,passed,14,2,15,2
idempotency-accuracy,1116,1117,idempotency,14,5,3,5,26,0.8,0.3,5,2,1,1,6,58,497075,137179,6879662,291944,1379581,811,273070,1314570,693,7,2411054,1,7,189771,3098519,18706124,passed,14,1,15,1
idempotency-accuracy,1117,1118,idempotency,14,3,5,3,16,0.8,0.3,5,2,1,1,1,1,369718,100000,5003551,113,168,2,115,171,0,1,328756,0,1,105,698622,1021204,passed,14,0,1,0
idempotency-accuracy,1118,1119,idempotency,14,2,3,3,11,0.8,0.3,5,2,1,1,3,9,352911,100007,4997727,3060,11043,0,2182,7600,0,3,984158,0,3,2063,1339234,1027405,passed,14,1,4,1
idempotency-accuracy,1119,1120,idempotency,15,2,4,2,11,0.8,0.3,5,2,1,1,5,35,374969,104786,5245763,42348,415364,198,32089,323215,71,9,1827133,4,9,29160,2231915,1214527,passed,15,1,12,1
idempotency-accuracy,1120,1121,idempotency,12,3,3,5,16,0.8,0.3,5,2,1,1,8,52,491160,137460,6864567,111373,849178,361,83636,659477,278,8,2833431,0,8,74414,3399487,1779012,passed,12,1,11,1
idempotency-accuracy,1121,1122,idempotency,18,3,3,5,16,0.8,0.3,5,2,1,1,1,1,382026,100000,5016505,173,258,0,175,261,0,1,342364,0,1,144,724580,1144643,passed,18,0,1,0
idempotency-accuracy,1122,1123,idempotency,16,2,2,5,11,0.8,0.3,5,2,1,1,4,17,405892,114495,5706955,12704,62712,53,11043,56565,35,4,1374655,0,4,8856,1789619,1096568,passed,16,1,6,1
idempotency-accuracy,1123,1124,idempotency,22,2,3,4,11,0.8,0.3,5,2,1,1,8,62,663773,172896,8653895,191077,1015225,1138,153597,805324,719,10,3415841,2,10,156931,4237617,2813371,passed,22,1,15,1
idempotency-accuracy,1124,1125,idempotency,14,4,5,2,21,0.8,0.3,5,2,1,1,6,40,412899,115678,5774828,123415,1221661,436,100131,1005232,411,9,2229141,3,9,87704,2730404,4683274,passed,14,1,12,1
idempotency-accuracy,1125,1126,idempotency,18,3,5,4,16,0.8,0.3,5,2,1,1,7,44,484796,134143,6691126,82116,385533,236,68354,335554,246,7,2430166,0,7,51393,2966737,3764166,passed,18,2,10,2
idempotency-accuracy,1126,1127,idempotency,23,4,3,4,21,0.8,0.3,5,2,1,1,9,126,730593,203937,10191214,1083084,8303541,3391,960664,7459795,3560,15,4373719,6,15,771836,5877866,66125862,validation_failed,23,1,22,1
idempotency-accuracy,1127,1128,idempotency,19,3,2,3,16,0.8,0.3,5,2,1,1,1,1,370282,100000,5017997,107,159,1,109,162,0,1,327964,0,1,101,698388,1061716,passed,19,0,1,0
idempotency-accuracy,1128,1129,idempotency,13,3,4,4,16,0.8,0.3,5,2,1,1,8,68,531919,145450,7263796,155402,623722,778,142956,582576,590,9,3082997,1,9,98957,3714429,2476047,passed,13,1,13,1
idempotency-accuracy,1129,1130,idempotency,21,2,2,2,11,0.8,0.3,5,2,1,1,10,88,615375,166599,8334761,97391,1051938,696,82685,927901,835,11,3679301,1,11,79559,4375425,2390470,validation_failed,21,2,16,2
idempotency-accuracy,1130,1131,idempotency,20,4,2,3,21,0.8,0.3,5,2,1,1,1,1,373092,100000,4990258,139,207,1,142,211,0,1,340272,0,1,122,713527,1270404,passed,20,0,1,0
idempotency-accuracy,1131,1132,idempotency,14,3,3,4,16,0.8,0.3,5,2,1,1,1,1,365031,100000,4994624,141,210,1,143,213,0,1,337860,0,1,119,703075,1022965,passed,14,0,1,0
idempotency-accuracy,1132,1133,idempotency,12,5,4,2,26,0.8,0.3,5,2,1,1,1,1,359059,100000,4996652,123,183,1,127,188,0,1,332545,0,1,118,691765,1257155,passed,12,0,1,0
idempotency-accuracy,1133,1134,idempotency,15,2,5,5,11,0.8,0.3,5,2,1,1,1,1,363868,100000,4997901,125,186,2,126,188,0,1,346526,0,1,179,710621,994788,passed,15,0,1,0
idempotency-accuracy,1134,1135,idempotency,14,5,5,3,26,0.8,0.3,5,2,1,1,6,41,398212,103924,5165118,100031,483317,317,91862,449066,229,7,2199341,1,7,67584,2665684,7769482,passed,14,1,10,1
idempotency-accuracy,1135,1136,idempotency,21,4,4,2,21,0.8,0.3,5,2,1,1,1,1,359741,100000,4997213,101,150,0,104,154,0,1,327775,0,1,121,687679,1318562,passed,21,0,1,0
idempotency-accuracy,1136,1137,idempotency,13,5,5,5,26,0.8,0.3,5,2,1,1,6,38,431588,120983,6056757,171139,840022,371,149654,752076,382,7,2125111,1,7,108242,2665422,7669325,passed,13,1,10,1
idempotency-accuracy,1137,1138,idempotency,21,2,2,3,11,0.8,0.3,5,2,1,1,6,29,421296,105230,5281392,24723,99643,47,18611,78436,53,7,2002418,1,7,15047,2439063,1315596,passed,21,1,8,1
idempotency-accuracy,1138,1139,idempotency,12,2,4,3,11,0.8,0.3,5,2,1,1,4,18,365176,103526,5173725,9879,44635,68,8509,37681,37,4,1374779,0,4,7667,1747839,1074056,passed,12,2,7,2
idempotency-accuracy,1139,1140,idempotency,19,4,2,3,21,0.8,0.3,5,2,1,1,5,39,364926,102213,5107135,231439,1128873,895,215464,1053445,937,10,2384798,5,10,151748,2902100,14748604,passed,19,1,16,1
idempotency-accuracy,1140,1141,idempotency,20,4,5,4,21,0.8,0.3,5,2,1,1,10,114,438014,121045,6042707,660873,8670401,2878,586570,7171190,3072,12,4143503,2,12,543794,5126646,34380518,passed,20,1,19,1
idempotency-accuracy,1141,1142,idempotency,10,2,2,5,11,0.8,0.3,5,2,1,1,1,1,362632,100000,4990101,119,177,2,120,179,0,1,327472,0,1,121,690266,1017704,passed,10,0,1,0
idempotency-accuracy,1142,1143,idempotency,18,2,2,3,11,0.8,0.3,5,2,1,1,5,38,381885,104291,5223739,58481,361013,436,49945,311841,427,8,1759453,3,8,39437,2181313,1551956,passed,18,2,12,2
idempotency-accuracy,1143,1144,idempotency,22,3,2,5,16,0.8,0.3,5,2,1,1,5,24,364164,102214,5120987,37206,230294,140,33615,217188,194,6,1674696,1,6,25587,2064795,2704936,validation_failed,22,1,7,1
idempotency-accuracy,1144,1145,idempotency,22,2,2,3,11,0.8,0.3,5,2,1,1,10,97,623052,172934,8653726,177360,1343925,566,158998,1219505,623,12,3701438,2,12,123473,4449292,2541223,passed,22,2,16,2
idempotency-accuracy,1145,1146,idempotency,22,4,2,2,21,0.8,0.3,5,2,1,1,7,99,690247,193232,9679145,568450,2861915,1550,496684,2524673,1758,15,3024858,8,15,374024,4090682,27937861,validation_failed,22,2,20,2
idempotency-accuracy,1146,1147,idempotency,13,4,2,5,21,0.8,0.3,5,2,1,1,1,1,357227,100000,4984770,223,333,1,226,337,0,1,351032,0,1,174,708473,1122440,passed,13,0,1,0
idempotency-accuracy,1147,1148,idempotency,24,3,5,5,16,0.8,0.3,5,2,1,1,8,91,455248,125585,6262038,441867,4201685,1949,409444,3824781,2023,11,3452376,3,11,362932,4271752,24335150,validation_failed,24,1,20,1
idempotency-accuracy,1148,1149,idempotency,17,4,4,4,21,0.8,0.3,5,2,1,1,1,1,367938,100000,5009061,185,276,1,188,280,0,1,341562,0,1,151,709699,1204141,passed,17,0,1,0
idempotency-accuracy,1149,1150,idempotency,21,2,4,3,11,0.8,0.3,5,2,1,1,9,70,483098,134715,6742602,73102,406323,262,53900,324644,260,9,3284297,0,9,45060,3813039,1911343,passed,21,5,14,5
idempotency-accuracy,1150,1151,idempotency,23,4,3,2,21,0.8,0.3,5,2,1,1,9,108,488559,132069,6583632,381981,1800071,1153,333069,1590435,1273,12,3720472,3,12,256191,4466334,46340290,validation_failed,23,3,20,3
idempotency-accuracy,1151,1152,idempotency,20,4,3,2,21,0.8,0.3,5,2,1,1,5,39,502174,138846,6947033,410876,1964478,1105,369210,1773248,1171,13,2482327,8,13,268152,3253731,15444560,validation_failed,20,1,16,1
idempotency-accuracy,1152,1153,idempotency,17,3,3,5,16,0.8,0.3,5,2,1,1,7,58,455174,127995,6397440,208655,1859214,614,181321,1653634,738,10,2462984,3,10,151251,3070357,3824308,passed,17,1,12,1
idempotency-accuracy,1153,1154,idempotency,18,5,3,4,26,0.8,0.3,5,2,1,1,4,26,378054,103273,5149907,99078,714784,413,77997,621441,352,6,1466513,2,6,67091,1912086,14000947,passed,18,1,10,1
idempotency-accuracy,1154,1155,idempotency,20,2,4,2,11,0.8,0.3,5,2,1,1,9,98,493977,136445,6803175,103032,411015,241,94505,383294,283,10,3467923,1,10,65802,4028448,2244339,passed,20,3,17,3
idempotency-accuracy,1155,1156,idempotency,14,4,5,4,21,0.8,0.3,5,2,1,1,1,1,355553,100000,4984903,187,279,0,190,283,0,1,336966,0,1,156,692720,1123108,passed,14,0,1,0
idempotency-accuracy,1156,1157,idempotency,15,3,5,4,16,0.8,0.3,5,2,1,1,1,1,356954,100000,5005192,145,216,1,147,219,0,1,324251,0,1,148,681399,1037151,passed,15,0,1,0
idempotency-accuracy,1157,1158,idempotency,12,5,3,3,26,0.8,0.3,5,2,1,1,3,11,370603,102368,5125345,14400,78058,52,10054,57552,17,4,1024225,1,4,8760,1403745,2471213,passed,12,1,5,1
idempotency-accuracy,1158,1159,idempotency,13,4,5,2,21,0.8,0.3,5,2,1,1,8,56,469952,121434,6059455,118234,772866,734,101776,672180,480,10,2908914,2,10,78928,3458949,3584381,passed,13,1,12,1
idempotency-accuracy,1159,1160,idempotency,18,5,2,5,26,0.8,0.3,5,2,1,1,1,1,363708,100000,5002057,275,411,1,279,416,24,1,339617,0,1,229,703596,1707517,passed,18,0,1,0
idempotency-accuracy,1160,1161,idempotency,15,3,2,5,16,0.8,0.3,5,2,1,1,4,42,379125,105466,5271153,228785,1082063,724,195144,935352,734,8,1638437,4,8,147856,2166003,4305555,passed,15,1,15,1
idempotency-accuracy,1161,1162,idempotency,14,2,4,2,11,0.8,0.3,5,2,1,1,4,14,405682,114065,5709539,3445,26845,13,2540,20327,8,4,1341668,0,4,2451,1750082,995444,validation_failed,14,2,5,1
idempotency-accuracy,1162,1163,idempotency,24,5,5,4,26,0.8,0.3,5,2,1,1,7,107,408226,113370,5677646,731574,4108445,2379,592332,3389795,2026,10,3294320,3,10,469713,4173171,171779887,passed,24,1,21,1
idempotency-accuracy,1163,1164,idempotency,16,4,2,4,21,0.8,0.3,5,2,1,1,1,1,356707,100000,4994886,181,270,0,184,274,0,1,328699,0,1,166,685612,1198732,passed,16,0,1,0
idempotency-accuracy,1164,1165,idempotency,22,4,2,2,21,0.8,0.3,5,2,1,1,1,1,371858,100000,5003047,97,144,0,100,148,0,1,328809,0,1,98,700809,1348790,passed,22,0,1,0
idempotency-accuracy,1165,1166,idempotency,23,2,5,2,11,0.8,0.3,5,2,1,1,1,1,378206,100000,5005717,59,87,3,60,89,0,1,336245,0,1,111,714608,1011305,passed,23,0,1,0
idempotency-accuracy,1166,1167,idempotency,22,5,5,4,26,0.8,0.3,5,2,1,1,1,1,372752,100000,5013312,229,342,2,233,347,0,1,334530,0,1,174,707498,1934625,passed,22,0,1,0
idempotency-accuracy,1167,1168,idempotency,21,5,3,3,26,0.8,0.3,5,2,1,1,1,1,373446,100000,5000468,173,258,2,177,263,0,1,324549,0,1,161,698202,1866769,passed,21,0,1,0
idempotency-accuracy,1168,1169,idempotency,22,2,5,4,11,0.8,0.3,5,2,1,1,1,1,375246,100000,5003721,103,153,2,104,155,0,1,332885,0,1,130,708301,1009300,passed,22,0,1,0
idempotency-accuracy,1169,1170,idempotency,13,3,3,5,16,0.8,0.3,5,2,1,1,7,53,726975,199660,9980620,127087,1110672,918,117188,1046172,836,9,2633788,2,9,95597,3457382,1909635,passed,13,1,11,1
idempotency-accuracy,1170,1171,idempotency,14,5,2,3,26,0.8,0.3,5,2,1,1,10,91,896525,252540,12616291,274831,1682430,721,260436,1597882,771,11,3471378,1,11,187786,4556741,14394075,passed,14,1,14,1
idempotency-accuracy,1171,1172,idempotency,11,5,5,4,26,0.8,0.3,5,2,1,1,1,1,358186,100000,5003774,229,342,1,233,347,0,1,328699,0,1,177,687100,1216724,passed,11,0,1,0
idempotency-accuracy,1172,1173,idempotency,23,3,3,5,16,0.8,0.3,5,2,1,1,6,74,822837,228483,11409661,410318,2193354,1044,323371,1735726,957,11,2729990,5,11,253811,3807528,11913968,passed,23,1,17,1
idempotency-accuracy,1173,1174,idempotency,18,2,5,4,11,0.8,0.3,5,2,1,1,8,44,452592,126447,6331347,55805,338972,166,46332,295824,141,8,2704612,0,8,35648,3193330,1409580,passed,18,1,9,1
idempotency-accuracy,1174,1175,idempotency,12,2,5,2,11,0.8,0.3,5,2,1,1,7,39,357957,100545,5019822,26854,124422,45,22641,108557,86,7,2359864,0,7,16599,2734795,1125837,passed,12,1,10,1
idempotency-accuracy,1175,1176,idempotency,10,3,3,4,16,0.8,0.3,5,2,1,1,1,1,358793,100000,4997995,141,210,1,143,213,20,1,341462,0,1,140,700435,992211,passed,10,0,1,0
idempotency-accuracy,1176,1177,idempotency,20,3,3,3,16,0.8,0.3,5,2,1,1,1,1,354152,100000,4998769,109,162,2,111,165,0,1,327898,0,1,117,682207,1079914,passed,20,0,1,0
idempotency-accuracy,1177,1178,idempotency,11,3,4,2,16,0.8,0.3,5,2,1,1,1,1,354751,100000,4985566,79,117,1,81,120,0,1,330414,0,1,84,685290,1011190,passed,11,0,1,0
idempotency-accuracy,1178,1179,idempotency,21,2,5,3,11,0.8,0.3,5,2,1,1,7,65,396245,110551,5529763,109732,598247,264,91901,519947,286,8,2750777,1,8,70351,3217913,2603830,passed,21,3,15,3
idempotency-accuracy,1179,1180,idempotency,24,5,4,5,26,0.8,0.3,5,2,1,1,5,66,537263,149368,7461183,1059022,8675852,3058,887534,7221311,3212,12,3226963,7,12,735229,4500651,177415535,validation_failed,24,1,23,1
idempotency-accuracy,1180,1181,idempotency,11,2,2,4,11,0.8,0.3,5,2,1,1,4,14,379333,106844,5337733,7407,51972,45,5011,36488,30,4,1321260,0,4,4716,1705524,1023155,passed,11,1,5,1
idempotency-accuracy,1181,1182,idempotency,24,4,5,2,21,0.8,0.3,5,2,1,1,1,1,359701,100000,4991245,103,153,1,106,157,0,1,341045,0,1,97,700884,1347630,passed,24,0,1,0
idempotency-accuracy,1182,1183,idempotency,17,5,5,4,26,0.8,0.3,5,2,1,1,1,1,371095,100000,5000196,229,342,1,233,347,17,1,325096,0,1,205,696435,1548140,passed,17,0,1,0
idempotency-accuracy,1183,1184,idempotency,23,4,3,2,21,0.8,0.3,5,2,1,1,1,1,352955,100000,4995013,99,147,1,102,151,0,1,324605,0,1,97,677690,1400745,passed,23,0,1,0
idempotency-accuracy,1184,1185,idempotency,21,2,4,4,11,0.8,0.3,5,2,1,1,9,55,688155,192560,9638499,77611,428921,178,60185,347631,234,9,3051758,0,9,48015,3788595,1574666,validation_failed,21,1,11,1
idempotency-accuracy,1185,1186,idempotency,13,5,5,3,26,0.8,0.3,5,2,1,1,6,51,443293,123994,6205472,147544,569137,334,134391,521101,387,7,2230966,1,7,90718,2765503,10014179,passed,13,2,13,2
idempotency-accuracy,1186,1187,idempotency,14,2,4,2,11,0.8,0.3,5,2,1,1,3,11,373569,100432,5030050,5303,55540,38,4103,42461,36,4,994038,1,4,3904,1371873,1084445,passed,14,2,6,2
idempotency-accuracy,1187,1188,idempotency,11,5,3,5,26,0.8,0.3,5,2,1,1,7,42,390373,106336,5301615,208876,1705805,731,164208,1304493,529,9,2418004,2,9,145062,2954003,5006082,passed,11,1,10,1
idempotency-accuracy,1188,1189,idempotency,14,2,4,4,11,0.8,0.3,5,2,1,1,1,1,361471,100000,4992052,101,150,1,102,152,0,1,347021,0,1,102,708634,974881,passed,14,0,1,0
idempotency-accuracy,1189,1190,idempotency,20,2,3,4,11,0.8,0.3,5,2,1,1,1,1,354924,100000,4998801,99,147,0,100,149,0,1,326013,0,1,93,681061,1029315,passed,20,0,1,0
idempotency-accuracy,1190,1191,idempotency,24,4,4,5,21,0.8,0.3,5,2,1,1,1,1,361976,100000,4982700,227,339,2,230,343,0,1,340522,0,1,194,702732,1596110,passed,24,0,1,0
idempotency-accuracy,1191,1192,idempotency,23,5,5,3,26,0.8,0.3,5,2,1,1,1,1,362249,100000,5004130,177,264,1,181,269,0,1,327263,0,1,144,689697,1917451,passed,23,0,1,0
idempotency-accuracy,1192,1193,idempotency,18,3,5,3,16,0.8,0.3,5,2,1,1,6,34,388285,106937,5345615,36646,161151,147,33660,149368,158,6,2016289,0,6,24154,2429101,2222509,passed,18,1,8,1
idempotency-accuracy,1193,1194,idempotency,22,2,3,4,11,0.8,0.3,5,2,1,1,6,36,375591,103689,5161903,31872,187475,94,24244,151778,79,7,2050619,1,7,20054,2446640,1472450,passed,22,2,9,2
idempotency-accuracy,1194,1195,idempotency,24,3,5,3,16,0.8,0.3,5,2,1,1,1,1,362625,100000,5004501,113,168,1,115,171,0,1,333222,0,1,105,695992,1125696,passed,24,0,1,0
idempotency-accuracy,1195,1196,idempotency,19,5,5,2,26,0.8,0.3,5,2,1,1,7,39,483211,132326,6633939,65187,472320,210,48733,331846,212,8,2453636,1,8,41823,2979109,10227655,passed,19,2,10,2
idempotency-accuracy,1196,1197,idempotency,20,4,3,3,21,0.8,0.3,5,2,1,1,1,1,357439,100000,5006610,141,210,2,144,214,8,1,326380,0,1,153,684009,1227975,passed,20,0,1,0
idempotency-accuracy,1197,1198,idempotency,16,3,4,4,16,0.8,0.3,5,2,1,1,1,1,361333,100000,5017232,143,213,2,145,216,0,1,326558,0,1,126,688062,1070756,passed,16,0,1,0
idempotency-accuracy,1198,1199,idempotency,19,5,5,4,26,0.8,0.3,5,2,1,1,4,29,364869,102139,5106705,116747,648578,446,105649,591191,502,6,1543029,2,6,80562,1988812,16611483,passed,19,1,11,1
idempotency-accuracy,1199,1200,idempotency,11,3,5,2,16,0.8,0.3,5,2,1,1,6,29,362841,101966,5110796,34097,162735,91,26279,125889,73,7,2024057,1,7,20517,2407719,1411390,passed,11,1,8,1
idempotency-accuracy,1200,1201,idempotency,22,5,5,3,26,0.8,0.3,5,2,1,1,6,68,401729,110684,5534754,320403,2122902,1012,285809,1932238,958,9,2659618,3,9,224974,3287025,62172932,passed,22,2,16,2
idempotency-accuracy,1201,1202,idempotency,14,4,2,5,21,0.8,0.3,5,2,1,1,1,1,372889,100000,5007907,223,333,0,226,337,0,1,334774,0,1,186,707892,1172997,passed,14,0,1,0
idempotency-accuracy,1202,1203,idempotency,23,3,3,5,16,0.8,0.3,5,2,1,1,10,92,411548,113896,5695086,420006,2670873,1438,371791,2419907,1405,11,3911670,1,11,295007,4619183,14336955,validation_failed,23,3,17,3
idempotency-accuracy,1203,1204,idempotency,16,2,4,5,11,0.8,0.3,5,2,1,1,7,50,700954,192943,9663069,86263,480105,328,63772,358637,277,7,2544222,0,7,57229,3302875,1442477,validation_failed,16,3,11,3
idempotency-accuracy,1204,1205,idempotency,16,5,3,3,26,0.8,0.3,5,2,1,1,5,29,431426,119035,5950340,73919,450934,164,49854,305621,248,6,1796729,1,6,45178,2273623,10512350,passed,16,3,10,3
idempotency-accuracy,1205,1206,idempotency,17,3,2,4,16,0.8,0.3,5,2,1,1,1,1,356044,100000,4994824,139,207,4,141,210,0,1,331571,0,1,146,687817,1064527,passed,17,0,1,0
idempotency-accuracy,1206,1207,idempotency,24,5,4,5,26,0.8,0.3,5,2,1,1,10,72,653825,182055,9088624,396021,2436900,1076,329321,2099362,1283,11,3560766,1,11,264156,4479578,39785191,passed,24,1,12,1
idempotency-accuracy,1207,1208,idempotency,11,3,5,4,16,0.8,0.3,5,2,1,1,1,1,360720,100000,5002785,145,216,2,147,219,0,1,333689,0,1,138,694590,996866,passed,11,0,1,0
idempotency-accuracy,1208,1209,idempotency,21,4,2,2,21,0.8,0.3,5,2,1,1,6,65,411830,112872,5660520,539084,4448634,1819,458040,3776323,1828,14,3315480,8,14,394857,4123701,21473065,passed,21,1,22,1
idempotency-accuracy,1209,1210,idempotency,19,5,5,4,26,0.8,0.3,5,2,1,1,7,46,488508,122740,6139175,215715,1586399,749,189625,1441988,755,9,2709198,2,9,160744,3359189,17007073,passed,19,1,11,1
idempotency-accuracy,1210,1211,idempotency,14,5,3,4,26,0.8,0.3,5,2,1,1,1,1,361520,100000,5005117,225,336,2,229,341,0,1,333543,0,1,219,695332,1400403,passed,14,0,1,0
idempotency-accuracy,1211,1212,idempotency,12,4,4,4,21,0.8,0.3,5,2,1,1,1,1,359046,100000,4985567,185,276,1,188,280,0,1,342291,0,1,153,701534,1082235,passed,12,0,1,0
idempotency-accuracy,1212,1213,idempotency,21,5,5,3,26,0.8,0.3,5,2,1,1,1,1,386711,100000,5021342,177,264,0,181,269,0,1,333310,0,1,144,720213,1692177,passed,21,0,1,0
idempotency-accuracy,1213,1214,idempotency,22,3,3,4,16,0.8,0.3,5,2,1,1,1,1,353846,100000,5000975,141,210,2,143,213,0,1,331455,0,1,125,685461,1137204,passed,22,0,1,0
idempotency-accuracy,1214,1215,idempotency,10,3,4,5,16,0.8,0.3,5,2,1,1,1,1,355954,100000,4996025,175,261,2,177,264,0,1,329735,0,1,175,685908,1039925,passed,10,0,1,0
idempotency-accuracy,1215,1216,idempotency,16,2,2,3,11,0.8,0.3,5,2,1,1,1,1,356790,100000,4997873,75,111,1,76,113,0,1,333450,0,1,82,690365,968648,passed,16,0,1,0
idempotency-accuracy,1216,1217,idempotency,10,2,3,2,11,0.8,0.3,5,2,1,1,1,1,361535,100000,5001846,55,81,2,56,83,0,1,337887,0,1,104,699570,955711,passed,10,0,1,0
idempotency-accuracy,1217,1218,idempotency,13,4,4,5,21,0.8,0.3,5,2,1,1,1,1,357201,100000,4996000,227,339,1,230,343,0,1,332047,0,1,205,689494,1117157,passed,13,0,1,0
idempotency-accuracy,1218,1219,idempotency,20,4,3,3,21,0.8,0.3,5,2,1,1,1,1,361882,100000,5005734,141,210,2,144,214,0,1,341839,0,1,124,703915,1286057,passed,20,0,1,0
idempotency-accuracy,1219,1220,idempotency,17,5,5,3,26,0.8,0.3,5,2,1,1,1,1,363959,100000,4986360,177,264,1,181,269,0,1,341977,0,1,149,706130,1531166,passed,17,0,1,0
idempotency-accuracy,1220,1221,idempotency,11,5,5,2,26,0.8,0.3,5,2,1,1,3,19,370603,101324,5060455,55595,262016,154,40571,198651,119,6,1168990,3,6,33986,1573823,4298255,passed,11,2,12,2
idempotency-accuracy,1221,1222,idempotency,23,5,5,2,26,0.8,0.3,5,2,1,1,11,133,550617,153420,7687122,414790,2011531,1231,381200,1873424,1510,13,4821173,2,13,280028,5653131,74940816,passed,23,3,20,3
idempotency-accuracy,1222,1223,idempotency,20,5,2,2,26,0.8,0.3,5,2,1,1,1,1,356831,100000,4986723,119,177,2,123,182,0,1,334506,0,1,123,691499,1515158,passed,20,0,1,0
idempotency-accuracy,1223,1224,idempotency,14,2,4,5,11,0.8,0.3,5,2,1,1,1,1,358764,100000,4996069,123,183,1,124,185,0,1,334847,0,1,107,693759,1000076,passed,14,0,1,0
idempotency-accuracy,1224,1225,idempotency,21,2,4,4,11,0.8,0.3,5,2,1,1,7,53,479652,135104,6768058,71067,305370,205,63162,274582,171,8,2497496,1,8,46228,3023826,1840925,passed,21,3,12,3
idempotency-accuracy,1225,1226,idempotency,23,2,5,5,11,0.8,0.3,5,2,1,1,9,79,457107,127545,6368631,175067,988295,484,142591,798689,515,9,3364189,0,9,114729,3936752,3403657,passed,23,1,15,1
idempotency-accuracy,1226,1227,idempotency,10,3,5,3,16,0.8,0.3,5,2,1,1,1,1,358102,100000,5008112,113,168,1,115,171,0,1,331091,0,1,126,689359,1005219,passed,10,0,1,0
idempotency-accuracy,1227,1228,idempotency,11,4,2,5,21,0.8,0.3,5,2,1,1,1,1,357265,100000,5002946,223,333,2,226,337,0,1,334625,0,1,201,692134,1079983,passed,11,0,1,0
idempotency-accuracy,1228,1229,idempotency,21,2,4,5,11,0.8,0.3,5,2,1,1,3,17,448871,121898,6099391,44154,381268,126,34566,302918,161,7,1071187,4,7,31396,1551818,1340206,passed,21,1,8,1
idempotency-accuracy,1229,1230,idempotency,19,3,5,3,16,0.8,0.3,5,2,1,1,5,39,576945,160966,8062250,81051,508349,319,74466,465388,233,7,1951774,2,7,57142,2586465,3777011,passed,19,2,11,2
idempotency-accuracy,1230,1231,idempotency,18,3,3,2,16,0.8,0.3,5,2,1,1,4,20,684771,188527,9440219,17394,100830,41,14922,86592,90,5,1346678,1,5,11860,2043675,1653872,validation_failed,18,1,7,1
idempotency-accuracy,1231,1232,idempotency,11,5,3,2,26,0.8,0.3,5,2,1,1,7,52,520514,143933,7197712,70241,389131,241,62605,351985,261,7,2508185,0,7,47875,3077101,4674903,passed,11,2,11,2
idempotency-accuracy,1232,1233,idempotency,17,3,2,4,16,0.8,0.3,5,2,1,1,5,28,364749,101923,5107570,153753,1280183,587,120661,992185,398,9,1821007,4,9,107577,2293914,3144488,passed,17,1,11,1
idempotency-accuracy,1233,1234,idempotency,10,5,4,3,26,0.8,0.3,5,2,1,1,1,1,356516,100000,4997317,175,261,1,179,266,0,1,336821,0,1,145,693520,1134516,passed,10,0,1,0
idempotency-accuracy,1234,1235,idempotency,23,4,4,5,21,0.8,0.3,5,2,1,1,7,94,564863,158109,7915100,596493,3604117,1711,496830,3062560,1747,11,3292178,4,11,386724,4244599,33529307,passed,23,1,21,1
idempotency-accuracy,1235,1236,idempotency,12,5,3,2,26,0.8,0.3,5,2,1,1,5,28,400187,112777,5623323,47296,195563,153,39998,170699,80,6,1719948,1,6,29268,2149714,4000523,validation_failed,12,1,9,1
idempotency-accuracy,1236,1237,idempotency,23,5,3,2,26,0.8,0.3,5,2,1,1,10,108,490748,135806,6786137,379543,2208486,1047,287992,1759196,974,11,3869579,1,11,239142,4600324,79455918,validation_failed,23,4,20,4
idempotency-accuracy,1237,1238,idempotency,10,4,3,4,21,0.8,0.3,5,2,1,1,4,20,421217,119155,5953055,26901,95689,99,24011,86406,103,4,1315088,0,4,17115,1753625,1820325,passed,10,1,7,1
idempotency-accuracy,1238,1239,idempotency,19,2,5,2,11,0.8,0.3,5,2,1,1,9,82,474893,133904,6687334,71581,338516,128,63832,307965,181,9,3372394,0,9,44973,3892830,1836643,validation_failed,19,2,15,2
idempotency-accuracy,1239,1240,idempotency,10,2,3,3,11,0.8,0.3,5,2,1,1,1,1,363610,100000,5010161,77,114,1,78,116,0,1,330323,0,1,87,694066,1001923,passed,10,0,1,0
idempotency-accuracy,1240,1241,idempotency,23,3,3,2,16,0.8,0.3,5,2,1,1,12,121,502006,141666,7088417,300879,1866849,673,240303,1510233,886,13,4484261,1,13,191689,5184643,10412951,passed,23,3,20,3
idempotency-accuracy,1241,1242,idempotency,12,2,5,5,11,0.8,0.3,5,2,1,1,7,40,410637,115023,5755706,68108,317271,208,52664,254938,214,8,2404158,1,8,41195,2856366,1152173,passed,12,3,9,3
idempotency-accuracy,1242,1243,idempotency,21,5,5,4,26,0.8,0.3,5,2,1,1,1,1,365937,100000,5007598,229,342,2,233,347,0,1,334473,0,1,180,700634,1841439,passed,21,0,1,0
idempotency-accuracy,1243,1244,idempotency,24,2,4,5,11,0.8,0.3,5,2,1,1,6,44,504661,133245,6662058,362515,3240706,1430,284155,2594146,1424,13,2755520,7,13,266671,3528175,3620589,passed,24,2,16,2
idempotency-accuracy,1244,1245,idempotency,18,4,3,5,21,0.8,0.3,5,2,1,1,8,88,434155,121296,6062869,595238,3990879,2002,436831,2874363,1372,12,3266037,4,12,380256,4081327,22923052,passed,18,3,18,3
idempotency-accuracy,1245,1246,idempotency,14,3,3,4,16,0.8,0.3,5,2,1,1,1,1,355642,100000,4999055,141,210,1,143,213,0,1,330217,0,1,123,686019,1017631,passed,14,0,1,0
idempotency-accuracy,1246,1247,idempotency,24,3,3,5,16,0.8,0.3,5,2,1,1,9,123,628021,170179,8514893,1149374,8456341,3274,1025390,7429246,3510,15,4212379,6,15,816227,5658378,31782235,passed,24,1,24,1
idempotency-accuracy,1247,1248,idempotency,18,4,2,3,21,0.8,0.3,5,2,1,1,7,37,700186,194324,9708485,56611,698361,226,49579,616402,168,7,2309052,0,7,43567,3053469,5345002,validation_failed,18,1,9,1
idempotency-accuracy,1248,1249,idempotency,10,3,5,3,16,0.8,0.3,5,2,1,1,4,27,391829,109290,5461371,47063,315570,186,35617,230053,198,6,1408612,2,6,31355,1832160,1384748,passed,10,1,9,1
idempotency-accuracy,1249,1250,idempotency,13,4,4,4,21,0.8,0.3,5,2,1,1,1,1,356634,100000,4995985,185,276,0,188,280,0,1,327834,0,1,145,684650,1133833,passed,13,0,1,0
idempotency-accuracy,1250,1251,idempotency,20,5,2,5,26,0.8,0.3,5,2,1,1,1,1,362844,100000,4992176,275,411,1,279,416,0,1,325533,0,1,201,688619,1822652,passed,20,0,1,0
idempotency-accuracy,1251,1252,idempotency,12,5,5,2,26,0.8,0.3,5,2,1,1,6,43,397783,110239,5522527,76118,336515,158,67709,306618,318,7,2182754,1,7,48249,2629195,4910712,passed,12,2,11,2
idempotency-accuracy,1252,1253,idempotency,19,5,5,2,26,0.8,0.3,5,2,1,1,1,1,375518,100000,5008050,125,186,1,129,191,0,1,333581,0,1,112,709255,1627250,passed,19,0,1,0
idempotency-accuracy,1253,1254,idempotency,22,4,5,3,21,0.8,0.3,5,2,1,1,1,1,362212,100000,4997065,145,216,1,148,220,0,1,325893,0,1,123,688270,1389764,passed,22,0,1,0
idempotency-accuracy,1254,1255,idempotency,10,5,3,3,26,0.8,0.3,5,2,1,1,1,1,355991,100000,4995277,173,258,1,177,263,0,1,342970,0,1,154,699156,1142506,passed,10,0,1,0
idempotency-accuracy,1255,1256,idempotency,13,4,3,5,21,0.8,0.3,5,2,1,1,1,1,354375,100000,4993066,225,336,1,228,340,0,1,323872,0,1,171,678459,1113706,passed,13,0,1,0
idempotency-accuracy,1256,1257,idempotency,12,5,2,2,26,0.8,0.3,5,2,1,1,5,31,421326,117470,5866371,82232,445913,226,63404,351615,207,8,1774403,3,8,50715,2246838,4889683,passed,12,1,11,1
idempotency-accuracy,1257,1258,idempotency,23,2,3,3,11,0.8,0.3,5,2,1,1,1,1,364657,100000,4996720,77,114,1,78,116,0,1,327756,0,1,85,692536,988447,passed,23,0,1,0
idempotency-accuracy,1258,1259,idempotency,23,4,5,2,21,0.8,0.3,5,2,1,1,1,1,366964,100000,4987038,103,153,1,106,157,0,1,325789,0,1,102,692903,1318366,passed,23,0,1,0
idempotency-accuracy,1259,1260,idempotency,10,4,3,5,21,0.8,0.3,5,2,1,1,3,18,367219,102570,5129041,75762,268379,210,67649,246227,315,5,1080484,2,5,46931,1494844,2273414,validation_failed,10,1,10,1
idempotency-accuracy,1260,1261,idempotency,18,5,2,3,26,0.8,0.3,5,2,1,1,3,33,376297,105403,5280329,240850,1178792,589,187085,944751,649,8,1373152,5,8,149183,1899192,31774381,validation_failed,18,4,17,3
idempotency-accuracy,1261,1262,idempotency,15,3,5,5,16,0.8,0.3,5,2,1,1,3,22,392353,111365,5565382,105660,546393,284,85206,427559,227,6,1349286,3,6,67109,1809064,2923780,passed,15,1,11,1
idempotency-accuracy,1262,1263,idempotency,11,2,3,2,11,0.8,0.3,5,2,1,1,6,31,630126,173275,8664469,16053,99778,86,12472,80357,42,6,1969662,0,6,10632,2610815,1051284,passed,11,2,9,2
idempotency-accuracy,1263,1264,idempotency,15,4,4,4,21,0.8,0.3,5,2,1,1,3,21,360834,101508,5080553,253816,1575438,761,184029,1150776,637,9,1462305,6,9,160395,1984148,8670285,passed,15,2,14,2
idempotency-accuracy,1264,1265,idempotency,10,3,4,4,16,0.8,0.3,5,2,1,1,1,1,367899,100000,5001517,143,213,2,145,216,0,1,324679,0,1,121,692742,991532,passed,10,0,1,0
idempotency-accuracy,1265,1266,idempotency,16,2,5,4,11,0.8,0.3,5,2,1,1,1,1,356267,100000,5003081,103,153,1,104,155,0,1,324784,0,1,101,681195,983287,passed,16,0,1,0
idempotency-accuracy,1266,1267,idempotency,22,4,3,4,21,0.8,0.3,5,2,1,1,1,1,355481,100000,5004774,183,273,2,186,277,0,1,326242,0,1,146,681911,1352776,passed,22,0,1,0
idempotency-accuracy,1267,1268,idempotency,17,2,4,2,11,0.8,0.3,5,2,1,1,1,1,359021,100000,5006088,57,84,2,58,86,1,1,325796,0,1,101,684962,965568,passed,17,0,1,0
idempotency-accuracy,1268,1269,idempotency,15,3,3,2,16,0.8,0.3,5,2,1,1,3,11,362622,100652,5062648,12088,63503,18,9128,49948,19,5,988718,2,5,7537,1359135,1414625,passed,15,1,6,1
idempotency-accuracy,1269,1270,idempotency,19,5,4,3,26,0.8,0.3,5,2,1,1,1,1,364895,100000,5010075,175,261,1,179,266,0,1,332874,0,1,145,697955,1616095,passed,19,0,1,0
idempotency-accuracy,1270,1271,idempotency,17,5,5,4,26,0.8,0.3,5,2,1,1,6,43,424597,119028,5942661,245390,1765650,801,197927,1434585,553,9,2221529,3,9,166540,2813386,20701778,passed,17,1,11,1
idempotency-accuracy,1271,1272,idempotency,23,2,3,3,11,0.8,0.3,5,2,1,1,7,46,547748,152969,7642846,49073,227676,146,40196,186218,149,8,2419695,1,8,30750,2998639,1858195,passed,23,2,10,2
idempotency-accuracy,1272,1273,idempotency,17,3,4,4,16,0.8,0.3,5,2,1,1,1,1,361229,100000,4993991,143,213,1,145,216,0,1,330658,0,1,123,692049,1021304,passed,17,0,1,0
idempotency-accuracy,1273,1274,idempotency,12,4,5,4,21,0.8,0.3,5,2,1,1,5,32,370083,103876,5198268,54751,246270,159,49355,226936,164,5,1718323,0,5,34889,2123585,2485747,passed,12,1,9,1
idempotency-accuracy,1274,1275,idempotency,21,2,2,4,11,0.8,0.3,5,2,1,1,7,49,426805,119466,5966118,64046,423479,191,52692,346034,261,8,2407615,1,8,43200,2878105,1667805,passed,21,3,11,3
idempotency-accuracy,1275,1276,idempotency,21,3,3,2,16,0.8,0.3,5,2,1,1,1,1,372247,100000,5022269,77,114,2,79,117,0,1,327595,0,1,82,699973,1056984,passed,21,0,1,0
idempotency-accuracy,1276,1277,idempotency,15,3,5,5,16,0.8,0.3,5,2,1,1,7,45,405494,109361,5451711,123530,991029,562,96316,715439,310,7,2526400,0,7,88257,3020714,2880335,passed,15,1,12,1
idempotency-accuracy,1277,1278,idempotency,10,2,2,5,11,0.8,0.3,5,2,1,1,1,1,393041,100000,4992009,119,177,2,120,179,0,1,342772,0,1,111,735967,986806,passed,10,0,1,0
idempotency-accuracy,1278,1279,idempotency,18,5,5,2,26,0.8,0.3,5,2,1,1,1,1,363203,100000,5006703,125,186,1,129,191,0,1,330458,0,1,112,693815,1504266,passed,18,0,1,0
idempotency-accuracy,1279,1280,idempotency,13,5,4,3,26,0.8,0.3,5,2,1,1,5,28,441171,123607,6180524,53633,294813,141,48541,275998,203,6,1697770,1,6,35568,2174911,5086133,passed,13,1,8,1
idempotency-accuracy,1280,1281,idempotency,22,2,2,3,11,0.8,0.3,5,2,1,1,4,14,381169,104620,5229872,6397,130502,33,5070,107872,38,4,1367974,0,4,5762,1755442,1217712,passed,22,1,5,1
idempotency-accuracy,1281,1282,idempotency,13,3,3,2,16,0.8,0.3,5,2,1,1,1,1,364731,100000,4999121,77,114,1,79,117,0,1,337270,0,1,82,702132,999663,passed,13,0,1,0
idempotency-accuracy,1282,1283,idempotency,23,2,4,3,11,0.8,0.3,5,2,1,1,5,32,406111,114190,5693580,24590,117459,81,21601,104603,89,5,1745426,0,5,15847,2167658,1614936,passed,23,2,10,2
idempotency-accuracy,1283,1284,idempotency,24,3,2,3,16,0.8,0.3,5,2,1,1,5,30,392928,107190,5345701,41819,213776,114,37695,196067,124,6,1717924,1,6,27186,2138391,3709226,passed,24,1,10,1
idempotency-accuracy,1284,1285,idempotency,22,4,3,3,21,0.8,0.3,5,2,1,1,6,77,450208,124244,6220924,432816,3713266,1612,402818,3492439,1714,13,2789897,7,13,313379,3554779,31091923,passed,22,1,19,1
idempotency-accuracy,1285,1286,idempotency,19,5,5,5,26,0.8,0.3,5,2,1,1,11,112,609138,167448,8360357,1045129,8580727,3218,946401,8027903,3329,13,4614960,2,13,746170,5971569,68152109,validation_failed,19,1,19,1
idempotency-accuracy,1286,1287,idempotency,11,4,4,3,21,0.8,0.3,5,2,1,1,1,1,360070,100000,5002550,143,213,2,146,217,0,1,331551,0,1,136,691800,1048675,passed,11,0,1,0
idempotency-accuracy,1287,1288,idempotency,10,2,4,3,11,0.8,0.3,5,2,1,1,1,1,358991,100000,4993872,79,117,1,80,119,0,1,328620,0,1,85,687736,956610,passed,10,0,1,0
idempotency-accuracy,1288,1289,idempotency,14,3,3,4,16,0.8,0.3,5,2,1,1,6,34,404351,113113,5657926,51749,345651,179,37614,264140,192,7,2015882,1,7,33740,2454363,1952100,passed,14,2,10,2
idempotency-accuracy,1289,1290,idempotency,12,3,3,2,16,0.8,0.3,5,2,1,1,5,20,377163,105862,5281662,9882,62320,7,7093,47803,77,5,1633687,0,5,6285,2017375,1240562,passed,12,2,6,2
idempotency-accuracy,1290,1291,idempotency,14,5,3,3,26,0.8,0.3,5,2,1,1,1,1,356758,100000,4989696,173,258,1,177,263,0,1,327475,0,1,139,684413,1291248,passed,14,0,1,0
idempotency-accuracy,1291,1292,idempotency,14,5,3,2,26,0.8,0.3,5,2,1,1,6,51,412260,114170,5724632,176392,698213,558,138411,550246,478,11,2246184,5,11,107309,2766324,11280634,passed,14,2,13,2
idempotency-accuracy,1292,1293,idempotency,22,2,4,4,11,0.8,0.3,5,2,1,1,3,9,361816,100437,5029051,4172,18921,10,2795,13690,24,3,990478,0,3,2902,1355313,1064684,passed,22,1,4,1
idempotency-accuracy,1293,1294,idempotency,11,5,3,3,26,0.8,0.3,5,2,1,1,5,31,373398,104424,5204997,116608,1115046,348,86451,841034,326,8,1953705,3,8,80819,2408499,4846391,passed,11,1,11,1
idempotency-accuracy,1294,1295,idempotency,20,4,2,5,21,0.8,0.3,5,2,1,1,8,87,458352,126937,6340618,972462,7150375,3240,827371,5944314,2729,13,3410185,5,13,663218,4533033,41009545,validation_failed,20,1,19,1
idempotency-accuracy,1295,1296,idempotency,22,4,4,4,21,0.8,0.3,5,2,1,1,5,39,362359,101256,5062231,693740,5719145,2021,642274,5464168,2151,12,2619757,7,12,482622,3465931,43568492,passed,22,2,21,2
idempotency-accuracy,1296,1297,idempotency,15,5,5,5,26,0.8,0.3,5,2,1,1,1,1,357065,100000,4986353,281,420,0,285,425,0,1,325805,0,1,201,683103,1416091,passed,15,0,1,0
idempotency-accuracy,1297,1298,idempotency,21,4,2,5,21,0.8,0.3,5,2,1,1,7,99,576908,154308,7720055,1053342,7012907,2645,809478,5431151,2702,14,3123843,7,14,659067,4361185,32335518,passed,21,1,19,1
idempotency-accuracy,1298,1299,idempotency,19,3,2,3,16,0.8,0.3,5,2,1,1,9,61,773764,216210,10787473,83461,451128,281,60855,337496,189,9,2973344,0,9,51037,3798640,3438522,passed,19,3,11,3
idempotency-accuracy,1299,1300,idempotency,22,3,3,3,16,0.8,0.3,5,2,1,1,1,1,354496,100000,4987545,109,162,3,111,165,0,1,325274,0,1,126,679936,1101235,passed,22,0,1,0
idempotency-accuracy,1300,1301,idempotency,11,4,2,3,21,0.8,0.3,5,2,1,1,2,11,356190,100334,5004265,36504,331600,153,25967,241694,132,5,726954,3,5,28224,1111758,2574074,passed,11,2,9,2
idempotency-accuracy,1301,1302,idempotency,20,3,5,2,16,0.8,0.3,5,2,1,1,12,126,496153,138843,6952809,197962,1151004,509,183737,1084102,649,12,4621611,0,12,131205,5249952,7535643,passed,20,1,18,1
idempotency-accuracy,1302,1303,idempotency,10,4,5,2,21,0.8,0.3,5,2,1,1,1,1,355966,100000,4992358,103,153,1,106,157,0,1,331088,0,1,124,687214,1049413,passed,10,0,1,0
idempotency-accuracy,1303,1304,idempotency,14,5,2,2,26,0.8,0.3,5,2,1,1,1,1,360903,100000,5007966,119,177,1,123,182,0,1,328685,0,1,118,689744,1274143,passed,14,0,1,0
idempotency-accuracy,1304,1305,idempotency,18,5,5,5,26,0.8,0.3,5,2,1,1,3,27,363940,102150,5106138,332846,1549601,1032,267111,1258502,854,7,1429862,4,7,212019,2006290,31693073,passed,18,1,14,1
idempotency-accuracy,1305,1306,idempotency,20,2,2,4,11,0.8,0.3,5,2,1,1,1,1,373099,100000,5004269,97,144,4,98,146,0,1,325413,0,1,140,698691,990601,passed,20,0,1,0
idempotency-accuracy,1306,1307,idempotency,16,3,4,4,16,0.8,0.3,5,2,1,1,1,1,354415,100000,4993260,143,213,1,145,216,0,1,327807,0,1,137,682401,1030639,passed,16,0,1,0
idempotency-accuracy,1307,1308,idempotency,19,2,5,4,11,0.8,0.3,5,2,1,1,1,1,359920,100000,4992668,103,153,0,104,155,0,1,329950,0,1,98,690004,984426,passed,19,0,1,0
idempotency-accuracy,1308,1309,idempotency,14,4,4,2,21,0.8,0.3,5,2,1,1,1,1,356192,100000,4981503,101,150,2,104,154,0,1,327447,0,1,120,683796,1107404,passed,14,0,1,0
idempotency-accuracy,1309,1310,idempotency,16,2,2,3,11,0.8,0.3,5,2,1,1,3,11,379869,107712,5396809,4555,19772,15,4017,18042,1,3,1002338,0,3,3019,1385353,1043679,passed,16,2,5,1
idempotency-accuracy,1310,1311,idempotency,22,3,4,5,16,0.8,0.3,5,2,1,1,4,49,400955,112290,5615222,536445,2681069,1476,395236,2039075,1062,11,2179598,7,11,330068,2911543,15143080,validation_failed,22,2,20,2
idempotency-accuracy,1311,1312,idempotency,11,5,4,3,26,0.8,0.3,5,2,1,1,5,44,375153,104038,5195934,124848,596202,386,99162,469306,426,7,2020887,2,7,84383,2480975,6231998,passed,11,1,12,1
idempotency-accuracy,1312,1313,idempotency,19,5,2,4,26,0.8,0.3,5,2,1,1,1,1,370231,100000,5005533,223,333,1,227,338,0,1,334871,0,1,165,705321,1635477,passed,19,0,1,0
idempotency-accuracy,1313,1314,idempotency,22,3,5,5,16,0.8,0.3,5,2,1,1,1,1,364251,100000,5000328,177,264,1,179,267,0,1,331688,0,1,146,696124,1125516,passed,22,0,1,0
idempotency-accuracy,1314,1315,idempotency,10,5,4,4,26,0.8,0.3,5,2,1,1,1,1,359492,100000,5002629,227,339,2,231,344,0,1,332420,0,1,173,692123,1143006,passed,10,0,1,0
idempotency-accuracy,1315,1316,idempotency,21,4,2,4,21,0.8,0.3,5,2,1,1,7,78,407864,113580,5657900,895949,6239825,2977,722148,5153281,2480,16,3458855,9,16,589046,4458799,34443096,passed,21,1,22,1
idempotency-accuracy,1316,1317,idempotency,15,2,3,4,11,0.8,0.3,5,2,1,1,1,1,373644,100000,5011441,99,147,2,100,149,0,1,333991,0,1,109,707784,967011,passed,15,0,1,0
idempotency-accuracy,1317,1318,idempotency,17,4,4,3,21,0.8,0.3,5,2,1,1,8,86,416121,113786,5687682,303522,2431158,831,273763,2229939,1106,11,3406913,3,11,212032,4036022,14289105,passed,17,2,17,2
idempotency-accuracy,1318,1319,idempotency,21,4,5,2,21,0.8,0.3,5,2,1,1,10,128,813599,223294,11169177,455674,3677589,1550,382875,3017661,1364,13,4220741,3,13,317683,5353546,28050506,passed,21,2,19,2
idempotency-accuracy,1319,1320,idempotency,14,2,3,5,11,0.8,0.3,5,2,1,1,1,1,365421,100000,4993324,121,180,1,122,182,0,1,329557,0,1,110,695133,995542,passed,14,0,1,0
idempotency-accuracy,1320,1321,idempotency,12,4,2,3,21,0.8,0.3,5,2,1,1,8,46,390863,106723,5338053,77502,568874,242,59200,449927,186,8,2654694,0,8,50701,3096682,2533410,passed,12,1,10,1
idempotency-accuracy,1321,1322,idempotency,24,2,3,2,11,0.8,0.3,5,2,1,1,12,110,811987,216493,10834098,106790,605098,447,90783,536512,356,12,4430309,0,12,74347,5317714,2900890,passed,24,3,16,3
idempotency-accuracy,1322,1323,idempotency,17,5,3,4,26,0.8,0.3,5,2,1,1,9,64,410128,112471,5630597,239473,1634878,803,178926,1259237,744,9,3212709,0,9,156437,3779918,17669185,passed,17,2,13,2
idempotency-accuracy,1323,1324,idempotency,20,3,5,4,16,0.8,0.3,5,2,1,1,1,1,353695,100000,4985871,145,216,1,147,219,0,1,336179,0,1,119,690039,1074156,passed,20,0,1,0
idempotency-accuracy,1324,1325,idempotency,11,4,2,4,21,0.8,0.3,5,2,1,1,4,30,373537,105195,5253017,110362,803556,432,88049,587207,248,7,1449902,3,7,71545,1895401,2981999,validation_failed,11,1,11,1
idempotency-accuracy,1325,1326,idempotency,15,3,3,3,16,0.8,0.3,5,2,1,1,6,50,490229,137154,6842599,134272,1246588,446,113077,996368,342,9,2197768,3,9,96468,2785186,2883395,validation_failed,15,1,13,1
idempotency-accuracy,1326,1327,idempotency,21,5,2,5,26,0.8,0.3,5,2,1,1,4,65,810616,223424,11177071,1205466,8606907,3456,1020073,7278304,3694,12,2949220,8,12,832443,4593506,138352427,passed,21,1,22,1
idempotency-accuracy,1327,1328,idempotency,19,3,2,4,16,0.8,0.3,5,2,1,1,1,1,358414,100000,4990648,139,207,2,141,210,0,1,327248,0,1,134,685836,1072924,passed,19,0,1,0
idempotency-accuracy,1328,1329,idempotency,13,2,3,5,11,0.8,0.3,5,2,1,1,6,36,420936,111921,5597405,41091,252430,108,35418,221140,91,6,2082969,0,6,27022,2531323,1182178,passed,13,2,11,2
idempotency-accuracy,1329,1330,idempotency,18,5,4,3,26,0.8,0.3,5,2,1,1,1,1,361585,100000,4996394,175,261,0,179,266,0,1,327402,0,1,142,689164,1551905,passed,18,0,1,0
idempotency-accuracy,1330,1331,idempotency,21,2,4,3,11,0.8,0.3,5,2,1,1,5,28,358193,100660,5042798,34122,160777,118,25254,121407,120,7,1726436,2,7,20578,2105497,1621701,passed,21,1,10,1
idempotency-accuracy,1331,1332,idempotency,14,2,3,4,11,0.8,0.3,5,2,1,1,4,14,454582,125795,6296790,7705,45298,1,5187,31074,35,4,1325280,0,4,4893,1784954,1094976,passed,14,1,5,1
idempotency-accuracy,1332,1333,idempotency,20,3,4,3,16,0.8,0.3,5,2,1,1,10,127,667396,180098,8992561,381929,2447888,1188,360134,2330969,1345,13,4224630,3,13,271160,5164493,9295607,passed,20,1,20,1
idempotency-accuracy,1333,1334,idempotency,12,5,4,2,26,0.8,0.3,5,2,1,1,1,1,361443,100000,5006235,123,183,1,127,188,0,1,328237,0,1,107,689824,1219858,passed,12,0,1,0
idempotency-accuracy,1334,1335,idempotency,18,4,4,2,21,0.8,0.3,5,2,1,1,7,73,414262,113746,5665320,187259,1706282,668,172151,1578757,764,11,3186270,4,11,137049,3738887,10662707,passed,18,1,17,1
idempotency-accuracy,1335,1336,idempotency,16,3,2,5,16,0.8,0.3,5,2,1,1,1,1,355534,100000,4979753,171,255,0,173,258,0,1,328349,0,1,143,684065,1044014,passed,16,0,1,0
idempotency-accuracy,1336,1337,idempotency,20,3,2,2,16,0.8,0.3,5,2,1,1,4,28,358964,101115,5058950,175244,867039,595,143341,737335,643,12,1760986,8,12,125567,2246382,5552717,passed,20,2,16,2
idempotency-accuracy,1337,1338,idempotency,18,4,2,2,21,0.8,0.3,5,2,1,1,1,1,393728,100000,4994489,97,144,2,100,148,0,1,374241,0,1,146,768165,1232918,passed,18,0,1,0
idempotency-accuracy,1338,1339,idempotency,15,3,2,5,16,0.8,0.3,5,2,1,1,3,16,387892,108011,5405306,68258,367899,239,59931,325021,185,6,1036599,3,6,45289,1470137,2294615,validation_failed,15,1,9,1
idempotency-accuracy,1339,1340,idempotency,23,4,5,4,21,0.8,0.3,5,2,1,1,9,114,528769,148526,7422802,541604,4460026,1515,478102,3998835,2016,12,3844023,3,12,379823,4753672,48012173,validation_failed,23,3,21,3
idempotency-accuracy,1340,1341,idempotency,18,4,5,4,21,0.8,0.3,5,2,1,1,9,70,666953,183294,9180716,247054,1290549,787,216006,1145688,613,11,3293225,2,11,164327,4125296,10120060,passed,18,1,12,1
idempotency-accuracy,1341,1342,idempotency,24,2,3,4,11,0.8,0.3,5,2,1,1,5,50,402569,113237,5659784,156540,957604,503,127623,768208,363,10,2102423,5,10,99972,2605615,3201089,validation_failed,24,1,15,1
idempotency-accuracy,1342,1343,idempotency,20,5,5,2,26,0.8,0.3,5,2,1,1,9,76,735413,206082,10308491,133945,679491,439,122849,628614,392,9,3336459,0,9,86799,4159325,22100949,passed,20,1,13,1
idempotency-accuracy,1343,1344,idempotency,16,5,2,3,26,0.8,0.3,5,2,1,1,8,75,499571,139851,6986497,338761,2269001,897,275787,1773867,932,12,3169212,4,12,221803,3891525,16592123,passed,16,1,15,1
idempotency-accuracy,1344,1345,idempotency,13,4,4,3,21,0.8,0.3,5,2,1,1,5,23,377672,104857,5239892,27383,191444,61,19281,139925,50,5,1647819,0,5,17581,2043346,2565820,passed,13,1,7,1
idempotency-accuracy,1345,1346,idempotency,11,3,3,4,16,0.8,0.3,5,2,1,1,1,1,372552,100000,5006423,141,210,0,143,213,0,1,330103,0,1,145,702840,983548,passed,11,0,1,0
idempotency-accuracy,1346,1347,idempotency,21,4,5,3,21,0.8,0.3,5,2,1,1,9,65,550967,154390,7718918,165399,1242805,554,139005,1033450,563,10,3209016,1,10,114450,3875137,13196568,passed,21,3,12,3
idempotency-accuracy,1347,1348,idempotency,15,2,5,3,11,0.8,0.3,5,2,1,1,1,1,355447,100000,5008675,81,120,2,82,122,0,1,333333,0,1,117,688933,969101,passed,15,0,1,0
idempotency-accuracy,1348,1349,idempotency,24,4,3,2,21,0.8,0.3,5,2,1,1,6,87,584132,162325,8125428,359648,2325466,1148,315334,2084250,919,11,2955083,5,11,237947,3778218,56966876,passed,24,3,25,3
idempotency-accuracy,1349,1350,idempotency,22,5,2,2,26,0.8,0.3,5,2,1,1,13,104,689211,193545,9674898,299706,3189274,1011,243046,2627264,858,13,4628988,0,13,217869,5537285,51006159,validation_failed,22,1,14,1
idempotency-accuracy,1350,1351,idempotency,24,2,2,3,11,0.8,0.3,5,2,1,1,9,86,402393,104523,5227935,210883,2136956,644,191544,1954616,833,12,3596288,3,12,161357,4161389,2837635,passed,24,1,18,1
idempotency-accuracy,1351,1352,idempotency,14,4,5,2,21,0.8,0.3,5,2,1,1,1,1,364881,100000,4988835,103,153,2,106,157,0,1,334483,0,1,102,699506,1096769,passed,14,0,1,0
idempotency-accuracy,1352,1353,idempotency,22,4,4,3,21,0.8,0.3,5,2,1,1,1,1,379275,100000,5014512,143,213,1,146,217,0,1,329964,0,1,151,709439,1404948,passed,22,0,1,0
idempotency-accuracy,1353,1354,idempotency,19,4,2,5,21,0.8,0.3,5,2,1,1,4,56,386609,105060,5249975,683634,3428971,2198,524129,2635596,1619,11,2175352,7,11,419400,2982564,27783464,passed,19,1,19,1
idempotency-accuracy,1354,1355,idempotency,20,2,5,5,11,0.8,0.3,5,2,1,1,1,1,359516,100000,5000560,125,186,0,126,188,0,1,327604,0,1,144,687302,997535,passed,20,0,1,0
idempotency-accuracy,1355,1356,idempotency,23,4,3,4,21,0.8,0.3,5,2,1,1,7,69,453236,126562,6329417,287425,1903587,1032,233048,1508262,823,10,2692924,3,10,186311,3333239,22297217,passed,23,1,14,1
idempotency-accuracy,1356,1357,idempotency,22,4,5,5,21,0.8,0.3,5,2,1,1,8,65,595776,162321,8112010,286477,1620616,895,241380,1392343,921,10,3022480,2,10,191651,3810604,24357881,passed,22,1,13,1
idempotency-accuracy,1357,1358,idempotency,12,3,3,2,16,0.8,0.3,5,2,1,1,6,42,837094,225232,11287202,42507,210718,153,35937,184875,148,6,2120929,0,6,28489,2986918,1607711,validation_failed,12,1,11,1
idempotency-accuracy,1358,1359,idempotency,21,2,3,4,11,0.8,0.3,5,2,1,1,5,41,501135,138519,6926440,157359,2156668,595,142181,1992183,710,11,2007206,6,11,125573,2635056,2227105,passed,21,1,15,1
idempotency-accuracy,1359,1360,idempotency,15,3,5,4,16,0.8,0.3,5,2,1,1,5,34,703689,189113,9455330,60357,287934,166,51431,254031,127,6,1783186,1,6,38606,2525856,2202586,passed,15,2,10,2
idempotency-accuracy,1360,1361,idempotency,22,3,5,3,16,0.8,0.3,5,2,1,1,7,74,411869,115258,5748814,410897,2859259,1363,328524,2172920,1031,11,3012544,4,11,268700,3694286,13008536,passed,22,2,19,2
idempotency-accuracy,1361,1362,idempotency,13,5,2,4,26,0.8,0.3,5,2,1,1,4,28,644392,172632,8644412,88572,412712,241,72063,340631,189,6,1356781,2,6,55021,2056500,5887173,validation_failed,13,2,10,2
idempotency-accuracy,1362,1363,idempotency,21,2,2,3,11,0.8,0.3,5,2,1,1,6,37,396909,109269,5460240,32263,153955,73,23798,116738,92,7,2047897,1,7,19567,2464681,1760887,passed,21,2,10,2
idempotency-accuracy,1363,1364,idempotency,18,3,5,2,16,0.8,0.3,5,2,1,1,10,93,683371,188207,9413840,226854,2089446,570,177379,1673885,611,12,4096013,2,12,155346,4936007,5068887,passed,18,2,16,2
idempotency-accuracy,1364,1365,idempotency,10,5,5,3,26,0.8,0.3,5,2,1,1,5,37,363491,102205,5103682,101072,378777,306,92585,351500,338,6,1812757,1,6,63286,2239863,4775137,passed,10,1,11,1
idempotency-accuracy,1365,1366,idempotency,14,3,2,2,16,0.8,0.3,5,2,1,1,7,56,608338,169377,8457120,56122,239317,164,45258,199159,136,7,2534163,0,7,33829,3176745,1892235,passed,14,3,12,3
idempotency-accuracy,1366,1367,idempotency,15,2,4,2,11,0.8,0.3,5,2,1,1,6,44,455889,127301,6348896,44010,201184,103,40232,184704,186,8,2176458,2,8,28314,2661152,1373186,validation_failed,15,1,12,1
idempotency-accuracy,1367,1368,idempotency,18,2,2,2,11,0.8,0.3,5,2,1,1,4,19,364738,101727,5085933,14164,148066,70,10504,108488,59,6,1398309,2,6,10528,1774095,1171429,passed,18,1,8,1
idempotency-accuracy,1368,1369,idempotency,16,4,2,4,21,0.8,0.3,5,2,1,1,6,51,616235,169927,8488440,169850,837420,729,146753,698854,458,8,2162272,2,8,107817,2887940,7179882,passed,16,1,12,1
idempotency-accuracy,1369,1370,idempotency,22,5,4,4,26,0.8,0.3,5,2,1,1,4,27,378322,106586,5318385,155815,1495485,1364,141808,1419668,1586,8,1582044,4,8,113844,2074900,23142080,passed,22,1,11,1
idempotency-accuracy,1370,1371,idempotency,17,2,4,3,11,0.8,0.3,5,2,1,1,1,1,360409,100000,4992382,79,117,1,80,119,0,1,334794,0,1,103,695353,984603,passed,17,0,1,0
idempotency-accuracy,1371,1372,idempotency,23,2,3,4,11,0.8,0.3,5,2,1,1,11,113,704974,196733,9825850,293687,2470735,1107,231489,2017935,767,12,4081926,1,12,200238,4988234,4145239,passed,23,2,18,2
idempotency-accuracy,1372,1373,idempotency,20,5,2,4,26,0.8,0.3,5,2,1,1,5,53,671256,186243,9307814,357228,1614772,1124,329095,1505667,984,9,2095477,4,9,228985,2996288,52994259,passed,20,1,16,1
idempotency-accuracy,1373,1374,idempotency,13,5,2,2,26,0.8,0.3,5,2,1,1,1,1,367278,100000,4989001,119,177,2,123,182,0,1,339537,0,1,120,706975,1274314,passed,13,0,1,0
idempotency-accuracy,1374,1375,idempotency,16,5,2,3,26,0.8,0.3,5,2,1,1,1,1,368646,100000,4994752,171,255,2,175,260,0,1,341568,0,1,160,710425,1484812,passed,16,0,1,0
idempotency-accuracy,1375,1376,idempotency,22,4,4,2,21,0.8,0.3,5,2,1,1,6,88,845775,228280,11412684,375794,2041231,2001,348358,1906130,2133,12,3044302,6,12,254356,4145673,34257280,passed,22,1,22,1
idempotency-accuracy,1376,1377,idempotency,13,2,2,2,11,0.8,0.3,5,2,1,1,5,24,363617,101546,5076922,20379,115938,114,15984,81319,59,6,1687403,1,6,13255,2064801,1091961,passed,13,1,8,1
idempotency-accuracy,1377,1378,idempotency,10,3,5,4,16,0.8,0.3,5,2,1,1,4,29,369176,103073,5158714,75129,536917,252,55113,416162,163,7,1419374,3,7,48563,1837490,1493903,passed,10,3,10,3
idempotency-accuracy,1378,1379,idempotency,17,2,4,2,11,0.8,0.3,5,2,1,1,1,2,354263,100000,4990360,212,421,1,114,248,0,1,329419,0,1,139,683862,982994,passed,17,1,2,1
idempotency-accuracy,1379,1380,idempotency,11,4,3,4,21,0.8,0.3,5,2,1,1,1,1,357020,100000,5015869,183,273,2,186,277,0,1,325772,0,1,160,682995,1081707,passed,11,0,1,0
idempotency-accuracy,1380,1381,idempotency,20,4,3,3,21,0.8,0.3,5,2,1,1,3,37,361353,102171,5112572,280395,2110166,703,261407,1987046,748,10,1636750,7,10,193976,2193248,19548508,passed,20,1,18,1
idempotency-accuracy,1381,1382,idempotency,12,5,4,2,26,0.8,0.3,5,2,1,1,1,1,367440,100000,4990193,123,183,2,127,188,0,1,339456,0,1,186,707125,1218000,passed,12,0,1,0
idempotency-accuracy,1382,1383,idempotency,16,4,3,3,21,0.8,0.3,5,2,1,1,6,46,774278,214210,10710326,93608,449256,291,78535,381386,207,7,2088598,1,7,59627,2922958,5368473,passed,16,1,11,1
idempotency-accuracy,1383,1384,idempotency,17,5,5,4,26,0.8,0.3,5,2,1,1,9,71,555004,155078,7761599,245259,5521305,1313,194633,3515601,1106,9,3352077,0,9,223157,4130955,18678416,validation_failed,17,2,13,2
idempotency-accuracy,1384,1385,idempotency,17,5,4,5,26,0.8,0.3,5,2,1,1,3,28,410594,114679,5735948,269582,1483695,800,223440,1216924,739,8,1323649,5,8,173617,1908375,19064261,passed,17,1,13,1
idempotency-accuracy,1385,1386,idempotency,18,5,3,5,26,0.8,0.3,5,2,1,1,7,86,375914,104097,5193200,715041,2732809,1843,568413,2187329,1495,11,3022042,4,11,430695,3829267,49328799,passed,18,4,19,4
idempotency-accuracy,1386,1387,idempotency,22,3,4,2,16,0.8,0.3,5,2,1,1,7,91,577022,162041,8116752,204200,1321661,628,192829,1260250,705,11,2955596,4,11,136884,3670681,9695404,validation_failed,22,1,20,1
idempotency-accuracy,1387,1388,idempotency,11,5,2,5,26,0.8,0.3,5,2,1,1,6,46,406952,113565,5670401,214447,1329815,879,180258,1126127,582,8,2028009,2,8,140218,2575858,6398240,passed,11,1,11,1
idempotency-accuracy,1388,1389,idempotency,18,4,2,2,21,0.8,0.3,5,2,1,1,5,43,733173,194675,9748843,87897,408630,326,82184,387376,451,7,1830805,2,7,61689,2626132,8133757,validation_failed,18,1,13,1
idempotency-accuracy,1389,1390,idempotency,12,5,4,3,26,0.8,0.3,5,2,1,1,6,42,438808,121295,6075916,269524,1133065,826,235816,990583,650,9,2384994,3,9,168060,2993047,8348773,passed,12,1,13,1
idempotency-accuracy,1390,1391,idempotency,14,4,5,4,21,0.8,0.3,5,2,1,1,1,1,355464,100000,5001142,187,279,2,190,283,21,1,325641,0,1,167,681311,1096695,passed,14,0,1,0
idempotency-accuracy,1391,1392,idempotency,12,4,3,5,21,0.8,0.3,5,2,1,1,6,44,362532,101759,5086593,223103,992749,691,178348,804402,490,9,2250200,3,9,135162,2748426,4935618,passed,12,2,12,2
idempotency-accuracy,1392,1393,idempotency,15,5,3,5,26,0.8,0.3,5,2,1,1,5,40,375921,104914,5236110,226645,1446651,537,189901,1210835,601,9,1859956,4,9,147957,2384610,10489804,validation_failed,15,2,11,2
idempotency-accuracy,1393,1394,idempotency,11,2,4,3,11,0.8,0.3,5,2,1,1,1,1,366214,100000,5014930,79,117,2,80,119,0,1,329467,0,1,85,695826,981802,passed,11,0,1,0
idempotency-accuracy,1394,1395,idempotency,17,2,5,5,11,0.8,0.3,5,2,1,1,1,1,358423,100000,5002768,125,186,2,126,188,0,1,333351,0,1,114,691930,994108,passed,17,0,1,0
idempotency-accuracy,1395,1396,idempotency,19,4,3,3,21,0.8,0.3,5,2,1,1,1,1,355193,100000,4990894,141,210,1,144,214,0,1,326442,0,1,117,681796,1256036,passed,19,0,1,0
idempotency-accuracy,1396,1397,idempotency,12,3,3,5,16,0.8,0.3,5,2,1,1,1,1,372450,100000,5007545,173,258,0,175,261,0,1,331008,0,1,136,703641,1022098,passed,12,0,1,0
idempotency-accuracy,1397,1398,idempotency,23,5,3,4,26,0.8,0.3,5,2,1,1,1,1,372779,100000,5003382,225,336,1,229,341,0,1,335279,0,1,179,708279,2117187,passed,23,0,1,0
idempotency-accuracy,1398,1399,idempotency,16,5,3,3,26,0.8,0.3,5,2,1,1,6,64,429435,120223,6022400,313385,1577754,870,290288,1486385,888,10,2682799,4,10,208978,3321953,21898843,passed,16,1,17,1
idempotency-accuracy,1399,1400,idempotency,15,3,3,5,16,0.8,0.3,5,2,1,1,4,19,396888,110754,5533904,21615,72360,56,17815,62270,48,4,1329167,0,4,13396,1739647,1545878,passed,15,2,7,2
idempotency-accuracy,1400,1401,idempotency,12,5,4,3,26,0.8,0.3,5,2,1,1,1,1,363401,100000,4994836,175,261,22,179,266,0,1,333119,0,1,162,696718,1244753,passed,12,0,1,0
idempotency-accuracy,1401,1402,idempotency,22,5,5,3,26,0.8,0.3,5,2,1,1,7,97,563149,157635,7856435,561298,3523833,1591,529710,3353708,1950,12,3499416,5,12,387767,4451798,69793748,passed,22,1,21,1
idempotency-accuracy,1402,1403,idempotency,16,2,2,4,11,0.8,0.3,5,2,1,1,3,10,375212,100302,5020717,4299,37411,36,2839,27147,25,3,1018853,0,3,2989,1397216,1121463,passed,16,1,5,1
idempotency-accuracy,1403,1404,idempotency,12,2,5,5,11,0.8,0.3,5,2,1,1,5,27,391515,108610,5428278,44449,166401,167,41785,154775,128,6,1772920,1,6,28922,2193763,1214492,passed,12,1,10,1
idempotency-accuracy,1404,1405,idempotency,16,2,4,5,11,0.8,0.3,5,2,1,1,1,1,363302,100000,5002071,123,183,8,124,185,0,1,325359,0,1,118,688819,992137,passed,16,0,1,0
idempotency-accuracy,1405,1406,idempotency,10,3,3,4,16,0.8,0.3,5,2,1,1,5,27,367547,101866,5105249,41445,255638,95,34207,218024,105,5,1654707,0,5,26934,2049505,1451690,passed,10,1,9,1
idempotency-accuracy,1406,1407,idempotency,18,5,4,5,26,0.8,0.3,5,2,1,1,3,31,384533,108065,5415856,363607,1866148,1007,267997,1385314,861,8,1430469,5,8,223234,2038751,40352880,passed,18,3,16,3
idempotency-accuracy,1407,1408,idempotency,19,5,5,2,26,0.8,0.3,5,2,1,1,1,1,353866,100000,4989213,125,186,1,129,191,0,1,326482,0,1,112,680499,1636728,passed,19,0,1,0
idempotency-accuracy,1408,1409,idempotency,15,4,5,2,21,0.8,0.3,5,2,1,1,6,51,471710,131996,6589492,102654,655480,398,97304,633319,494,8,2355741,2,8,72650,2900751,5793994,passed,15,1,12,1
idempotency-accuracy,1409,1410,idempotency,21,4,5,4,21,0.8,0.3,5,2,1,1,7,101,499189,136574,6820845,638610,2974922,1446,499249,2299709,1829,11,3288332,4,11,391560,4180245,41084542,passed,21,2,20,2
idempotency-accuracy,1410,1411,idempotency,13,5,2,4,26,0.8,0.3,5,2,1,1,1,1,367229,100000,5002002,223,333,2,227,338,0,1,328522,0,1,189,695983,1256834,passed,13,0,1,0
idempotency-accuracy,1411,1412,idempotency,19,3,4,2,16,0.8,0.3,5,2,1,1,1,1,364508,100000,5020598,79,117,1,81,120,0,1,327304,0,1,80,691944,1056544,passed,19,0,1,0
idempotency-accuracy,1412,1413,idempotency,18,5,5,4,26,0.8,0.3,5,2,1,1,6,40,412672,112800,5644646,176688,777848,539,132117,589735,506,8,2127648,2,8,106722,2647459,23202653,validation_failed,18,2,12,2
idempotency-accuracy,1413,1414,idempotency,17,4,2,3,21,0.8,0.3,5,2,1,1,5,43,454177,127109,6368642,126258,656406,326,110866,587054,383,8,1880837,3,8,81289,2416820,8045170,passed,17,2,13,2
idempotency-accuracy,1414,1415,idempotency,15,2,2,4,11,0.8,0.3,5,2,1,1,1,1,361509,100000,4983749,97,144,0,98,146,0,1,340643,0,1,104,702300,997730,passed,15,0,1,0
idempotency-accuracy,1415,1416,idempotency,17,3,3,5,16,0.8,0.3,5,2,1,1,1,1,367518,100000,4994675,173,258,1,175,261,0,1,331869,0,1,187,699618,1084916,passed,17,0,1,0
idempotency-accuracy,1416,1417,idempotency,17,4,3,3,21,0.8,0.3,5,2,1,1,1,1,358614,100000,5003961,141,210,2,144,214,0,1,330663,0,1,127,689448,1198712,passed,17,0,1,0
idempotency-accuracy,1417,1418,idempotency,24,5,2,4,26,0.8,0.3,5,2,1,1,3,41,373117,103718,5176277,864058,5990435,2931,756771,5344475,2660,12,2154817,9,12,600966,3130081,149327110,passed,24,1,21,1
idempotency-accuracy,1418,1419,idempotency,17,4,4,4,21,0.8,0.3,5,2,1,1,6,56,476816,131860,6585221,253443,1539218,732,233433,1440848,621,10,2409522,4,10,167001,3053968,10938751,passed,17,1,15,1
idempotency-accuracy,1419,1420,idempotency,18,2,4,5,11,0.8,0.3,5,2,1,1,6,36,778052,217566,10887661,56794,360390,180,49342,311141,207,7,2054779,1,7,38396,2871694,1316608,validation_failed,18,1,9,1
idempotency-accuracy,1420,1421,idempotency,13,4,5,4,21,0.8,0.3,5,2,1,1,7,49,639227,179776,9007260,143638,799769,381,127188,699263,537,8,2520020,1,8,96699,3256436,4080622,passed,13,1,11,1
idempotency-accuracy,1421,1422,idempotency,19,5,3,3,26,0.8,0.3,5,2,1,1,1,1,355461,100000,5007374,173,258,3,177,263,0,1,329562,0,1,167,685230,1698182,passed,19,0,1,0
idempotency-accuracy,1422,1423,idempotency,19,4,3,3,21,0.8,0.3,5,2,1,1,8,44,576799,159079,7960196,83943,512765,267,64296,395159,198,8,2724291,0,8,52210,3353858,5787478,passed,19,1,9,1
idempotency-accuracy,1423,1424,idempotency,16,4,2,4,21,0.8,0.3,5,2,1,1,1,1,368115,100000,4996264,181,270,0,184,274,0,1,332810,0,1,145,701114,1251700,passed,16,0,1,0
idempotency-accuracy,1424,1425,idempotency,13,3,4,3,16,0.8,0.3,5,2,1,1,1,1,362767,100000,5000454,111,165,1,113,168,0,1,339511,0,1,103,702421,1053650,passed,13,0,1,0
idempotency-accuracy,1425,1426,idempotency,14,3,4,3,16,0.8,0.3,5,2,1,1,8,52,743819,193556,9685502,104741,753776,716,88110,651987,862,9,3014488,1,9,74270,3833493,2614683,passed,14,2,12,2
idempotency-accuracy,1426,1427,idempotency,15,4,3,3,21,0.8,0.3,5,2,1,1,1,1,358300,100000,4988400,141,210,1,144,214,0,1,327119,0,1,131,685591,1182180,passed,15,0,1,0
idempotency-accuracy,1427,1428,idempotency,14,4,3,4,21,0.8,0.3,5,2,1,1,4,18,365887,102390,5121877,38570,137718,78,30221,108514,121,5,1324205,1,5,23459,1713755,2355744,passed,14,1,7,1
idempotency-accuracy,1428,1429,idempotency,22,4,2,5,21,0.8,0.3,5,2,1,1,5,34,381010,104493,5234464,154241,1528510,901,112574,1151500,576,7,1741887,2,7,110416,2233737,16757110,validation_failed,22,3,11,3
idempotency-accuracy,1429,1430,idempotency,23,2,5,3,11,0.8,0.3,5,2,1,1,12,129,803906,224789,11241423,208536,1680070,627,192957,1582352,771,12,4514664,0,12,145868,5465593,3358379,passed,23,1,18,1
idempotency-accuracy,1430,1431,idempotency,21,2,5,2,11,0.8,0.3,5,2,1,1,1,1,355871,100000,5004559,59,87,1,60,89,0,1,326392,0,1,77,682379,1001070,passed,21,0,1,0
idempotency-accuracy,1431,1432,idempotency,22,4,5,5,21,0.8,0.3,5,2,1,1,14,129,777175,215610,10803922,841799,4819765,2392,688203,3952169,2807,14,5125927,0,14,559619,6464159,34914598,validation_failed,22,1,17,1
idempotency-accuracy,1432,1433,idempotency,14,2,4,5,11,0.8,0.3,5,2,1,1,1,1,366847,100000,4998087,123,183,0,124,185,0,1,338644,0,1,151,705684,981129,passed,14,0,1,0
idempotency-accuracy,1433,1434,idempotency,16,3,5,2,16,0.8,0.3,5,2,1,1,6,36,452506,123684,6192011,33616,163808,232,30208,150065,234,7,2130086,1,7,22793,2605838,1886517,passed,16,1,9,1
idempotency-accuracy,1434,1435,idempotency,19,5,4,2,26,0.8,0.3,5,2,1,1,5,56,470757,121214,6068840,250435,1307792,1331,210921,1109849,1310,10,2459291,5,10,165480,3096807,37280527,passed,19,1,16,1
idempotency-accuracy,1435,1436,idempotency,24,5,2,4,26,0.8,0.3,5,2,1,1,1,1,395260,100000,4990566,223,333,3,227,338,0,1,378640,0,1,182,774133,2226804,passed,24,0,1,0
idempotency-accuracy,1436,1437,idempotency,20,5,2,2,26,0.8,0.3,5,2,1,1,4,25,383174,101653,5079663,171101,1043690,418,130599,790397,535,9,1826329,5,9,114149,2324415,22113945,passed,20,1,14,1
idempotency-accuracy,1437,1438,idempotency,21,4,2,3,21,0.8,0.3,5,2,1,1,1,1,360006,100000,4999517,139,207,0,142,211,0,1,329043,0,1,118,689218,1353731,passed,21,0,1,0
idempotency-accuracy,1438,1439,idempotency,23,2,5,3,11,0.8,0.3,5,2,1,1,7,45,398510,109637,5498833,44865,349435,218,35696,272290,288,8,2468819,1,8,31026,2898865,1634682,passed,23,1,10,1
idempotency-accuracy,1439,1440,idempotency,22,5,2,5,26,0.8,0.3,5,2,1,1,5,50,424955,118147,5912901,880575,5954733,2891,815996,5552647,2964,15,2629691,10,15,630046,3686314,69741306,validation_failed,22,1,17,1
idempotency-accuracy,1440,1441,idempotency,19,3,4,4,16,0.8,0.3,5,2,1,1,1,1,361599,100000,5002752,143,213,1,145,216,0,1,329829,0,1,122,691592,1102083,passed,19,0,1,0
idempotency-accuracy,1441,1442,idempotency,24,4,5,5,21,0.8,0.3,5,2,1,1,1,1,363939,100000,5001474,229,342,2,232,346,25,1,334573,0,1,225,698778,1495145,passed,24,0,1,0
idempotency-accuracy,1442,1443,idempotency,22,4,2,3,21,0.8,0.3,5,2,1,1,1,1,356227,100000,4999770,139,207,2,142,211,0,1,326213,0,1,167,682660,1386744,passed,22,0,1,0
idempotency-accuracy,1443,1444,idempotency,11,5,2,4,26,0.8,0.3,5,2,1,1,6,46,446316,123643,6174629,160504,684517,516,142174,603800,681,7,2091075,1,7,107500,2645332,5885866,passed,11,1,11,1
idempotency-accuracy,1444,1445,idempotency,19,2,2,2,11,0.8,0.3,5,2,1,1,1,1,361105,100000,4996944,53,78,0,54,80,0,1,329844,0,1,103,691091,1003962,passed,19,0,1,0
idempotency-accuracy,1445,1446,idempotency,15,3,3,3,16,0.8,0.3,5,2,1,1,7,50,375049,105760,5278460,85007,701314,290,77486,650581,299,9,2516774,2,9,64780,2957383,2014401,passed,15,1,11,1
idempotency-accuracy,1446,1447,idempotency,14,5,2,2,26,0.8,0.3,5,2,1,1,1,1,358564,100000,5001519,119,177,1,123,182,0,1,328081,0,1,110,686797,1325190,passed,14,0,1,0
idempotency-accuracy,1447,1448,idempotency,15,3,5,5,16,0.8,0.3,5,2,1,1,3,29,364763,102944,5147624,252427,1783762,670,199759,1417171,692,8,1588497,5,8,167550,2121504,4047703,passed,15,1,14,1
idempotency-accuracy,1448,1449,idempotency,24,2,4,4,11,0.8,0.3,5,2,1,1,10,99,436346,119675,5988185,168737,805569,535,152745,743477,583,10,3855158,0,10,110675,4402862,3621966,passed,24,3,17,3
idempotency-accuracy,1449,1450,idempotency,15,4,4,2,21,0.8,0.3,5,2,1,1,1,1,361931,100000,5003858,101,150,2,104,154,0,1,331091,0,1,100,693177,1173173,passed,15,0,1,0
idempotency-accuracy,1450,1451,idempotency,17,4,3,5,21,0.8,0.3,5,2,1,1,3,13,364488,101737,5091264,52056,290603,233,38699,215249,257,5,1053277,2,5,32769,1450867,3632499,passed,17,1,8,1
idempotency-accuracy,1451,1452,idempotency,20,2,2,4,11,0.8,0.3,5,2,1,1,8,50,413514,109887,5496557,215825,1938501,1711,174756,1529973,1329,12,3163620,4,12,164702,3742800,2488890,passed,20,1,15,1
idempotency-accuracy,1452,1453,idempotency,19,5,4,5,26,0.8,0.3,5,2,1,1,1,1,358447,100000,4999637,279,417,1,283,422,0,1,355629,0,1,211,714326,1796564,passed,19,0,1,0
idempotency-accuracy,1453,1454,idempotency,12,4,3,2,21,0.8,0.3,5,2,1,1,1,1,365184,100000,4995383,99,147,2,102,151,0,1,347594,0,1,105,712930,1106197,passed,12,0,1,0
idempotency-accuracy,1454,1455,idempotency,15,5,4,2,26,0.8,0.3,5,2,1,1,7,67,549351,151936,7593313,223030,1594603,812,203901,1451576,842,11,2665620,4,11,157887,3373844,13686979,passed,15,1,14,1
idempotency-accuracy,1455,1456,idempotency,13,5,2,3,26,0.8,0.3,5,2,1,1,1,1,366084,100000,5018230,171,255,2,175,260,0,1,332071,0,1,140,698335,1271089,passed,13,0,1,0
idempotency-accuracy,1456,1457,idempotency,13,4,3,5,21,0.8,0.3,5,2,1,1,1,1,357750,100000,4994560,225,336,1,228,340,0,1,329384,0,1,173,687351,1106955,passed,13,0,1,0
idempotency-accuracy,1457,1458,idempotency,22,3,2,5,16,0.8,0.3,5,2,1,1,8,78,793587,219444,10995655,292303,1848258,829,248400,1547581,870,11,2998107,3,11,194265,3986857,8033898,validation_failed,22,2,14,2
idempotency-accuracy,1458,1459,idempotency,13,2,4,3,11,0.8,0.3,5,2,1,1,1,1,358642,100000,4983012,79,117,1,80,119,0,1,328596,0,1,91,687370,974747,passed,13,0,1,0
idempotency-accuracy,1459,1460,idempotency,13,3,4,4,16,0.8,0.3,5,2,1,1,7,49,402135,110277,5501741,106511,516046,281,94416,471672,400,7,2491507,0,7,71652,2965779,2044439,passed,13,1,11,1
idempotency-accuracy,1460,1461,idempotency,21,5,3,5,26,0.8,0.3,5,2,1,1,7,102,798957,221299,11101414,1254040,8498135,3276,1136213,7750028,3793,13,3429414,6,13,864671,5094525,105340762,passed,21,1,22,1
idempotency-accuracy,1461,1462,idempotency,22,5,3,5,26,0.8,0.3,5,2,1,1,8,126,903890,247038,12348814,1320835,7841560,3522,1112907,6672855,3790,14,4278940,6,14,852538,6037151,130606251,passed,22,1,23,1
idempotency-accuracy,1462,1463,idempotency,23,5,4,3,26,0.8,0.3,5,2,1,1,9,90,420982,115150,5755547,316490,2118664,978,240871,1573774,801,11,3560716,2,11,209189,4191628,63998337,passed,23,4,16,4
idempotency-accuracy,1463,1464,idempotency,19,2,5,2,11,0.8,0.3,5,2,1,1,4,48,400829,109658,5499275,85659,498454,362,63696,373425,286,8,1721511,4,8,51856,2174761,2219805,validation_failed,19,1,17,1
idempotency-accuracy,1464,1465,idempotency,17,4,4,5,21,0.8,0.3,5,2,1,1,4,20,365675,103075,5135181,57428,545046,351,45868,431952,172,6,1355748,2,6,41291,1763049,4245729,passed,17,1,8,1
idempotency-accuracy,1465,1466,idempotency,21,3,5,3,16,0.8,0.3,5,2,1,1,1,1,365425,100000,4995572,113,168,0,115,171,0,1,333835,0,1,113,699409,1095247,passed,21,0,1,0
idempotency-accuracy,1466,1467,idempotency,24,2,3,5,11,0.8,0.3,5,2,1,1,1,1,355787,100000,4986136,121,180,1,122,182,0,1,331301,0,1,140,687267,1006324,passed,24,0,1,0
idempotency-accuracy,1467,1468,idempotency,17,4,4,5,21,0.8,0.3,5,2,1,1,1,1,369167,100000,4998630,227,339,1,230,343,0,1,332351,0,1,187,701746,1247791,passed,17,0,1,0
idempotency-accuracy,1468,1469,idempotency,20,5,2,5,26,0.8,0.3,5,2,1,1,3,26,365239,101399,5063105,1571112,10310527,4907,1274954,8424458,4616,14,1950263,11,14,1040121,3357113,94724372,passed,20,1,21,1
idempotency-accuracy,1469,1470,idempotency,13,2,3,3,11,0.8,0.3,5,2,1,1,4,14,387922,107989,5406215,4489,15519,81,3310,12313,106,4,1321372,0,4,3019,1712492,1014259,passed,13,2,5,2
idempotency-accuracy,1470,1471,idempotency,16,5,5,5,26,0.8,0.3,5,2,1,1,6,77,684310,190161,9509824,441428,4193965,2368,337045,3153441,2294,9,2693825,3,9,318245,3697124,30996818,passed,16,3,17,3
idempotency-accuracy,1471,1472,idempotency,23,2,2,2,11,0.8,0.3,5,2,1,1,9,66,703467,192444,9635820,47695,352865,196,36831,280980,122,9,3122352,0,9,31607,3858033,1893366,passed,23,3,13,3
idempotency-accuracy,1472,1473,idempotency,15,2,2,4,11,0.8,0.3,5,2,1,1,5,22,387527,103541,5191465,28438,150194,158,21690,118529,60,6,1686789,1,6,18364,2093000,1151521,passed,15,1,7,1
idempotency-accuracy,1473,1474,idempotency,14,2,5,3,11,0.8,0.3,5,2,1,1,1,1,359664,100000,4991813,81,120,2,82,122,0,1,334416,0,1,116,694238,974365,passed,14,0,1,0
idempotency-accuracy,1474,1475,idempotency,19,3,5,5,16,0.8,0.3,5,2,1,1,1,1,360750,100000,5007157,177,264,1,179,267,0,1,338035,0,1,144,698969,1081066,passed,19,0,1,0
idempotency-accuracy,1475,1476,idempotency,24,3,2,3,16,0.8,0.3,5,2,1,1,1,1,373666,100000,4996417,107,159,1,109,162,0,1,330469,0,1,116,704294,1131415,passed,24,0,1,0
idempotency-accuracy,1476,1477,idempotency,24,5,3,3,26,0.8,0.3,5,2,1,1,6,60,514925,141683,7086657,347959,2203154,1159,308629,1991354,1232,10,2429174,4,10,241451,3186192,69117782,passed,24,1,17,1
idempotency-accuracy,1477,1478,idempotency,18,4,5,4,21,0.8,0.3,5,2,1,1,1,1,361989,100000,5002935,187,279,1,190,283,0,1,335641,0,1,205,697875,1241114,passed,18,0,1,0
idempotency-accuracy,1478,1479,idempotency,13,2,3,2,11,0.8,0.3,5,2,1,1,3,10,377070,100220,5000997,2649,9136,12,2241,7985,0,3,985546,0,3,1763,1364488,1008985,passed,13,1,5,1
idempotency-accuracy,1479,1480,idempotency,14,2,3,3,11,0.8,0.3,5,2,1,1,4,14,359831,100314,5018259,6603,29916,10,4598,22017,40,4,1331286,0,4,4020,1695278,1069713,passed,14,1,5,1
idempotency-accuracy,1480,1481,idempotency,10,4,2,3,21,0.8,0.3,5,2,1,1,1,1,360157,100000,5003493,139,207,1,142,211,9,1,329418,0,1,132,689747,1032425,passed,10,0,1,0
idempotency-accuracy,1481,1482,idempotency,17,3,2,3,16,0.8,0.3,5,2,1,1,6,40,475458,126523,6342380,70169,951749,311,53141,720013,299,8,2008863,2,8,54642,2539858,2809024,passed,17,2,11,2
idempotency-accuracy,1482,1483,idempotency,19,4,4,3,21,0.8,0.3,5,2,1,1,1,1,362674,100000,5001646,143,213,0,146,217,0,1,342136,0,1,144,704992,1285926,passed,19,0,1,0
idempotency-accuracy,1483,1484,idempotency,11,4,2,5,21,0.8,0.3,5,2,1,1,1,1,353188,100000,4988099,223,333,1,226,337,8,1,324898,0,1,183,678302,1064104,passed,11,0,1,0
idempotency-accuracy,1484,1485,idempotency,21,5,3,3,26,0.8,0.3,5,2,1,1,1,1,357425,100000,5003768,173,258,1,177,263,8,1,324727,0,1,155,682347,1839080,passed,21,0,1,0
idempotency-accuracy,1485,1486,idempotency,14,2,3,4,11,0.8,0.3,5,2,1,1,2,5,361723,100556,5039240,1283,4330,8,822,3325,0,2,658997,0,2,795,1021583,1004013,passed,14,1,3,1
idempotency-accuracy,1486,1487,idempotency,24,3,5,3,16,0.8,0.3,5,2,1,1,1,1,368071,100000,5000071,113,168,1,115,171,23,1,347740,0,1,133,715987,1135819,passed,24,0,1,0
idempotency-accuracy,1487,1488,idempotency,17,3,3,5,16,0.8,0.3,5,2,1,1,1,1,359180,100000,5000567,173,258,0,175,261,0,1,324469,0,1,141,683834,1067127,passed,17,0,1,0
idempotency-accuracy,1488,1489,idempotency,17,2,4,2,11,0.8,0.3,5,2,1,1,6,27,409172,113052,5643281,15752,103743,70,12551,82817,78,7,2013213,1,7,11149,2434013,1157496,passed,17,2,7,2
idempotency-accuracy,1489,1490,idempotency,24,2,3,4,11,0.8,0.3,5,2,1,1,1,1,361436,100000,5009708,99,147,1,100,149,0,1,326796,0,1,97,688369,996928,passed,24,0,1,0
idempotency-accuracy,1490,1491,idempotency,10,2,5,4,11,0.8,0.3,5,2,1,1,4,16,644959,179479,8981051,21376,175891,77,17501,136488,58,5,1353944,1,5,14704,2013894,1047091,passed,10,1,7,1
idempotency-accuracy,1491,1492,idempotency,19,4,3,4,21,0.8,0.3,5,2,1,1,1,1,357773,100000,4985661,183,273,2,186,277,0,1,332221,0,1,167,690206,1289066,passed,19,0,1,0
idempotency-accuracy,1492,1493,idempotency,14,4,5,5,21,0.8,0.3,5,2,1,1,1,1,359615,100000,4999446,229,342,0,232,346,8,1,324322,0,1,181,684159,1150164,passed,14,0,1,0
idempotency-accuracy,1493,1494,idempotency,18,4,2,5,21,0.8,0.3,5,2,1,1,6,40,538645,151360,7581198,138418,651324,341,128455,602442,359,8,2058166,2,8,92612,2689942,7324009,passed,18,1,10,1
idempotency-accuracy,1494,1495,idempotency,22,4,3,3,21,0.8,0.3,5,2,1,1,6,68,530092,144314,7210956,331933,1968802,766,262521,1563854,954,10,2612989,4,10,205546,3349387,27497616,validation_failed,22,1,19,1
idempotency-accuracy,1495,1496,idempotency,14,5,5,5,26,0.8,0.3,5,2,1,1,3,27,368368,102106,5092806,200537,1105619,579,146961,836180,610,7,1318393,4,7,124486,1815888,16681204,passed,14,1,13,1
idempotency-accuracy,1496,1497,idempotency,14,2,3,5,11,0.8,0.3,5,2,1,1,1,1,380105,100000,5000167,121,180,3,122,182,0,1,333450,0,1,120,713715,982617,passed,14,0,1,0
idempotency-accuracy,1497,1498,idempotency,23,3,3,2,16,0.8,0.3,5,2,1,1,7,64,530384,147253,7359551,100150,753001,431,81577,639419,450,9,2645982,2,9,68978,3246070,7366411,passed,23,2,14,2
idempotency-accuracy,1498,1499,idempotency,21,2,3,2,11,0.8,0.3,5,2,1,1,7,64,442723,122299,6108514,105978,659519,581,77396,492685,468,10,2764791,3,10,68819,3277113,2623887,passed,21,3,17,3
idempotency-accuracy,1499,1500,idempotency,20,5,3,3,26,0.8,0.3,5,2,1,1,9,94,466017,126979,6346161,258564,1137524,913,227333,1018429,591,9,3527665,0,9,165910,4160231,40754988,passed,20,3,16,3
idempotency-accuracy,1500,1501,idempotency,14,5,4,4,26,0.8,0.3,5,2,1,1,1,1,359194,100000,4997246,227,339,2,231,344,0,1,351341,0,1,192,710774,1296428,passed,14,0,1,0
idempotency-accuracy,1501,1502,idempotency,17,4,3,2,21,0.8,0.3,5,2,1,1,1,1,363977,100000,5004891,99,147,2,102,151,8,1,334089,0,1,112,698221,1186213,passed,17,0,1,0
idempotency-accuracy,1502,1503,idempotency,14,2,4,2,11,0.8,0.3,5,2,1,1,6,44,505985,138996,6941478,39313,248020,267,35451,215372,195,8,2191908,2,8,26343,2725591,1203226,passed,14,1,11,1
idempotency-accuracy,1503,1504,idempotency,24,2,3,3,11,0.8,0.3,5,2,1,1,6,36,483687,128005,6412011,49918,498845,305,40565,375886,138,8,2110833,2,8,40406,2635520,1826011,validation_failed,24,1,10,1
idempotency-accuracy,1504,1505,idempotency,17,2,4,4,11,0.8,0.3,5,2,1,1,5,42,513172,140352,7001117,97904,507578,270,91759,483606,375,9,1927212,4,9,69500,2510462,1508951,passed,17,1,12,1
idempotency-accuracy,1505,1506,idempotency,20,2,5,2,11,0.8,0.3,5,2,1,1,9,73,616603,165580,8272032,78692,346488,226,61040,276976,183,9,3379096,0,9,47244,4043524,1933763,passed,20,3,14,3
idempotency-accuracy,1506,1507,idempotency,17,5,3,4,26,0.8,0.3,5,2,1,1,1,1,359246,100000,5006562,225,336,2,229,341,0,1,328087,0,1,198,687574,1494221,passed,17,0,1,0
idempotency-accuracy,1507,1508,idempotency,22,4,5,4,21,0.8,0.3,5,2,1,1,1,1,365071,100000,5012614,187,279,2,190,283,0,1,340398,0,1,183,705695,1446246,passed,22,0,1,0
idempotency-accuracy,1508,1509,idempotency,11,4,4,3,21,0.8,0.3,5,2,1,1,4,22,423466,107914,5392153,32259,103460,68,24247,77116,74,5,1450586,1,5,19800,1894081,2007531,passed,11,3,8,3
idempotency-accuracy,1509,1510,idempotency,12,5,2,2,26,0.8,0.3,5,2,1,1,1,1,361696,100000,4982742,119,177,1,123,182,0,1,328430,0,1,116,690284,1212144,passed,12,0,1,0
idempotency-accuracy,1510,1511,idempotency,15,5,5,5,26,0.8,0.3,5,2,1,1,8,88,424508,114065,5719626,647024,4601404,2364,496959,3359347,2131,12,3477456,4,12,436307,4339235,24668837,passed,15,1,16,1
idempotency-accuracy,1511,1512,idempotency,21,4,3,3,21,0.8,0.3,5,2,1,1,10,102,907112,247330,12364615,441908,2851313,1496,374937,2349353,5325,14,3880815,4,14,295446,5089690,22830172,passed,21,1,16,1
idempotency-accuracy,1512,1513,idempotency,20,2,3,3,11,0.8,0.3,5,2,1,1,1,1,363209,100000,4995105,77,114,0,78,116,0,1,334609,0,1,87,697945,1013229,passed,20,0,1,0
idempotency-accuracy,1513,1514,idempotency,20,2,5,2,11,0.8,0.3,5,2,1,1,1,1,357409,100000,4981331,59,87,1,60,89,0,1,325570,0,1,76,683094,1012366,passed,20,0,1,0
idempotency-accuracy,1514,1515,idempotency,10,2,4,4,11,0.8,0.3,5,2,1,1,5,24,396493,109276,5466545,18827,102698,55,16883,93742,47,5,1671954,0,5,12483,2081242,1062232,passed,10,1,7,1
idempotency-accuracy,1515,1516,idempotency,17,2,5,2,11,0.8,0.3,5,2,1,1,5,29,387779,109198,5455328,14863,52064,35,13305,46788,43,5,1740101,0,5,9281,2137423,1216266,validation_failed,17,1,9,1
idempotency-accuracy,1516,1517,idempotency,20,5,3,4,26,0.8,0.3,5,2,1,1,1,1,357989,100000,4987188,225,336,2,229,341,0,1,327815,0,1,233,686085,1938511,passed,20,0,1,0
idempotency-accuracy,1517,1518,idempotency,19,5,5,3,26,0.8,0.3,5,2,1,1,6,52,519086,145091,7246745,212368,795143,628,197302,738700,701,8,2423498,2,8,136881,3080028,31359376,validation_failed,19,1,14,1
idempotency-accuracy,1518,1519,idempotency,15,4,5,5,21,0.8,0.3,5,2,1,1,1,1,378309,100000,5019929,229,342,2,232,346,9,1,346342,0,1,261,724957,1178563,passed,15,0,1,0
idempotency-accuracy,1519,1520,idempotency,16,2,5,3,11,0.8,0.3,5,2,1,1,1,1,365925,100000,4996576,81,120,2,82,122,0,1,328050,0,1,86,694105,1002003,passed,16,0,1,0
idempotency-accuracy,1520,1521,idempotency,19,2,2,4,11,0.8,0.3,5,2,1,1,7,38,495222,138684,6921635,41107,204020,104,30280,155504,97,7,2302030,0,7,24754,2822402,1365899,validation_failed,19,1,9,1
idempotency-accuracy,1521,1522,idempotency,24,3,2,3,16,0.8,0.3,5,2,1,1,5,18,412970,116150,5815704,17132,98385,45,13705,73420,37,5,1637302,0,5,10888,2061447,2354095,validation_failed,24,4,6,2
idempotency-accuracy,1522,1523,idempotency,16,3,2,5,16,0.8,0.3,5,2,1,1,4,18,430499,111994,5591591,38355,198981,122,28412,166137,242,6,1362552,2,6,24668,1818011,2201122,passed,16,3,7,3
idempotency-accuracy,1523,1524,idempotency,24,2,5,4,11,0.8,0.3,5,2,1,1,7,35,643418,174484,8731423,39256,213826,177,30584,172462,138,7,2442671,0,7,24214,3110743,1722868,passed,24,2,8,2
idempotency-accuracy,1524,1525,idempotency,24,3,3,3,16,0.8,0.3,5,2,1,1,1,1,382096,100000,4989679,109,162,0,111,165,0,1,328319,0,1,97,710555,1117458,passed,24,0,1,0
idempotency-accuracy,1525,1526,idempotency,17,3,2,4,16,0.8,0.3,5,2,1,1,6,44,518927,141374,7074410,181269,869130,751,134827,669497,614,10,2158511,4,10,112508,2790545,3495583,validation_failed,17,2,13,2
idempotency-accuracy,1526,1527,idempotency,18,3,5,2,16,0.8,0.3,5,2,1,1,9,73,627516,168874,8433716,82448,653039,339,75051,602320,241,9,3356059,0,9,57084,4041467,3262267,passed,18,1,14,1
idempotency-accuracy,1527,1528,idempotency,20,5,5,3,26,0.8,0.3,5,2,1,1,12,150,654693,178373,8911651,715795,3522458,2898,649990,3241755,3458,14,5073283,2,14,479565,6209036,70856440,passed,20,3,21,3
idempotency-accuracy,1528,1529,idempotency,18,2,2,3,11,0.8,0.3,5,2,1,1,5,42,383583,106926,5360245,119347,1247971,612,113466,1211631,432,10,2056851,5,10,96904,2538444,1677367,passed,18,1,14,1
idempotency-accuracy,1529,1530,idempotency,13,3,5,5,16,0.8,0.3,5,2,1,1,6,37,415303,113878,5685531,79696,638133,406,58474,470663,264,7,2132215,1,7,54747,2602721,2035518,passed,13,2,9,2
idempotency-accuracy,1530,1531,idempotency,14,5,4,3,26,0.8,0.3,5,2,1,1,6,47,411844,110521,5531581,196717,757049,722,154736,602612,712,9,2505910,3,9,120437,3038784,11577853,passed,14,1,12,1
idempotency-accuracy,1531,1532,idempotency,13,2,2,5,11,0.8,0.3,5,2,1,1,5,24,381108,106042,5323926,20671,81149,64,17374,69382,56,5,1665173,0,5,13104,2059637,1086287,passed,13,2,7,2
idempotency-accuracy,1532,1533,idempotency,12,3,2,3,16,0.8,0.3,5,2,1,1,6,31,371189,103266,5175422,38229,350787,120,28390,278269,54,7,2014218,1,7,25988,2411820,1594996,passed,12,3,8,3
idempotency-accuracy,1533,1534,idempotency,15,4,3,4,21,0.8,0.3,5,2,1,1,1,1,367733,100000,5000165,183,273,21,186,277,0,1,331472,0,1,173,699421,1149092,passed,15,0,1,0
idempotency-accuracy,1534,1535,idempotency,23,3,2,4,16,0.8,0.3,5,2,1,1,9,83,435282,119440,5969882,328619,1865392,936,292657,1684381,1137,10,3375711,1,10,219666,4031827,17529291,validation_failed,23,2,18,2
idempotency-accuracy,1535,1536,idempotency,17,5,2,3,26,0.8,0.3,5,2,1,1,2,10,363353,100950,5044563,58396,273687,268,44431,203659,135,6,704206,4,6,35703,1103728,7882873,passed,17,1,8,1
idempotency-accuracy,1536,1537,idempotency,21,5,4,5,26,0.8,0.3,5,2,1,1,1,1,356126,100000,4997048,279,417,2,283,422,0,1,329128,0,1,211,685508,1968484,passed,21,0,1,0
idempotency-accuracy,1537,1538,idempotency,20,2,4,5,11,0.8,0.3,5,2,1,1,3,11,363300,101214,5051145,7451,32778,29,6547,29328,34,3,987235,0,3,4756,1355442,1145220,passed,20,1,5,1
idempotency-accuracy,1538,1539,idempotency,14,2,3,3,11,0.8,0.3,5,2,1,1,4,17,364664,102944,5154589,8234,34298,19,7253,31412,10,4,1327713,0,4,5476,1698082,1040690,passed,14,1,6,1
idempotency-accuracy,1539,1540,idempotency,21,4,2,4,21,0.8,0.3,5,2,1,1,7,78,782908,214418,10734191,420317,2198354,1291,341188,1791620,1203,10,2680995,3,10,267561,3732364,32445997,passed,21,1,18,1
idempotency-accuracy,1540,1541,idempotency,24,2,4,2,11,0.8,0.3,5,2,1,1,10,83,586066,160890,8069827,66619,395841,173,61338,367436,220,10,3610559,0,10,45139,4242592,2207973,validation_failed,24,1,13,1
idempotency-accuracy,1541,1542,idempotency,11,3,3,5,16,0.8,0.3,5,2,1,1,7,35,451511,123488,6178253,64866,327119,183,48092,248524,105,7,2337379,0,7,40577,2829821,1361105,passed,11,1,8,1
idempotency-accuracy,1542,1543,idempotency,17,3,5,3,16,0.8,0.3,5,2,1,1,4,40,389942,107826,5391587,117892,909743,377,89591,686294,365,8,1802874,4,8,79446,2272794,3709285,passed,17,2,14,2
idempotency-accuracy,1543,1544,idempotency,11,4,2,4,21,0.8,0.3,5,2,1,1,1,1,356407,100000,5000971,181,270,2,184,274,9,1,329691,0,1,225,686365,1086901,passed,11,0,1,0
idempotency-accuracy,1544,1545,idempotency,10,3,5,4,16,0.8,0.3,5,2,1,1,1,1,356441,100000,4985157,145,216,1,147,219,0,1,341316,0,1,121,697918,1012096,passed,10,0,1,0
idempotency-accuracy,1545,1546,idempotency,15,4,3,4,21,0.8,0.3,5,2,1,1,5,37,392120,109160,5460350,143652,879890,680,103129,612624,322,9,2027011,4,9,91117,2510777,4066523,passed,15,1,12,1
idempotency-accuracy,1546,1547,idempotency,13,3,4,2,16,0.8,0.3,5,2,1,1,5,27,369030,103500,5184877,34006,128153,107,28403,109962,86,6,1826683,1,6,20491,2216507,1492108,passed,13,1,9,1
idempotency-accuracy,1547,1548,idempotency,24,3,2,4,16,0.8,0.3,5,2,1,1,6,40,387785,105970,5302231,57223,320690,127,50799,291079,236,6,2035834,0,6,38582,2462573,5147201,validation_failed,24,3,11,2
idempotency-accuracy,1548,1549,idempotency,23,4,2,5,21,0.8,0.3,5,2,1,1,2,25,356576,100038,5007271,894483,9218254,4197,850472,8820013,4676,14,2057115,12,14,706503,3121871,45140094,passed,23,1,23,1
idempotency-accuracy,1549,1550,idempotency,22,4,3,2,21,0.8,0.3,5,2,1,1,3,20,364355,100383,5013648,60973,299378,163,44254,219768,180,7,1181283,4,7,36423,1582427,10417031,passed,22,2,13,2
idempotency-accuracy,1550,1551,idempotency,20,5,3,3,26,0.8,0.3,5,2,1,1,1,1,357580,100000,5017933,173,258,1,177,263,0,1,349660,0,1,145,707428,1842495,passed,20,0,1,0
idempotency-accuracy,1551,1552,idempotency,14,2,4,4,11,0.8,0.3,5,2,1,1,1,1,355628,100000,4998920,101,150,1,102,152,0,1,325505,0,1,96,681263,994087,passed,14,0,1,0
idempotency-accuracy,1552,1553,idempotency,22,4,2,4,21,0.8,0.3,5,2,1,1,1,1,356777,100000,4997348,181,270,2,184,274,0,1,327546,0,1,156,684523,1464832,passed,22,0,1,0
idempotency-accuracy,1553,1554,idempotency,24,4,4,4,21,0.8,0.3,5,2,1,1,6,76,568668,156479,7820158,732735,4417920,1912,559349,3357967,1675,12,2906118,6,12,452709,3928705,64023878,passed,24,1,21,1
idempotency-accuracy,1554,1555,idempotency,13,4,3,5,21,0.8,0.3,5,2,1,1,5,47,423413,115953,5806411,234797,1353014,821,180417,1012088,785,9,2078914,4,9,156334,2659223,4698249,passed,13,2,13,2
idempotency-accuracy,1555,1556,idempotency,16,5,3,3,26,0.8,0.3,5,2,1,1,5,31,366045,102434,5139649,332181,1771212,718,274796,1483105,1052,10,1963675,5,10,203808,2534560,20854769,passed,16,2,14,1
idempotency-accuracy,1556,1557,idempotency,14,5,4,4,26,0.8,0.3,5,2,1,1,9,89,395783,109184,5456648,433258,2412416,1554,395067,2243739,1916,12,3741908,3,12,310264,4449126,17895667,passed,14,2,15,2
idempotency-accuracy,1557,1558,idempotency,23,2,4,3,11,0.8,0.3,5,2,1,1,1,1,362137,100000,4990640,79,117,1,80,119,0,1,334576,0,1,94,696852,1007394,passed,23,0,1,0
idempotency-accuracy,1558,1559,idempotency,12,3,4,2,16,0.8,0.3,5,2,1,1,1,1,364717,100000,5014311,79,117,1,81,120,0,1,333395,0,1,106,698260,998041,passed,12,0,1,0
idempotency-accuracy,1559,1560,idempotency,20,2,4,4,11,0.8,0.3,5,2,1,1,12,119,689046,192757,9623079,273586,1373948,883,243382,1229249,722,12,4418699,0,12,177213,5285921,2930020,passed,20,2,18,2
idempotency-accuracy,1560,1561,idempotency,24,2,5,3,11,0.8,0.3,5,2,1,1,1,1,367651,100000,4993766,81,120,1,82,122,0,1,328817,0,1,86,696596,1033291,passed,24,0,1,0
idempotency-accuracy,1561,1562,idempotency,24,5,5,2,26,0.8,0.3,5,2,1,1,7,61,378861,105248,5281528,172435,907867,671,126366,690079,589,9,2669668,2,9,104207,3153294,46498039,passed,24,3,15,3
idempotency-accuracy,1562,1563,idempotency,23,3,5,4,16,0.8,0.3,5,2,1,1,5,76,512101,142585,7137386,539374,2652077,1622,465011,2338691,1680,10,2461493,5,10,356686,3331160,24666763,validation_failed,23,3,21,3
idempotency-accuracy,1563,1564,idempotency,16,3,2,4,16,0.8,0.3,5,2,1,1,4,19,397112,111228,5570259,35155,234989,130,28896,190861,113,6,1316029,2,6,23892,1737469,1709225,passed,16,1,7,1
idempotency-accuracy,1564,1565,idempotency,23,3,3,3,16,0.8,0.3,5,2,1,1,10,88,662801,185791,9264533,176386,1015073,484,135714,783750,455,10,3688515,0,10,113987,4466053,9114508,passed,23,4,16,4
idempotency-accuracy,1565,1566,idempotency,19,2,5,3,11,0.8,0.3,5,2,1,1,1,1,367716,100000,4996432,81,120,1,82,122,0,1,337878,0,1,89,705724,997292,passed,19,0,1,0
idempotency-accuracy,1566,1567,idempotency,16,4,5,3,21,0.8,0.3,5,2,1,1,1,1,363609,100000,5003345,145,216,1,148,220,0,1,329506,0,1,124,693282,1164441,passed,16,0,1,0
idempotency-accuracy,1567,1568,idempotency,18,5,4,3,26,0.8,0.3,5,2,1,1,8,75,496941,134675,6716760,534366,2937217,2075,424987,2269677,2101,11,3239339,3,11,341568,4078787,40435132,passed,18,2,17,2
idempotency-accuracy,1568,1569,idempotency,24,3,2,4,16,0.8,0.3,5,2,1,1,10,75,570639,158411,7923896,286906,1728383,802,230368,1431397,756,12,3589290,2,12,185038,4345851,13512102,passed,24,2,16,2
idempotency-accuracy,1569,1570,idempotency,22,4,2,4,21,0.8,0.3,5,2,1,1,6,44,393564,109645,5481518,491472,2892755,1922,411002,2457326,2021,11,2438730,5,11,331340,3164369,23712879,validation_failed,22,1,15,1
idempotency-accuracy,1570,1571,idempotency,21,2,4,5,11,0.8,0.3,5,2,1,1,7,62,477787,133111,6662656,230590,1118050,773,211408,1031234,960,10,3130013,3,10,148411,3756909,3000198,validation_failed,21,1,17,1
idempotency-accuracy,1571,1572,idempotency,19,3,4,3,16,0.8,0.3,5,2,1,1,9,69,602358,169615,8478822,207000,1178998,672,190641,1075748,619,11,3563089,2,11,135521,4301855,5043847,validation_failed,19,1,14,1
idempotency-accuracy,1572,1573,idempotency,22,2,2,3,11,0.8,0.3,5,2,1,1,1,1,358853,100000,4991771,75,111,1,76,113,0,1,331841,0,1,97,690836,997659,passed,22,0,1,0
idempotency-accuracy,1573,1574,idempotency,10,5,2,3,26,0.8,0.3,5,2,1,1,1,1,361737,100000,4987618,171,255,2,175,260,0,1,332525,0,1,141,694445,1164403,passed,10,0,1,0
idempotency-accuracy,1574,1575,idempotency,11,5,2,3,26,0.8,0.3,5,2,1,1,6,47,499328,140311,7028854,89007,309376,186,77261,271846,136,6,2108063,0,6,54229,2661925,4864113,passed,11,3,11,3
idempotency-accuracy,1575,1576,idempotency,15,2,4,4,11,0.8,0.3,5,2,1,1,9,68,471082,130617,6527067,131277,599918,418,105743,471323,383,10,3239118,1,10,85904,3796740,1498703,passed,15,1,12,1
idempotency-accuracy,1576,1577,idempotency,13,4,2,4,21,0.8,0.3,5,2,1,1,7,53,506336,140360,7021656,167983,1265583,544,143963,1101807,494,9,2395186,2,9,114122,3016565,3146888,passed,13,1,11,1
idempotency-accuracy,1577,1578,idempotency,10,5,3,2,26,0.8,0.3,5,2,1,1,5,29,397374,110948,5553631,37049,181126,127,33485,165193,122,6,1758249,1,6,25774,2181879,2610440,passed,10,1,8,1
idempotency-accuracy,1578,1579,idempotency,22,5,3,4,26,0.8,0.3,5,2,1,1,7,55,419440,118077,5906721,313780,1729744,899,272650,1526081,832,10,2604479,3,10,207522,3232113,40971770,passed,22,1,13,1
idempotency-accuracy,1579,1580,idempotency,24,4,2,5,21,0.8,0.3,5,2,1,1,8,88,493028,133743,6684153,803498,10694756,3172,648973,8415284,2757,13,3264991,5,13,628375,4387960,32615917,passed,24,1,19,1
idempotency-accuracy,1580,1581,idempotency,11,2,4,2,11,0.8,0.3,5,2,1,1,4,16,369554,100836,5046454,5108,40756,28,3673,32631,10,4,1310456,0,4,3451,1683794,1011499,passed,11,2,6,2
idempotency-accuracy,1581,1582,idempotency,15,2,5,3,11,0.8,0.3,5,2,1,1,1,1,371377,100000,4991466,81,120,1,82,122,1,1,328137,0,1,101,699658,996266,passed,15,0,1,0
idempotency-accuracy,1582,1583,idempotency,18,5,5,4,26,0.8,0.3,5,2,1,1,1,1,369028,100000,5019018,229,342,0,233,347,8,1,336376,0,1,185,705633,1609852,passed,18,0,1,0
idempotency-accuracy,1583,1584,idempotency,13,4,5,4,21,0.8,0.3,5,2,1,1,1,1,359347,100000,5007069,187,279,24,190,283,0,1,333865,0,1,201,693454,1086323,passed,13,0,1,0
idempotency-accuracy,1584,1585,idempotency,12,3,3,3,16,0.8,0.3,5,2,1,1,3,15,369304,101062,5075325,14714,119175,17,13144,113089,69,4,990860,1,4,10290,1370727,1261162,validation_failed,12,1,7,1
idempotency-accuracy,1585,1586,idempotency,23,4,3,2,21,0.8,0.3,5,2,1,1,9,90,453799,127490,6357181,204829,1469465,621,180552,1303034,669,11,3588412,2,11,137150,4180271,22550692,validation_failed,23,2,19,2
idempotency-accuracy,1586,1587,idempotency,12,2,5,2,11,0.8,0.3,5,2,1,1,1,1,364249,100000,5016076,59,87,2,60,89,0,1,338823,0,1,74,703190,968524,passed,12,0,1,0
idempotency-accuracy,1587,1588,idempotency,24,2,5,3,11,0.8,0.3,5,2,1,1,8,77,461985,129496,6468903,215827,1275319,714,151916,880491,579,11,3262283,3,11,130572,3855664,4522912,passed,24,3,20,3
idempotency-accuracy,1588,1589,idempotency,16,4,4,5,21,0.8,0.3,5,2,1,1,5,39,377048,105020,5240615,129567,1018988,483,109273,874441,493,6,1858147,1,6,98107,2333697,7516821,passed,16,3,12,3
idempotency-accuracy,1589,1590,idempotency,10,3,2,5,16,0.8,0.3,5,2,1,1,1,1,358623,100000,5024224,171,255,1,173,258,0,1,328663,0,1,141,687484,1004070,passed,10,0,1,0
idempotency-accuracy,1590,1591,idempotency,13,2,5,4,11,0.8,0.3,5,2,1,1,1,1,354873,100000,4999404,103,153,1,104,155,0,1,329409,0,1,103,684430,965999,passed,13,0,1,0
idempotency-accuracy,1591,1592,idempotency,19,2,3,5,11,0.8,0.3,5,2,1,1,6,31,472645,131092,6535761,47999,293518,148,40248,249337,98,7,1970932,1,7,31509,2475624,1406932,passed,19,1,8,1
idempotency-accuracy,1592,1593,idempotency,14,3,5,5,16,0.8,0.3,5,2,1,1,6,49,419885,116770,5826285,128557,579107,305,97511,455629,363,9,2131518,3,9,78117,2629950,2146753,validation_failed,14,2,12,2
idempotency-accuracy,1593,1594,idempotency,18,3,3,2,16,0.8,0.3,5,2,1,1,5,51,481479,135385,6774208,97735,696317,350,87776,640004,306,9,1982629,4,9,67558,2532719,3788847,passed,18,2,15,2
idempotency-accuracy,1594,1595,idempotency,11,4,3,4,21,0.8,0.3,5,2,1,1,1,1,358216,100000,5002959,183,273,1,186,277,0,1,327444,0,1,150,685850,1061732,passed,11,0,1,0
idempotency-accuracy,1595,1596,idempotency,18,3,4,3,16,0.8,0.3,5,2,1,1,6,42,379255,103881,5193575,75001,354958,238,63009,306340,206,8,2213946,2,8,47951,2641549,3566587,passed,18,3,11,3
idempotency-accuracy,1596,1597,idempotency,20,5,3,2,26,0.8,0.3,5,2,1,1,10,126,417257,117078,5855741,429891,2176118,1363,366751,1850002,1136,13,4043360,3,13,280902,4742662,52462976,passed,20,3,20,3
idempotency-accuracy,1597,1598,idempotency,22,3,4,2,16,0.8,0.3,5,2,1,1,6,46,415857,116827,5827829,229345,1707031,719,179554,1272147,630,11,2646135,5,11,151112,3214186,9533313,passed,22,1,18,1
idempotency-accuracy,1598,1599,idempotency,24,4,3,4,21,0.8,0.3,5,2,1,1,1,1,363404,100000,5010759,183,273,3,186,277,0,1,327767,0,1,167,691384,1520114,passed,24,0,1,0
idempotency-accuracy,1599,1600,idempotency,11,5,5,4,26,0.8,0.3,5,2,1,1,5,35,618683,167146,8382009,138388,526529,532,116836,450603,385,7,1725766,2,7,85995,2431874,5364121,validation_failed,11,1,10,1
idempotency-accuracy,1600,1601,idempotency,10,5,4,3,26,0.8,0.3,5,2,1,1,5,40,487391,137673,6872428,124404,908654,309,96501,706320,354,8,1827691,3,8,79471,2395162,3834011,passed,10,1,11,1
idempotency-accuracy,1601,1602,idempotency,16,4,4,4,21,0.8,0.3,5,2,1,1,1,1,369376,100000,4996979,185,276,1,188,280,0,1,331795,0,1,152,701359,1209846,passed,16,0,1,0
idempotency-accuracy,1602,1603,idempotency,12,3,2,4,16,0.8,0.3,5,2,1,1,6,37,508264,139620,6976749,48399,258353,174,43768,239138,265,6,2090127,0,6,35617,2634407,1467228,passed,12,1,9,1
idempotency-accuracy,1603,1604,idempotency,11,2,3,4,11,0.8,0.3,5,2,1,1,5,31,428718,108710,5450132,42651,222050,150,38681,207779,153,7,1717316,2,7,28970,2175483,1101890,passed,11,1,9,1
idempotency-accuracy,1604,1605,idempotency,24,3,5,3,16,0.8,0.3,5,2,1,1,10,114,390673,109243,5460962,573440,4319034,1630,474627,3721335,1580,13,4271202,3,13,374446,5037505,21336557,passed,24,4,23,4
idempotency-accuracy,1605,1606,idempotency,23,5,5,2,26,0.8,0.3,5,2,1,1,9,83,366028,102597,5132589,644207,3284680,1838,515306,2704803,1699,15,4745081,6,15,392556,5504884,139722749,validation_failed,23,2,23,2
idempotency-accuracy,1606,1607,idempotency,11,4,4,4,21,0.8,0.3,5,2,1,1,1,1,356657,100000,4983609,185,276,1,188,280,0,1,325669,0,1,199,682566,1067909,passed,11,0,1,0
idempotency-accuracy,1607,1608,idempotency,15,5,2,4,26,0.8,0.3,5,2,1,1,3,33,408251,107898,5383191,610162,4920609,2868,476989,3659420,2776,13,1734687,10,13,425178,2569070,21511818,passed,15,1,16,1
idempotency-accuracy,1608,1609,idempotency,22,3,5,4,16,0.8,0.3,5,2,1,1,1,1,361088,100000,4999491,145,216,2,147,219,0,1,343165,0,1,128,704423,1123168,passed,22,0,1,0
idempotency-accuracy,1609,1610,idempotency,16,4,5,3,21,0.8,0.3,5,2,1,1,7,53,435708,122536,6132256,130822,837127,375,120244,779940,319,9,2680755,2,9,88698,3205791,6739782,passed,16,1,12,1
idempotency-accuracy,1610,1611,idempotency,23,2,3,5,11,0.8,0.3,5,2,1,1,12,107,539283,149585,7468286,282676,1700271,739,250816,1521960,791,12,4601247,0,12,186642,5328158,3438664,validation_failed,23,2,16,1
idempotency-accuracy,1611,1612,idempotency,11,4,5,2,21,0.8,0.3,5,2,1,1,1,1,360048,100000,4988470,103,153,1,106,157,0,1,325941,0,1,98,686133,1062887,passed,11,0,1,0
idempotency-accuracy,1612,1613,idempotency,10,3,3,4,16,0.8,0.3,5,2,1,1,3,14,365295,103103,5155657,20650,81052,42,18205,73901,48,4,993551,1,4,12801,1371832,1186264,passed,10,1,7,1
idempotency-accuracy,1613,1614,idempotency,17,4,2,5,21,0.8,0.3,5,2,1,1,8,56,494814,137664,6894863,382528,3068050,1114,300271,2417812,873,11,2779941,3,11,258725,3534285,13703506,validation_failed,17,1,13,1
idempotency-accuracy,1614,1615,idempotency,14,5,4,3,26,0.8,0.3,5,2,1,1,6,46,464668,130675,6532759,173223,680201,436,153480,618336,467,9,2364084,3,9,108768,2938016,9958593,passed,14,2,12,2
idempotency-accuracy,1615,1616,idempotency,12,2,5,3,11,0.8,0.3,5,2,1,1,1,1,356683,100000,4986609,81,120,2,82,122,0,1,341329,0,1,120,698175,997823,passed,12,0,1,0
idempotency-accuracy,1616,1617,idempotency,12,4,4,5,21,0.8,0.3,5,2,1,1,5,28,401698,111357,5559953,72805,305352,163,62233,267555,104,5,1730214,0,5,45171,2177355,3190943,passed,12,1,9,1
idempotency-accuracy,1617,1618,idempotency,24,2,3,5,11,0.8,0.3,5,2,1,1,1,1,354398,100000,5007542,121,180,1,122,182,0,1,330785,0,1,106,685323,1010090,passed,24,0,1,0
idempotency-accuracy,1618,1619,idempotency,16,5,4,5,26,0.8,0.3,5,2,1,1,9,79,392223,109020,5439290,682872,5251792,2211,587162,4346002,2317,11,3526164,2,11,479159,4398542,36405793,passed,16,1,16,1
idempotency-accuracy,1619,1620,idempotency,12,2,2,5,11,0.8,0.3,5,2,1,1,1,1,365632,100000,5010823,119,177,0,120,179,0,1,331680,0,1,112,697474,1016562,passed,12,0,1,0
idempotency-accuracy,1620,1621,idempotency,16,5,3,2,26,0.8,0.3,5,2,1,1,1,1,364660,100000,5002588,121,180,1,125,185,0,1,335872,0,1,110,700687,1428932,passed,16,0,1,0
idempotency-accuracy,1621,1622,idempotency,23,2,5,2,11,0.8,0.3,5,2,1,1,6,35,416728,114334,5732441,15135,191748,129,11089,147161,137,6,2180523,0,6,11165,2609240,1630643,passed,23,2,9,2
idempotency-accuracy,1622,1623,idempotency,15,3,3,2,16,0.8,0.3,5,2,1,1,10,79,386465,106633,5333319,177891,1009778,614,139979,810760,543,12,3814584,2,12,113991,4316018,3224412,passed,15,2,15,2
idempotency-accuracy,1623,1624,idempotency,11,4,2,5,21,0.8,0.3,5,2,1,1,4,26,396272,108696,5415612,103067,788294,223,93588,735600,431,7,1519996,3,7,76058,1992791,2522650,passed,11,1,10,1
idempotency-accuracy,1624,1625,idempotency,10,3,2,4,16,0.8,0.3,5,2,1,1,1,1,370459,100000,4988043,139,207,4,141,210,0,1,330678,0,1,186,701379,1024230,passed,10,0,1,0
idempotency-accuracy,1625,1626,idempotency,15,5,2,3,26,0.8,0.3,5,2,1,1,5,55,398414,109193,5452594,394510,3635956,1650,338849,2951754,1416,13,2308411,8,13,280951,2989045,20992123,passed,15,1,16,1
idempotency-accuracy,1626,1627,idempotency,24,5,4,5,26,0.8,0.3,5,2,1,1,1,1,367536,100000,4998726,279,417,11,283,422,0,1,330324,0,1,223,698127,2247630,passed,24,0,1,0
idempotency-accuracy,1627,1628,idempotency,11,3,3,4,16,0.8,0.3,5,2,1,1,1,1,358473,100000,5013418,141,210,1,143,213,0,1,328606,0,1,124,687248,996241,passed,11,0,1,0
idempotency-accuracy,1628,1629,idempotency,14,5,4,2,26,0.8,0.3,5,2,1,1,1,1,364299,100000,4992326,123,183,1,127,188,23,1,328762,0,1,152,693260,1298922,passed,14,0,1,0
idempotency-accuracy,1629,1630,idempotency,11,4,4,3,21,0.8,0.3,5,2,1,1,1,1,401845,100000,5002453,143,213,1,146,217,0,1,326014,0,1,125,728026,1062979,passed,11,0,1,0
idempotency-accuracy,1630,1631,idempotency,21,4,4,3,21,0.8,0.3,5,2,1,1,1,1,357298,100000,4991694,143,213,3,146,217,0,1,328383,0,1,136,685862,1327314,passed,21,0,1,0
idempotency-accuracy,1631,1632,idempotency,24,4,2,5,21,0.8,0.3,5,2,1,1,5,28,680072,188686,9411319,55034,292624,177,49848,271022,171,5,1651280,0,5,35781,2367458,8308386,passed,24,1,8,1
idempotency-accuracy,1632,1633,idempotency,16,5,4,4,26,0.8,0.3,5,2,1,1,5,44,414144,111499,5575755,260512,2006396,941,202001,1536724,715,9,1978143,4,9,177895,2570747,17904384,passed,16,1,12,1
idempotency-accuracy,1633,1634,idempotency,24,3,3,2,16,0.8,0.3,5,2,1,1,4,32,367155,101429,5078632,439984,3273217,2182,368485,2728114,2022,17,2471817,13,17,299780,3141981,13937262,passed,24,2,21,2
idempotency-accuracy,1634,1635,idempotency,20,2,4,2,11,0.8,0.3,5,2,1,1,5,20,465130,129094,6457611,8582,48595,55,6154,35585,25,5,1648219,0,5,5411,2119011,1212832,passed,20,1,6,1
idempotency-accuracy,1635,1636,idempotency,23,4,3,3,21,0.8,0.3,5,2,1,1,8,56,454584,127278,6370643,99413,610927,285,90966,525517,374,8,2782902,0,8,67491,3305655,12351508,passed,23,3,11,2
idempotency-accuracy,1636,1637,idempotency,24,2,3,3,11,0.8,0.3,5,2,1,1,7,64,500021,137709,6873860,109500,668679,297,89718,559121,421,9,2754354,2,9,72436,3327599,2806312,passed,24,2,14,2
idempotency-accuracy,1637,1638,idempotency,15,2,5,4,11,0.8,0.3,5,2,1,1,10,83,653542,178038,8911366,200588,1352876,691,165433,972937,583,12,3699061,2,12,135984,4489392,1607303,passed,15,1,14,1
idempotency-accuracy,1638,1639,idempotency,12,4,5,4,21,0.8,0.3,5,2,1,1,4,20,386873,108036,5407783,28513,98363,132,25552,89116,57,4,1350181,0,4,17468,1754706,2074302,passed,12,1,7,1
idempotency-accuracy,1639,1640,idempotency,12,4,2,2,21,0.8,0.3,5,2,1,1,1,1,358971,100000,5007200,97,144,1,100,148,0,1,327225,0,1,111,686338,1088516,passed,12,0,1,0
idempotency-accuracy,1640,1641,idempotency,12,5,2,4,26,0.8,0.3,5,2,1,1,1,1,371598,100000,5011797,223,333,0,227,338,0,1,348736,0,1,189,720568,1243032,passed,12,0,1,0
idempotency-accuracy,1641,1642,idempotency,23,3,2,3,16,0.8,0.3,5,2,1,1,6,53,648630,180211,9030850,193085,1461442,847,150055,1115512,593,11,2559941,5,11,142329,3351718,5285509,validation_failed,23,1,16,1
idempotency-accuracy,1642,1643,idempotency,15,3,4,4,16,0.8,0.3,5,2,1,1,5,26,382491,105628,5262511,46026,377674,187,38707,346071,199,6,1772652,1,6,33172,2188685,2095668,passed,15,2,9,2
idempotency-accuracy,1643,1644,idempotency,22,2,4,2,11,0.8,0.3,5,2,1,1,9,63,921669,257578,12898902,46375,220447,140,41069,200477,115,9,3313168,0,9,29282,4264645,2169969,validation_failed,22,2,13,2
idempotency-accuracy,1644,1645,idempotency,17,3,4,3,16,0.8,0.3,5,2,1,1,5,48,668435,188158,9384933,100446,707442,297,72366,517962,258,8,2044962,3,8,66053,2779995,3649252,passed,17,2,13,2
idempotency-accuracy,1645,1646,idempotency,11,3,5,3,16,0.8,0.3,5,2,1,1,1,1,358724,100000,4999986,113,168,1,115,171,0,1,334469,0,1,104,693339,995804,passed,11,0,1,0
idempotency-accuracy,1646,1647,idempotency,12,4,2,3,21,0.8,0.3,5,2,1,1,1,1,358490,100000,5005691,139,207,2,142,211,0,1,330498,0,1,158,689188,1075998,passed,12,0,1,0
idempotency-accuracy,1647,1648,idempotency,20,5,4,5,26,0.8,0.3,5,2,1,1,1,1,361212,100000,5003367,279,417,1,283,422,0,1,330756,0,1,203,692223,1855479,passed,20,0,1,0
idempotency-accuracy,1648,1649,idempotency,18,2,5,3,11,0.8,0.3,5,2,1,1,1,1,360509,100000,5008006,81,120,2,82,122,21,1,328662,0,1,109,689315,983422,passed,18,0,1,0
idempotency-accuracy,1649,1650,idempotency,18,5,2,5,26,0.8,0.3,5,2,1,1,1,1,358579,100000,4998869,275,411,1,279,416,0,1,325768,0,1,199,684589,1567838,passed,18,0,1,0
idempotency-accuracy,1650,1651,idempotency,20,5,3,4,26,0.8,0.3,5,2,1,1,4,45,359178,101337,5074695,402582,2123968,1144,324886,1724073,997,9,1785853,5,9,254127,2399943,43461937,passed,20,1,15,1
idempotency-accuracy,1651,1652,idempotency,21,3,3,4,16,0.8,0.3,5,2,1,1,7,60,575467,160989,8041227,228466,1291370,722,188817,1065551,589,10,2664591,3,10,146704,3387470,7093194,validation_failed,21,1,15,1
idempotency-accuracy,1652,1653,idempotency,16,2,5,2,11,0.8,0.3,5,2,1,1,7,41,483264,127312,6371586,23935,86412,106,21782,79138,71,7,2383839,0,7,15051,2882580,1259899,passed,16,1,9,1
idempotency-accuracy,1653,1654,idempotency,23,4,3,5,21,0.8,0.3,5,2,1,1,12,155,1331044,364380,18229608,1279432,5860982,5136,1146899,5288001,5980,15,5470546,3,15,844066,7647034,68075082,passed,23,2,21,2
idempotency-accuracy,1654,1655,idempotency,14,5,2,4,26,0.8,0.3,5,2,1,1,7,66,561863,157697,7892272,178294,844915,434,158041,756418,519,7,2485444,0,7,114459,3162249,9876095,passed,14,2,14,2
idempotency-accuracy,1655,1656,idempotency,21,5,4,3,26,0.8,0.3,5,2,1,1,4,62,649833,182784,9142296,620563,4291846,2318,485847,3327882,1637,12,2607696,8,12,419287,3677901,79914790,validation_failed,21,1,21,1
idempotency-accuracy,1656,1657,idempotency,17,3,5,2,16,0.8,0.3,5,2,1,1,1,1,376389,100000,5013914,81,120,0,83,123,0,1,330117,0,1,112,706659,1043095,passed,17,0,1,0
idempotency-accuracy,1657,1658,idempotency,10,3,4,3,16,0.8,0.3,5,2,1,1,1,1,360295,100000,5010033,111,165,1,113,168,0,1,329979,0,1,104,690419,999915,passed,10,0,1,0
idempotency-accuracy,1658,1659,idempotency,15,4,3,3,21,0.8,0.3,5,2,1,1,6,59,468054,124848,6233827,150472,658472,488,119864,542667,482,8,2205495,2,8,95036,2769132,6910426,passed,15,3,14,3
idempotency-accuracy,1659,1660,idempotency,14,3,4,3,16,0.8,0.3,5,2,1,1,7,52,497550,133898,6687762,84938,594156,318,74800,500082,213,8,2434071,1,8,60020,2992203,2073036,validation_failed,14,1,11,1
idempotency-accuracy,1660,1661,idempotency,20,3,5,4,16,0.8,0.3,5,2,1,1,5,32,535135,147249,7372741,57936,324785,140,53578,308145,217,6,1759400,1,6,39144,2334054,3086093,passed,20,1,9,1
idempotency-accuracy,1661,1662,idempotency,13,5,4,3,26,0.8,0.3,5,2,1,1,1,1,360588,100000,5000269,175,261,1,179,266,0,1,341450,0,1,144,702224,1294589,passed,13,0,1,0
idempotency-accuracy,1662,1663,idempotency,13,2,4,5,11,0.8,0.3,5,2,1,1,1,1,357707,100000,4989102,123,183,1,124,185,0,1,329509,0,1,110,687366,978768,passed,13,0,1,0
idempotency-accuracy,1663,1664,idempotency,18,4,3,5,21,0.8,0.3,5,2,1,1,5,49,508990,142051,7103905,353787,1957036,1069,325816,1826805,1164,11,2255502,6,11,239745,3005130,13890374,passed,18,1,15,1
idempotency-accuracy,1664,1665,idempotency,13,5,3,3,26,0.8,0.3,5,2,1,1,1,1,376877,100000,4995595,173,258,2,177,263,0,1,339327,0,1,141,716398,1324046,passed,13,0,1,0
idempotency-accuracy,1665,1666,idempotency,14,5,3,2,26,0.8,0.3,5,2,1,1,1,1,359371,100000,4994254,121,180,1,125,185,0,1,335501,0,1,108,695021,1281533,passed,14,0,1,0
idempotency-accuracy,1666,1667,idempotency,24,5,4,4,26,0.8,0.3,5,2,1,1,2,11,354574,100091,5003474,90557,414702,262,64430,297268,175,6,765755,4,6,52000,1172563,25899987,passed,24,1,9,1
idempotency-accuracy,1667,1668,idempotency,21,4,2,5,21,0.8,0.3,5,2,1,1,4,26,799783,222439,11141661,74189,386076,197,55741,297544,223,6,1432152,2,6,46991,2279259,6715776,passed,21,2,9,2
idempotency-accuracy,1668,1669,idempotency,18,3,4,4,16,0.8,0.3,5,2,1,1,1,1,368386,100000,4989843,143,213,2,145,216,0,1,343762,0,1,140,712332,1068687,passed,18,0,1,0
idempotency-accuracy,1669,1670,idempotency,12,2,5,3,11,0.8,0.3,5,2,1,1,6,39,404297,113215,5649126,33798,162910,85,30685,150588,111,6,2050468,0,6,21225,2476388,1158810,validation_failed,12,1,10,1
idempotency-accuracy,1670,1671,idempotency,19,2,3,5,11,0.8,0.3,5,2,1,1,6,32,363983,101866,5095612,75968,431467,246,58424,323730,159,8,2081196,2,8,47847,2493787,1712654,passed,19,1,10,1
idempotency-accuracy,1671,1672,idempotency,21,2,3,5,11,0.8,0.3,5,2,1,1,5,51,471317,130494,6520758,160214,878956,507,126804,698425,576,9,1917020,4,9,106498,2495409,2412564,validation_failed,21,2,16,2
idempotency-accuracy,1672,1673,idempotency,17,4,4,4,21,0.8,0.3,5,2,1,1,4,21,397290,109403,5472183,126131,707151,580,101692,595031,573,9,1616572,5,9,80535,2094951,4135964,passed,17,1,10,1
idempotency-accuracy,1673,1674,idempotency,21,5,5,2,26,0.8,0.3,5,2,1,1,8,79,474587,128444,6419360,193795,871750,918,182687,832847,902,9,3139509,1,9,126654,3741445,40712600,validation_failed,21,1,16,1
idempotency-accuracy,1674,1675,idempotency,16,4,4,4,21,0.8,0.3,5,2,1,1,7,53,542531,149633,7470840,151049,807632,559,136567,738809,575,8,2576922,1,8,109453,3229481,6504455,validation_failed,16,1,14,1
idempotency-accuracy,1675,1676,idempotency,22,2,5,3,11,0.8,0.3,5,2,1,1,8,64,465953,130159,6496029,68953,424958,206,63067,398769,198,8,2902464,0,8,47478,3416445,2285954,passed,22,1,13,1
idempotency-accuracy,1676,1677,idempotency,17,3,3,3,16,0.8,0.3,5,2,1,1,1,1,358681,100000,4994335,109,162,0,111,165,0,1,326879,0,1,107,685708,1033441,passed,17,0,1,0
idempotency-accuracy,1677,1678,idempotency,17,3,2,5,16,0.8,0.3,5,2,1,1,5,52,476920,127808,6381873,343416,2712130,1006,290309,2335893,1098,13,2019064,8,13,240477,2737478,4413131,passed,17,1,14,1
idempotency-accuracy,1678,1679,idempotency,17,4,3,5,21,0.8,0.3,5,2,1,1,1,1,378182,100000,5002768,225,336,2,228,340,20,1,326876,0,1,193,705301,1213616,passed,17,0,1,0
idempotency-accuracy,1679,1680,idempotency,17,4,3,3,21,0.8,0.3,5,2,1,1,5,39,364711,102044,5111096,288603,2356972,1299,222931,1816327,1183,10,2054257,5,10,223997,2643608,12881428,validation_failed,17,1,16,1
idempotency-accuracy,1680,1681,idempotency,10,5,3,5,26,0.8,0.3,5,2,1,1,5,24,565661,158230,7901844,63628,345327,143,46603,260964,147,6,1652756,1,6,38511,2257237,2922563,passed,10,1,7,1
idempotency-accuracy,1681,1682,idempotency,12,3,4,5,16,0.8,0.3,5,2,1,1,4,16,396235,108034,5397037,27043,99030,94,19504,74507,70,5,1369410,1,5,15914,1781754,1314612,passed,12,1,6,1
idempotency-accuracy,1682,1683,idempotency,10,5,3,5,26,0.8,0.3,5,2,1,1,5,24,362461,101445,5056943,93218,344382,267,71266,264031,306,6,1800053,1,6,56005,2218782,3884590,passed,10,1,9,1
idempotency-accuracy,1683,1684,idempotency,22,2,2,5,11,0.8,0.3,5,2,1,1,3,9,374878,102383,5117665,4300,13362,16,2864,9385,18,3,1009107,0,3,2646,1386764,1417386,passed,22,1,4,1
idempotency-accuracy,1684,1685,idempotency,22,5,4,3,26,0.8,0.3,5,2,1,1,6,90,645173,176219,8825620,797231,5021649,2326,736668,4682907,2570,14,3392904,8,14,533640,4573242,105884740,passed,22,1,23,1
idempotency-accuracy,1685,1686,idempotency,16,3,3,3,16,0.8,0.3,5,2,1,1,9,79,1291089,343182,17164145,132010,784581,532,120331,726103,708,10,3322174,1,10,91961,4711315,2284527,validation_failed,16,1,13,1
idempotency-accuracy,1686,1687,idempotency,16,3,5,2,16,0.8,0.3,5,2,1,1,1,1,363054,100000,4987257,81,120,0,83,123,0,1,327330,0,1,114,690541,1025798,passed,16,0,1,0
idempotency-accuracy,1687,1688,idempotency,10,2,5,3,11,0.8,0.3,5,2,1,1,1,1,366059,100000,4988648,81,120,1,82,122,0,1,334972,0,1,90,701171,983272,passed,10,0,1,0
idempotency-accuracy,1688,1689,idempotency,24,5,2,4,26,0.8,0.3,5,2,1,1,11,131,812086,221732,11093653,717178,3839611,2531,594141,3223391,2342,13,4312229,2,13,485761,5611274,102963246,passed,24,2,18,2
idempotency-accuracy,1689,1690,idempotency,20,4,5,4,21,0.8,0.3,5,2,1,1,8,74,369556,103910,5188286,314811,1328937,965,287942,1248256,1147,11,3146694,3,11,210295,3727145,22937015,validation_failed,20,3,16,2
idempotency-accuracy,1690,1691,idempotency,11,5,4,5,26,0.8,0.3,5,2,1,1,1,1,360632,100000,4997260,279,417,0,283,422,0,1,328993,0,1,209,689867,1196058,passed,11,0,1,0
idempotency-accuracy,1691,1692,idempotency,20,2,4,3,11,0.8,0.3,5,2,1,1,6,55,711948,199480,9984159,102827,722699,313,84412,606196,275,9,2403595,3,9,66804,3182951,2050672,passed,20,1,14,1
idempotency-accuracy,1692,1693,idempotency,11,2,3,2,11,0.8,0.3,5,2,1,1,6,32,408413,113767,5693855,14222,61609,62,11930,53821,49,6,2005675,0,6,9403,2423848,1055268,validation_failed,11,2,8,2
idempotency-accuracy,1693,1694,idempotency,19,2,4,2,11,0.8,0.3,5,2,1,1,8,58,833227,234582,11735084,47078,223517,111,43599,209475,127,9,2768586,1,9,30497,3632836,1412728,passed,19,1,11,1
idempotency-accuracy,1694,1695,idempotency,23,4,4,5,21,0.8,0.3,5,2,1,1,1,1,365635,100000,4990082,227,339,1,230,343,0,1,329497,0,1,173,695339,1474827,passed,23,0,1,0
idempotency-accuracy,1695,1696,idempotency,23,4,4,3,21,0.8,0.3,5,2,1,1,1,1,360768,100000,5016264,143,213,2,146,217,0,1,329985,0,1,123,690915,1460050,passed,23,0,1,0
idempotency-accuracy,1696,1697,idempotency,16,3,4,4,16,0.8,0.3,5,2,1,1,9,85,722967,198876,9938259,230259,864606,530,200129,750012,521,10,3356390,1,10,142130,4222155,3580273,validation_failed,16,1,14,1
idempotency-accuracy,1697,1698,idempotency,11,4,4,4,21,0.8,0.3,5,2,1,1,1,1,356659,100000,4992116,185,276,1,188,280,0,1,325746,0,1,156,682591,1078145,passed,11,0,1,0
idempotency-accuracy,1698,1699,idempotency,14,5,5,2,26,0.8,0.3,5,2,1,1,8,72,618144,167764,8386215,186517,845809,461,159691,727122,660,9,3066360,1,9,120673,3805857,13608055,passed,14,1,14,1
idempotency-accuracy,1699,1700,idempotency,19,5,5,2,26,0.8,0.3,5,2,1,1,1,1,376516,100000,4995517,125,186,1,129,191,0,1,346342,0,1,113,723008,1607059,passed,19,0,1,0
idempotency-accuracy,1700,1701,idempotency,24,2,4,4,11,0.8,0.3,5,2,1,1,12,113,757712,207510,10365278,288996,1857657,726,243698,1437519,840,13,4468275,1,13,192106,5419094,4597730,validation_failed,24,1,17,1
idempotency-accuracy,1701,1702,idempotency,23,2,3,4,11,0.8,0.3,5,2,1,1,1,1,357235,100000,4998216,99,147,2,100,149,0,1,329119,0,1,99,686498,996529,passed,23,0,1,0
idempotency-accuracy,1702,1703,idempotency,21,4,4,4,21,0.8,0.3,5,2,1,1,8,107,554343,149751,7486284,660385,4546928,2123,558588,3634419,2437,13,3591999,5,13,465750,4613352,35853513,validation_failed,21,1,20,1
idempotency-accuracy,1703,1704,idempotency,15,5,3,2,26,0.8,0.3,5,2,1,1,1,1,464136,100000,5008511,121,180,1,125,185,0,1,327205,0,1,124,791511,1324165,passed,15,0,1,0
idempotency-accuracy,1704,1705,idempotency,17,3,5,5,16,0.8,0.3,5,2,1,1,5,29,510108,141348,7081182,45578,255304,116,33467,202782,174,6,1708081,1,6,28570,2247110,2277857,validation_failed,17,2,9,2
idempotency-accuracy,1705,1706,idempotency,20,3,4,4,16,0.8,0.3,5,2,1,1,6,67,476527,127542,6384943,223740,1013395,593,166567,762519,497,9,2538395,3,9,143503,3159041,6042588,validation_failed,20,1,17,1
idempotency-accuracy,1706,1707,idempotency,14,2,5,3,11,0.8,0.3,5,2,1,1,5,23,573297,160970,8036354,17978,98086,54,13217,74204,43,6,1720720,1,6,10948,2305408,1078091,passed,14,1,7,1
idempotency-accuracy,1707,1708,idempotency,11,4,4,4,21,0.8,0.3,5,2,1,1,1,1,360519,100000,4994519,185,276,0,188,280,0,1,326499,0,1,144,687202,1061694,passed,11,0,1,0
idempotency-accuracy,1708,1709,idempotency,20,3,2,2,16,0.8,0.3,5,2,1,1,1,1,356368,100000,5008363,75,111,1,77,114,0,1,324586,0,1,84,681077,1026703,passed,20,0,1,0
idempotency-accuracy,1709,1710,idempotency,14,3,3,3,16,0.8,0.3,5,2,1,1,4,19,433082,120471,6044024,20754,116061,50,18379,105673,33,5,1348019,1,5,13544,1794970,1499926,passed,14,1,7,1
idempotency-accuracy,1710,1711,idempotency,24,5,3,5,26,0.8,0.3,5,2,1,1,1,1,355345,100000,5011990,277,414,1,281,419,0,1,325678,0,1,216,681278,2161964,passed,24,0,1,0
idempotency-accuracy,1711,1712,idempotency,17,5,4,3,26,0.8,0.3,5,2,1,1,5,41,413811,116068,5801225,145497,645736,385,122956,547903,689,8,1836427,3,8,91850,2342593,16608703,passed,17,1,12,1
idempotency-accuracy,1712,1713,idempotency,16,5,3,4,26,0.8,0.3,5,2,1,1,7,74,698585,194589,9732101,382334,2340090,1111,351306,2183597,1139,10,2985311,3,10,260660,3945309,23538292,passed,16,1,17,1
idempotency-accuracy,1713,1714,idempotency,12,4,4,3,21,0.8,0.3,5,2,1,1,1,1,382994,100000,4992334,143,213,2,146,217,0,1,342537,0,1,143,725719,1093273,passed,12,0,1,0
idempotency-accuracy,1714,1715,idempotency,15,2,3,3,11,0.8,0.3,5,2,1,1,6,45,614719,170875,8541161,38365,164830,127,33655,147281,123,6,2058316,0,6,26378,2699776,1296307,passed,15,2,11,2
idempotency-accuracy,1715,1716,idempotency,23,5,4,2,26,0.8,0.3,5,2,1,1,7,110,873677,241440,12066569,568741,3893070,1644,539756,3731838,2003,13,3858411,6,13,413873,5147468,115289863,passed,23,1,23,1
idempotency-accuracy,1716,1717,idempotency,19,3,3,5,16,0.8,0.3,5,2,1,1,8,62,578225,162396,8126360,136901,760407,306,123223,697830,322,8,2853450,0,8,88554,3520761,4464506,validation_failed,19,2,13,2
idempotency-accuracy,1717,1718,idempotency,14,4,5,4,21,0.8,0.3,5,2,1,1,1,1,358141,100000,4996248,187,279,1,190,283,0,1,327715,0,1,175,686079,1140718,passed,14,0,1,0
idempotency-accuracy,1718,1719,idempotency,14,4,5,3,21,0.8,0.3,5,2,1,1,6,41,435932,121452,6106807,89230,487528,213,72719,407935,240,8,2143372,2,8,56092,2635868,3179126,passed,14,1,10,1
idempotency-accuracy,1719,1720,idempotency,18,5,2,4,26,0.8,0.3,5,2,1,1,1,1,356106,100000,4995911,223,333,1,227,338,0,1,325874,0,1,170,682189,1535816,passed,18,0,1,0
idempotency-accuracy,1720,1721,idempotency,17,3,2,5,16,0.8,0.3,5,2,1,1,4,27,369923,104299,5219555,150576,681124,363,126076,568778,581,9,1454031,5,9,94421,1918890,3245656,passed,17,1,11,1
idempotency-accuracy,1721,1722,idempotency,14,2,4,3,11,0.8,0.3,5,2,1,1,1,1,355374,100000,4991269,79,117,2,80,119,0,1,336608,0,1,105,692121,1005444,passed,14,0,1,0
idempotency-accuracy,1722,1723,idempotency,11,2,4,3,11,0.8,0.3,5,2,1,1,1,1,362112,100000,5020850,79,117,1,80,119,0,1,329200,0,1,88,691442,982205,passed,11,0,1,0
idempotency-accuracy,1723,1724,idempotency,10,3,5,2,16,0.8,0.3,5,2,1,1,5,18,358863,100287,5023468,10001,48828,23,9006,44640,33,5,1670177,0,5,6644,2035928,1105485,passed,10,1,5,1
idempotency-accuracy,1724,1725,idempotency,13,4,3,2,21,0.8,0.3,5,2,1,1,1,1,356373,100000,5001453,99,147,1,102,151,0,1,327541,0,1,104,684055,1071446,passed,13,0,1,0
idempotency-accuracy,1725,1726,idempotency,18,4,3,3,21,0.8,0.3,5,2,1,1,5,26,494889,137459,6870199,39282,207680,73,32038,173843,92,5,1685056,0,5,24641,2204909,4583934,passed,18,1,8,1
idempotency-accuracy,1726,1727,idempotency,18,4,3,4,21,0.8,0.3,5,2,1,1,1,1,360897,100000,4992502,183,273,1,186,277,0,1,330219,0,1,149,691305,1227542,passed,18,0,1,0
idempotency-accuracy,1727,1728,idempotency,14,4,2,3,21,0.8,0.3,5,2,1,1,6,42,361537,101109,5039720,177592,1217034,478,150972,1014587,470,10,2092302,4,10,117586,2572020,5510104,passed,14,1,12,1
idempotency-accuracy,1728,1729,idempotency,21,4,5,3,21,0.8,0.3,5,2,1,1,5,24,398490,111423,5569417,29083,153092,89,21698,116897,88,5,1682144,0,5,18060,2098953,6040206,passed,21,2,7,2
idempotency-accuracy,1729,1730,idempotency,16,2,4,2,11,0.8,0.3,5,2,1,1,7,49,413536,112032,5602084,112153,866236,443,95755,720118,458,12,2798340,5,12,77858,3290781,1592130,passed,16,1,14,1
idempotency-accuracy,1730,1731,idempotency,16,3,2,5,16,0.8,0.3,5,2,1,1,1,1,357871,100000,4994106,171,255,20,173,258,0,1,329571,0,1,161,687646,1025594,passed,16,0,1,0
idempotency-accuracy,1731,1732,idempotency,13,3,2,4,16,0.8,0.3,5,2,1,1,6,43,474612,130406,6528271,81665,408228,250,58351,300738,210,7,2094607,1,7,49977,2619550,2085223,passed,13,3,12,3
idempotency-accuracy,1732,1733,idempotency,21,5,2,2,26,0.8,0.3,5,2,1,1,1,1,358371,100000,5008222,119,177,1,123,182,0,1,328454,0,1,119,686985,1755185,passed,21,0,1,0
idempotency-accuracy,1733,1734,idempotency,17,4,2,3,21,0.8,0.3,5,2,1,1,1,1,355343,100000,4991143,139,207,0,142,211,0,1,327640,0,1,120,683142,1199501,passed,17,0,1,0
idempotency-accuracy,1734,1735,idempotency,12,2,5,4,11,0.8,0.3,5,2,1,1,4,14,373661,104513,5251343,8657,147742,28,5922,108408,50,4,1309736,0,4,6816,1690573,1003567,passed,12,1,5,1
idempotency-accuracy,1735,1736,idempotency,23,5,3,4,26,0.8,0.3,5,2,1,1,5,26,376204,105799,5284412,70716,276238,336,57038,219497,168,6,1687199,1,6,44031,2107702,23870953,passed,23,3,9,3
idempotency-accuracy,1736,1737,idempotency,15,2,5,4,11,0.8,0.3,5,2,1,1,8,67,493825,135543,6776100,179438,1157087,771,162418,1071622,788,12,3276312,4,12,130159,3901278,1581887,passed,15,2,14,2
idempotency-accuracy,1737,1738,idempotency,14,5,3,3,26,0.8,0.3,5,2,1,1,8,83,567362,157611,7889982,249297,1269892,704,223000,1153821,567,10,3109961,2,10,159908,3837896,12758965,passed,14,2,15,2
idempotency-accuracy,1738,1739,idempotency,12,3,4,4,16,0.8,0.3,5,2,1,1,1,1,372728,100000,4991524,143,213,0,145,216,0,1,332581,0,1,145,705497,1001619,passed,12,0,1,0
idempotency-accuracy,1739,1740,idempotency,21,2,5,2,11,0.8,0.3,5,2,1,1,8,61,400455,112170,5593462,49769,537338,188,36022,401795,195,8,2977389,0,8,36195,3414606,2002703,passed,21,3,13,3
idempotency-accuracy,1740,1741,idempotency,13,5,5,3,26,0.8,0.3,5,2,1,1,1,1,361490,100000,5001586,177,264,0,181,269,0,1,330389,0,1,163,692086,1248779,passed,13,0,1,0
idempotency-accuracy,1741,1742,idempotency,24,2,3,4,11,0.8,0.3,5,2,1,1,10,90,536119,149773,7494461,116083,746870,273,87999,585351,265,10,3687258,0,10,75241,4299197,2748443,passed,24,5,15,5
idempotency-accuracy,1742,1743,idempotency,13,3,3,3,16,0.8,0.3,5,2,1,1,1,1,357482,100000,4999643,109,162,2,111,165,0,1,332780,0,1,106,690403,1022093,passed,13,0,1,0
idempotency-accuracy,1743,1744,idempotency,17,2,5,4,11,0.8,0.3,5,2,1,1,5,30,386933,107744,5390693,33871,175612,119,24214,127158,48,6,1747963,1,6,20968,2156145,1436306,passed,17,1,10,1
idempotency-accuracy,1744,1745,idempotency,23,3,2,3,16,0.8,0.3,5,2,1,1,1,1,363676,100000,5012143,107,159,1,109,162,0,1,329430,0,1,100,693252,1086363,passed,23,0,1,0
idempotency-accuracy,1745,1746,idempotency,10,4,3,3,21,0.8,0.3,5,2,1,1,1,1,373251,100000,5005522,141,210,1,144,214,0,1,326521,0,1,120,699935,1082703,passed,10,0,1,0
idempotency-accuracy,1746,1747,idempotency,15,3,5,2,16,0.8,0.3,5,2,1,1,1,1,431066,100000,5000217,81,120,1,83,123,0,1,329147,0,1,87,760367,1061241,passed,15,0,1,0
idempotency-accuracy,1747,1748,idempotency,20,2,5,2,11,0.8,0.3,5,2,1,1,4,16,373331,103210,5159804,4970,31130,8,3467,22671,27,4,1363891,0,4,3135,1740569,1170495,passed,20,2,6,2
idempotency-accuracy,1748,1749,idempotency,18,4,5,4,21,0.8,0.3,5,2,1,1,8,56,640938,177244,8868462,193850,1259884,554,183178,1169276,665,10,2919272,2,10,133484,3694403,12465391,validation_failed,18,1,12,1
idempotency-accuracy,1749,1750,idempotency,15,4,5,2,21,0.8,0.3,5,2,1,1,1,1,373624,100000,4991674,103,153,2,106,157,0,1,346213,0,1,126,720011,1155256,passed,15,0,1,0
idempotency-accuracy,1750,1751,idempotency,23,3,4,2,16,0.8,0.3,5,2,1,1,1,1,357158,100000,4992215,79,117,0,81,120,0,1,324705,0,1,82,681985,1109596,passed,23,0,1,0
idempotency-accuracy,1751,1752,idempotency,17,3,5,5,16,0.8,0.3,5,2,1,1,1,1,361871,100000,5018468,177,264,0,179,267,0,1,326952,0,1,143,689005,1061487,passed,17,0,1,0
idempotency-accuracy,1752,1753,idempotency,22,4,4,2,21,0.8,0.3,5,2,1,1,1,1,356408,100000,4998977,101,150,2,104,154,0,1,343371,0,1,158,699973,1372224,passed,22,0,1,0
idempotency-accuracy,1753,1754,idempotency,11,5,5,5,26,0.8,0.3,5,2,1,1,1,1,363014,100000,4997547,281,420,3,285,425,1,1,334486,0,1,284,697832,1211661,passed,11,0,1,0
idempotency-accuracy,1754,1755,idempotency,17,4,2,3,21,0.8,0.3,5,2,1,1,1,1,367828,100000,4996833,139,207,2,142,211,0,1,329814,0,1,147,697832,1185145,passed,17,0,1,0
idempotency-accuracy,1755,1756,idempotency,24,5,4,2,26,0.8,0.3,5,2,1,1,1,1,369881,100000,4992151,123,183,2,127,188,0,1,331595,0,1,135,701657,1999829,passed,24,0,1,0
idempotency-accuracy,1756,1757,idempotency,15,2,2,2,11,0.8,0.3,5,2,1,1,1,1,359857,100000,5009400,53,78,1,54,80,0,1,329617,0,1,72,689587,976782,passed,15,0,1,0
idempotency-accuracy,1757,1758,idempotency,10,3,2,3,16,0.8,0.3,5,2,1,1,4,16,356801,100249,5010150,17499,125883,91,13874,98004,38,5,1313020,1,5,11342,1681782,1145425,passed,10,1,6,1
idempotency-accuracy,1758,1759,idempotency,12,4,5,3,21,0.8,0.3,5,2,1,1,1,1,371657,100000,5004842,145,216,0,148,220,0,1,329146,0,1,133,700979,1064114,passed,12,0,1,0
idempotency-accuracy,1759,1760,idempotency,14,4,3,2,21,0.8,0.3,5,2,1,1,1,1,359018,100000,5012403,99,147,1,102,151,0,1,332520,0,1,100,691683,1127142,passed,14,0,1,0
idempotency-accuracy,1760,1761,idempotency,16,5,2,3,26,0.8,0.3,5,2,1,1,1,1,373677,100000,4993682,171,255,2,175,260,0,1,341165,0,1,151,715033,1430933,passed,16,0,1,0
idempotency-accuracy,1761,1762,idempotency,20,4,4,5,21,0.8,0.3,5,2,1,1,1,1,354896,100000,4999880,227,339,1,230,343,0,1,327623,0,1,173,682748,1313617,passed,20,0,1,0
idempotency-accuracy,1762,1763,idempotency,24,5,4,4,26,0.8,0.3,5,2,1,1,7,62,408210,114555,5718013,753357,4577076,2064,583160,3451040,1775,11,3665605,4,11,472253,4547135,133838782,validation_failed,24,1,21,1
idempotency-accuracy,1763,1764,idempotency,23,2,5,2,11,0.8,0.3,5,2,1,1,12,146,693450,193449,9671893,353055,2433022,1092,288605,1985216,1080,15,4764501,3,15,226212,5685871,3815473,validation_failed,23,1,20,1
idempotency-accuracy,1764,1765,idempotency,11,5,5,2,26,0.8,0.3,5,2,1,1,7,39,411923,106370,5308203,89196,698172,253,67981,517655,264,8,2413739,1,8,57626,2883699,4448563,passed,11,1,11,1
idempotency-accuracy,1765,1766,idempotency,14,5,4,5,26,0.8,0.3,5,2,1,1,1,1,369396,100000,4999466,279,417,0,283,422,8,1,329503,0,1,210,699148,1380879,passed,14,0,1,0
idempotency-accuracy,1766,1767,idempotency,16,3,2,2,16,0.8,0.3,5,2,1,1,1,1,355459,100000,4991907,75,111,1,77,114,0,1,329333,0,1,82,684908,1023426,passed,16,0,1,0
idempotency-accuracy,1767,1768,idempotency,16,3,4,4,16,0.8,0.3,5,2,1,1,7,52,642024,179907,8994558,87116,367575,166,77737,330967,213,7,2474582,0,7,55435,3172428,2621135,passed,16,2,12,2
idempotency-accuracy,1768,1769,idempotency,13,4,3,3,21,0.8,0.3,5,2,1,1,5,35,379382,107160,5365236,90505,599321,355,70883,450462,195,7,1808038,2,7,58619,2246675,3488496,passed,13,1,11,1
idempotency-accuracy,1769,1770,idempotency,16,3,4,2,16,0.8,0.3,5,2,1,1,1,1,394803,100000,5005219,79,117,2,81,120,0,1,332688,0,1,82,727613,1036632,passed,16,0,1,0
idempotency-accuracy,1770,1771,idempotency,18,3,2,5,16,0.8,0.3,5,2,1,1,1,1,357651,100000,5000542,171,255,1,173,258,0,1,331117,0,1,146,688954,1048919,passed,18,0,1,0
idempotency-accuracy,1771,1772,idempotency,14,3,5,4,16,0.8,0.3,5,2,1,1,3,10,384860,102717,5141600,7215,159286,22,4810,108601,14,3,990420,0,3,5965,1381718,1490775,passed,14,1,5,1
idempotency-accuracy,1772,1773,idempotency,11,5,2,4,26,0.8,0.3,5,2,1,1,1,1,362332,100000,4990443,223,333,2,227,338,0,1,333494,0,1,184,696052,1241147,passed,11,0,1,0
idempotency-accuracy,1773,1774,idempotency,13,2,3,4,11,0.8,0.3,5,2,1,1,1,1,363004,100000,5003576,99,147,1,100,149,0,1,339496,0,1,96,702645,996055,passed,13,0,1,0
idempotency-accuracy,1774,1775,idempotency,11,4,5,3,21,0.8,0.3,5,2,1,1,1,1,385633,100000,5028496,145,216,1,148,220,0,1,331187,0,1,120,716984,1058001,passed,11,0,1,0
idempotency-accuracy,1775,1776,idempotency,16,2,2,5,11,0.8,0.3,5,2,1,1,7,51,453303,126661,6317622,75775,330015,184,66112,286345,198,8,2376524,1,8,48753,2879035,1432840,passed,16,4,12,4
idempotency-accuracy,1776,1777,idempotency,14,3,3,2,16,0.8,0.3,5,2,1,1,6,32,370951,104002,5182585,21839,102826,76,17868,83654,64,6,2078553,0,6,13756,2463557,1679025,passed,14,4,9,4
idempotency-accuracy,1777,1778,idempotency,10,4,2,3,21,0.8,0.3,5,2,1,1,4,21,380353,103998,5220432,43266,390405,176,36312,328448,147,6,1439730,2,6,34443,1854912,1666406,passed,10,1,8,1
idempotency-accuracy,1778,1779,idempotency,23,3,4,2,16,0.8,0.3,5,2,1,1,1,1,363356,100000,5000796,79,117,1,81,120,0,1,348433,0,1,85,711913,1107898,passed,23,0,1,0
idempotency-accuracy,1779,1780,idempotency,13,2,5,2,11,0.8,0.3,5,2,1,1,1,1,359923,100000,5003855,59,87,2,60,89,0,1,329959,0,1,76,690004,967264,passed,13,0,1,0
idempotency-accuracy,1780,1781,idempotency,19,4,3,3,21,0.8,0.3,5,2,1,1,3,10,364488,102074,5116963,15625,80043,82,11383,59313,31,5,1114816,2,5,9724,1489302,2358913,validation_failed,19,1,5,1
idempotency-accuracy,1781,1782,idempotency,17,4,5,5,21,0.8,0.3,5,2,1,1,9,82,448197,123642,6179806,272363,1261788,1149,235473,1107787,1176,9,3569978,0,9,180915,4199714,14114901,passed,17,4,15,4
idempotency-accuracy,1782,1783,idempotency,22,4,4,3,21,0.8,0.3,5,2,1,1,11,128,482002,134857,6745652,403550,2123045,1080,375712,1986342,1260,12,4377343,1,12,259847,5120277,35866335,passed,22,1,19,1
idempotency-accuracy,1783,1784,idempotency,24,4,5,3,21,0.8,0.3,5,2,1,1,7,73,499440,139101,6956480,526223,2783603,1365,412435,2249098,1408,12,2929783,5,12,323182,3753288,41272942,passed,24,4,18,4
idempotency-accuracy,1784,1785,idempotency,21,3,5,3,16,0.8,0.3,5,2,1,1,1,1,385153,100000,5021781,113,168,1,115,171,0,1,325839,0,1,105,711141,1115862,passed,21,0,1,0
idempotency-accuracy,1785,1786,idempotency,23,5,4,5,26,0.8,0.3,5,2,1,1,4,36,382194,107163,5349021,327717,3441968,1209,268430,2783558,955,9,1684769,5,9,238872,2306656,45551208,passed,23,1,14,1
idempotency-accuracy,1786,1787,idempotency,10,5,2,5,26,0.8,0.3,5,2,1,1,1,1,355329,100000,4998776,275,411,2,279,416,0,1,346099,0,1,202,701674,1146519,passed,10,0,1,0
idempotency-accuracy,1787,1788,idempotency,22,4,3,5,21,0.8,0.3,5,2,1,1,6,45,453867,127463,6366667,301476,2394663,928,218547,1778955,756,9,2245920,3,9,194152,2894647,23048448,passed,22,2,13,2
idempotency-accuracy,1788,1789,idempotency,16,2,5,4,11,0.8,0.3,5,2,1,1,1,1,357019,100000,4997686,103,153,1,104,155,0,1,329138,0,1,100,686300,985544,passed,16,0,1,0
idempotency-accuracy,1789,1790,idempotency,14,5,2,2,26,0.8,0.3,5,2,1,1,1,1,370099,100000,5001441,119,177,0,123,182,0,1,329879,0,1,110,700131,1292980,passed,14,0,1,0
idempotency-accuracy,1790,1791,idempotency,20,5,4,4,26,0.8,0.3,5,2,1,1,1,1,386466,100000,4990587,227,339,2,231,344,0,1,343985,0,1,205,730698,1810722,passed,20,0,1,0
idempotency-accuracy,1791,1792,idempotency,23,4,3,3,21,0.8,0.3,5,2,1,1,7,63,401124,107660,5383456,212629,1735214,825,176650,1468195,820,10,2693196,3,10,150649,3245870,17550396,passed,23,2,14,2
idempotency-accuracy,1792,1793,idempotency,18,3,3,3,16,0.8,0.3,5,2,1,1,6,44,386960,106713,5338015,52353,306815,165,47885,288807,235,6,2053264,0,6,35915,2476658,2822356,passed,18,1,11,1
idempotency-accuracy,1793,1794,idempotency,10,3,4,3,16,0.8,0.3,5,2,1,1,1,1,357946,100000,4995951,111,165,2,113,168,0,1,333760,0,1,104,691851,979496,passed,10,0,1,0
idempotency-accuracy,1794,1795,idempotency,19,5,3,4,26,0.8,0.3,5,2,1,1,6,85,432672,122225,6098606,707008,4637154,1847,613868,4145377,2281,12,3505727,6,12,480373,4419780,59696320,passed,19,3,20,3
idempotency-accuracy,1795,1796,idempotency,20,4,3,2,21,0.8,0.3,5,2,1,1,6,67,490065,129368,6466554,168841,918447,1176,133257,720368,1066,9,2549308,3,9,110062,3150277,15613876,validation_failed,20,2,16,2
idempotency-accuracy,1796,1797,idempotency,15,5,2,4,26,0.8,0.3,5,2,1,1,7,57,394893,107849,5403936,167865,733619,1226,150282,674253,1243,8,2575755,1,8,113775,3084929,11120606,passed,15,3,12,3
idempotency-accuracy,1797,1798,idempotency,16,5,2,3,26,0.8,0.3,5,2,1,1,1,1,374880,100000,5019277,171,255,1,175,260,1,1,337552,0,1,140,712618,1493702,passed,16,0,1,0
idempotency-accuracy,1798,1799,idempotency,12,4,4,2,21,0.8,0.3,5,2,1,1,1,1,364647,100000,4990437,101,150,1,104,154,0,1,332524,0,1,97,697311,1089882,passed,12,0,1,0
idempotency-accuracy,1799,1800,idempotency,19,4,5,5,21,0.8,0.3,5,2,1,1,1,1,362160,100000,4990473,229,342,1,232,346,0,1,337712,0,1,184,700100,1284168,passed,19,0,1,0
idempotency-accuracy,1800,1801,idempotency,14,4,5,4,21,0.8,0.3,5,2,1,1,6,45,391043,101286,5055686,201949,1026389,837,145188,769023,597,8,2462888,2,8,122515,2976864,6516807,passed,14,4,15,4
idempotency-accuracy,1801,1802,idempotency,19,2,5,4,11,0.8,0.3,5,2,1,1,5,28,448898,124726,6212562,28275,143401,86,20231,105398,50,6,1743916,1,6,16804,2209954,1400301,passed,19,1,8,1
idempotency-accuracy,1802,1803,idempotency,19,4,4,5,21,0.8,0.3,5,2,1,1,6,53,448128,126355,6312140,348207,2684583,1304,271139,2082923,1034,12,2415360,6,12,228056,3092366,10620510,validation_failed,19,1,15,1
idempotency-accuracy,1803,1804,idempotency,13,4,5,5,21,0.8,0.3,5,2,1,1,6,44,402739,112001,5593648,142160,558784,402,113112,435383,349,7,2172822,1,7,83645,2659551,4486989,passed,13,1,11,1
idempotency-accuracy,1804,1805,idempotency,15,3,5,4,16,0.8,0.3,5,2,1,1,1,1,357739,100000,5002594,145,216,0,147,219,0,1,329363,0,1,140,687276,1043409,passed,15,0,1,0
idempotency-accuracy,1805,1806,idempotency,23,3,5,5,16,0.8,0.3,5,2,1,1,3,23,364336,101230,5075975,378465,2679620,1114,264952,1961823,961,9,2006522,6,9,244424,2616019,15512216,passed,23,3,17,3
idempotency-accuracy,1806,1807,idempotency,13,3,4,2,16,0.8,0.3,5,2,1,1,1,1,355623,100000,4977975,79,117,0,81,120,0,1,325009,0,1,105,680772,1026456,passed,13,0,1,0
idempotency-accuracy,1807,1808,idempotency,17,5,4,4,26,0.8,0.3,5,2,1,1,5,37,389893,108877,5446176,224955,781989,678,207211,719838,868,8,1999277,3,8,148139,2537910,21639589,validation_failed,17,1,12,1
idempotency-accuracy,1808,1809,idempotency,23,5,5,2,26,0.8,0.3,5,2,1,1,8,110,444266,124237,6214799,449707,2552534,1415,416271,2408762,1531,12,3598181,4,12,316179,4359644,106756879,validation_failed,23,1,23,1
idempotency-accuracy,1809,1810,idempotency,12,3,2,2,16,0.8,0.3,5,2,1,1,6,34,434652,116602,5828800,22839,103766,45,20486,95557,121,6,2022714,0,6,14634,2472342,1468146,passed,12,2,9,1
idempotency-accuracy,1810,1811,idempotency,17,5,3,5,26,0.8,0.3,5,2,1,1,4,25,359218,100321,5019803,286425,1343687,724,211058,1005343,875,9,1699542,5,9,173356,2232908,24143891,passed,17,2,14,2
idempotency-accuracy,1811,1812,idempotency,15,5,4,3,26,0.8,0.3,5,2,1,1,1,1,360635,100000,4984408,175,261,2,179,266,0,1,327370,0,1,147,688189,1403161,passed,15,0,1,0
idempotency-accuracy,1812,1813,idempotency,11,5,4,5,26,0.8,0.3,5,2,1,1,1,1,361715,100000,5008699,279,417,0,283,422,0,1,329078,0,1,228,691064,1221810,passed,11,0,1,0
idempotency-accuracy,1813,1814,idempotency,17,2,4,3,11,0.8,0.3,5,2,1,1,1,1,354815,100000,4990935,79,117,2,80,119,0,1,323282,0,1,111,678250,1028936,passed,17,0,1,0
idempotency-accuracy,1814,1815,idempotency,18,4,2,3,21,0.8,0.3,5,2,1,1,1,1,379090,100000,5001178,139,207,2,142,211,1,1,378692,0,1,181,758010,1278713,passed,18,0,1,0
idempotency-accuracy,1815,1816,idempotency,10,4,4,2,21,0.8,0.3,5,2,1,1,1,1,356210,100000,4996759,101,150,2,104,154,0,1,324847,0,1,107,681205,1029677,passed,10,0,1,0
idempotency-accuracy,1816,1817,idempotency,20,5,3,5,26,0.8,0.3,5,2,1,1,8,91,464255,130869,6546549,584091,3881667,1470,488220,3190534,1389,10,3167589,2,10,389242,4021961,56492188,validation_failed,20,2,17,2
idempotency-accuracy,1817,1818,idempotency,14,4,3,3,21,0.8,0.3,5,2,1,1,5,49,359689,101800,5077613,152600,1070811,380,108838,742494,278,9,2082550,4,9,96879,2539543,6222900,passed,14,3,14,3
idempotency-accuracy,1818,1819,idempotency,14,5,4,2,26,0.8,0.3,5,2,1,1,4,17,401446,112536,5615688,52153,237995,103,41383,182721,93,6,1460777,2,6,32219,1894738,7383380,validation_failed,14,1,11,1
idempotency-accuracy,1819,1820,idempotency,20,4,5,4,21,0.8,0.3,5,2,1,1,6,54,385325,108403,5414881,284811,1880522,929,252614,1695588,891,9,2535587,3,9,196985,3118658,20121161,passed,20,2,16,2
idempotency-accuracy,1820,1821,idempotency,15,2,5,2,11,0.8,0.3,5,2,1,1,6,42,459570,128562,6437870,44471,403138,195,38335,318386,124,9,2151451,3,9,33444,2645247,1254737,passed,15,2,10,2
idempotency-accuracy,1821,1822,idempotency,12,2,3,2,11,0.8,0.3,5,2,1,1,1,1,372966,100000,4983975,55,81,2,56,83,0,1,357514,0,1,80,730604,992809,passed,12,0,1,0
idempotency-accuracy,1822,1823,idempotency,10,3,4,4,16,0.8,0.3,5,2,1,1,1,1,362928,100000,4989480,143,213,1,145,216,0,1,328567,0,1,122,691662,1013862,passed,10,0,1,0
idempotency-accuracy,1823,1824,idempotency,12,4,5,5,21,0.8,0.3,5,2,1,1,1,1,371212,100000,5012679,229,342,0,232,346,0,1,330102,0,1,179,701532,1121078,passed,12,0,1,0
idempotency-accuracy,1824,1825,idempotency,21,4,4,2,21,0.8,0.3,5,2,1,1,8,64,738762,206547,10313012,106825,604539,239,90506,519213,452,9,2831675,1,9,69509,3640720,11271600,passed,21,1,12,1
idempotency-accuracy,1825,1826,idempotency,13,5,5,5,26,0.8,0.3,5,2,1,1,1,1,358089,100000,4988235,281,420,2,285,425,0,1,330769,0,1,203,689102,1317434,passed,13,0,1,0
idempotency-accuracy,1826,1827,idempotency,18,3,2,4,16,0.8,0.3,5,2,1,1,8,66,548562,153820,7684521,110135,511935,272,99979,471373,263,8,2845974,0,8,70282,3465363,2833229,validation_failed,18,1,13,1
idempotency-accuracy,1827,1828,idempotency,23,5,2,4,26,0.8,0.3,5,2,1,1,1,1,379901,100000,5003233,223,333,1,227,338,0,1,356455,0,1,171,736570,2165892,passed,23,0,1,0
idempotency-accuracy,1828,1829,idempotency,21,3,4,3,16,0.8,0.3,5,2,1,1,6,69,531797,142702,7132364,262129,1490875,1382,237625,1351743,1559,10,2730591,4,10,177888,3441231,11162711,passed,21,2,19,2
idempotency-accuracy,1829,1830,idempotency,18,3,4,5,16,0.8,0.3,5,2,1,1,1,1,361107,100000,4989925,175,261,10,177,264,0,1,329353,0,1,153,690656,1070400,passed,18,0,1,0
idempotency-accuracy,1830,1831,idempotency,23,2,4,2,11,0.8,0.3,5,2,1,1,5,43,385093,105947,5309886,120760,843533,352,89709,639690,267,10,2181552,5,10,75722,2643074,3025393,passed,23,2,17,2
idempotency-accuracy,1831,1832,idempotency,19,4,4,2,21,0.8,0.3,5,2,1,1,7,70,675221,182702,9143235,234652,1411130,1250,187572,1048779,1068,11,3065659,4,11,155086,3896923,14599408,validation_failed,19,1,16,1
idempotency-accuracy,1832,1833,idempotency,24,4,2,3,21,0.8,0.3,5,2,1,1,8,80,391149,109784,5481397,351160,2140155,858,315860,1933800,988,12,3052730,4,12,234624,3679512,40654975,validation_failed,24,2,18,2
idempotency-accuracy,1833,1834,idempotency,23,3,5,4,16,0.8,0.3,5,2,1,1,13,162,567801,157874,7885443,592739,5161149,1593,459810,3697769,1724,14,5063602,1,14,415359,6048133,13567304,validation_failed,23,5,22,5
idempotency-accuracy,1834,1835,idempotency,15,2,5,5,11,0.8,0.3,5,2,1,1,6,31,423966,116445,5825794,40314,408619,222,36215,369988,191,6,2087071,0,6,32040,2548501,1211665,passed,15,1,8,1
idempotency-accuracy,1835,1836,idempotency,19,4,2,3,21,0.8,0.3,5,2,1,1,6,67,383745,107925,5405967,335209,2238674,1033,247398,1701008,774,10,2493618,4,10,213174,3091629,17473124,passed,19,4,17,4
idempotency-accuracy,1836,1837,idempotency,15,5,5,3,26,0.8,0.3,5,2,1,1,7,47,655371,170039,8494247,87774,336411,171,75797,291630,263,7,2474895,0,7,55110,3185767,8721260,passed,15,3,10,3
idempotency-accuracy,1837,1838,idempotency,24,2,5,3,11,0.8,0.3,5,2,1,1,9,129,492741,137471,6886625,473836,3389606,1582,360889,2593015,1282,12,4199818,3,12,320939,5014915,6594453,passed,24,3,23,3
idempotency-accuracy,1838,1839,idempotency,22,4,3,3,21,0.8,0.3,5,2,1,1,1,1,360868,100000,5008274,141,210,2,144,214,0,1,347923,0,1,128,708960,1364302,passed,22,0,1,0
idempotency-accuracy,1839,1840,idempotency,14,4,5,5,21,0.8,0.3,5,2,1,1,1,1,356673,100000,4981823,229,342,0,232,346,0,1,328465,0,1,169,685350,1148048,passed,14,0,1,0
idempotency-accuracy,1840,1841,idempotency,10,5,3,5,26,0.8,0.3,5,2,1,1,1,1,372895,100000,5001739,277,414,2,281,419,0,1,341854,0,1,243,715038,1220556,passed,10,0,1,0
idempotency-accuracy,1841,1842,idempotency,22,3,3,5,16,0.8,0.3,5,2,1,1,9,113,658970,182736,9131227,751529,5909089,2678,601307,4864758,2269,12,4210304,3,12,522511,5393087,20088378,passed,22,2,22,2
idempotency-accuracy,1842,1843,idempotency,12,3,4,2,16,0.8,0.3,5,2,1,1,1,1,366808,100000,5000749,79,117,1,81,120,0,1,336567,0,1,85,703503,1052004,passed,12,0,1,0
idempotency-accuracy,1843,1844,idempotency,18,3,3,3,16,0.8,0.3,5,2,1,1,4,23,438428,116925,5838896,28596,155283,103,23834,134389,104,6,1385732,2,6,19585,1844018,2133515,validation_failed,18,3,8,2
idempotency-accuracy,1844,1845,idempotency,22,4,2,3,21,0.8,0.3,5,2,1,1,1,1,373268,100000,4996530,139,207,2,142,211,0,1,328960,0,1,144,702415,1445596,passed,22,0,1,0
idempotency-accuracy,1845,1846,idempotency,10,2,3,5,11,0.8,0.3,5,2,1,1,1,1,364116,100000,5018507,121,180,1,122,182,0,1,336013,0,1,131,700303,1011297,passed,10,0,1,0
idempotency-accuracy,1846,1847,idempotency,15,4,2,2,21,0.8,0.3,5,2,1,1,7,62,786080,217429,10872155,105008,543968,300,91674,481683,462,8,2484269,1,8,70947,3341890,5743742,passed,15,2,13,2
idempotency-accuracy,1847,1848,idempotency,24,4,3,3,21,0.8,0.3,5,2,1,1,10,85,736842,198768,9941091,331473,2845314,1301,268302,2223943,1048,11,3945933,1,11,244416,4928238,26160999,validation_failed,24,1,16,1
idempotency-accuracy,1848,1849,idempotency,22,3,3,4,16,0.8,0.3,5,2,1,1,4,55,603853,163598,8200325,562648,3410783,1952,484091,2993439,2075,11,2343296,7,11,384792,3333058,18437311,passed,22,1,21,1
idempotency-accuracy,1849,1850,idempotency,17,5,3,2,26,0.8,0.3,5,2,1,1,3,28,416117,114350,5711230,78744,518519,1247,57127,368146,727,6,1255365,3,6,52469,1724494,16387471,passed,17,2,13,2
idempotency-accuracy,1850,1851,idempotency,12,2,3,2,11,0.8,0.3,5,2,1,1,1,1,372480,100000,5009859,55,81,0,56,83,0,1,343734,0,1,71,716326,1029273,passed,12,0,1,0
idempotency-accuracy,1851,1852,idempotency,20,5,4,5,26,0.8,0.3,5,2,1,1,1,1,365699,100000,5009628,279,417,2,283,422,0,1,332602,0,1,234,698574,1806601,passed,20,0,1,0
idempotency-accuracy,1852,1853,idempotency,13,2,3,4,11,0.8,0.3,5,2,1,1,1,1,360758,100000,4995849,99,147,2,100,149,0,1,327737,0,1,93,688638,1017393,passed,13,0,1,0
idempotency-accuracy,1853,1854,idempotency,10,5,3,4,26,0.8,0.3,5,2,1,1,4,28,558744,152794,7651378,112405,588220,237,103432,559041,430,7,1415014,3,7,80666,2054934,4404230,passed,10,1,10,1
idempotency-accuracy,1854,1855,idempotency,12,2,5,3,11,0.8,0.3,5,2,1,1,1,1,425153,100000,4992499,81,120,0,82,122,0,1,328176,0,1,86,753457,1040750,passed,12,0,1,0
idempotency-accuracy,1855,1856,idempotency,23,3,4,4,16,0.8,0.3,5,2,1,1,2,6,375261,102717,5134493,3492,9133,55,2840,7742,25,2,686925,0,2,2432,1064712,1581488,passed,23,1,4,1
idempotency-accuracy,1856,1857,idempotency,18,4,5,5,21,0.8,0.3,5,2,1,1,7,57,443824,117932,5908199,262579,1137628,1286,232007,1028372,1105,9,2791100,2,9,169383,3404954,13922406,passed,18,2,13,2
idempotency-accuracy,1857,1858,idempotency,16,5,4,2,26,0.8,0.3,5,2,1,1,1,1,357107,100000,4997108,123,183,0,127,188,0,1,337614,0,1,116,694878,1386493,passed,16,0,1,0
idempotency-accuracy,1858,1859,idempotency,24,2,2,5,11,0.8,0.3,5,2,1,1,7,70,626232,172548,8638130,395378,3869037,1334,328965,3352620,1189,11,2796241,4,11,290622,3714463,5383189,passed,24,1,20,1
idempotency-accuracy,1859,1860,idempotency,24,5,2,5,26,0.8,0.3,5,2,1,1,5,45,405519,113410,5659357,437137,2769450,1351,353425,2193809,1079,9,2055839,4,9,297059,2759349,87768440,passed,24,1,15,1
idempotency-accuracy,1860,1861,idempotency,18,5,2,2,26,0.8,0.3,5,2,1,1,5,27,742971,207404,10378123,37727,259152,149,30592,183763,124,6,1687354,1,6,25972,2456639,7558160,validation_failed,18,1,8,1
idempotency-accuracy,1861,1862,idempotency,18,4,4,5,21,0.8,0.3,5,2,1,1,6,40,396889,110168,5505870,406342,2227536,1993,358713,2013048,1986,10,2521948,4,10,265441,3185042,16131850,passed,18,1,16,1
idempotency-accuracy,1862,1863,idempotency,13,4,5,5,21,0.8,0.3,5,2,1,1,6,43,369054,101866,5091046,217150,1237457,635,165556,964901,490,9,2320896,3,9,136831,2827313,4499069,passed,13,1,11,1
idempotency-accuracy,1863,1864,idempotency,11,4,2,5,21,0.8,0.3,5,2,1,1,1,1,366805,100000,5001489,223,333,1,226,337,0,1,330620,0,1,194,697681,1090819,passed,11,0,1,0
idempotency-accuracy,1864,1865,idempotency,21,3,5,3,16,0.8,0.3,5,2,1,1,10,101,672362,185897,9288824,172068,893117,510,154795,820222,676,10,3793989,0,10,111185,4578329,7468283,passed,21,2,16,2
idempotency-accuracy,1865,1866,idempotency,11,5,4,2,26,0.8,0.3,5,2,1,1,1,1,374699,100000,4992445,123,183,1,127,188,0,1,333678,0,1,109,708529,1191314,passed,11,0,1,0
idempotency-accuracy,1866,1867,idempotency,22,3,3,2,16,0.8,0.3,5,2,1,1,1,1,359119,100000,4991812,77,114,1,79,117,0,1,331957,0,1,86,691212,1096562,passed,22,0,1,0
idempotency-accuracy,1867,1868,idempotency,10,3,2,4,16,0.8,0.3,5,2,1,1,1,1,358727,100000,5001519,139,207,2,141,210,0,1,326559,0,1,134,685468,1008137,passed,10,0,1,0
idempotency-accuracy,1868,1869,idempotency,22,3,2,3,16,0.8,0.3,5,2,1,1,7,41,497463,137802,6904689,50530,302905,161,45117,273860,132,8,2331084,1,8,34606,2863711,4063590,validation_failed,22,2,9,2
idempotency-accuracy,1869,1870,idempotency,12,5,2,2,26,0.8,0.3,5,2,1,1,1,1,366257,100000,4992011,119,177,1,123,182,0,1,330805,0,1,111,697217,1205887,passed,12,0,1,0
idempotency-accuracy,1870,1871,idempotency,10,4,4,4,21,0.8,0.3,5,2,1,1,1,1,410017,100000,5007327,185,276,1,188,280,0,1,355909,0,1,154,766124,1108278,passed,10,0,1,0
idempotency-accuracy,1871,1872,idempotency,21,5,2,3,26,0.8,0.3,5,2,1,1,6,82,571409,158881,7924257,430419,3377323,2299,391055,3091196,2525,10,3091933,4,10,318216,3982603,54888377,passed,21,1,21,1
idempotency-accuracy,1872,1873,idempotency,20,5,2,2,26,0.8,0.3,5,2,1,1,1,1,355505,100000,4987151,119,177,3,123,182,0,1,330840,0,1,142,686524,1690901,passed,20,0,1,0
idempotency-accuracy,1873,1874,idempotency,15,4,2,5,21,0.8,0.3,5,2,1,1,1,1,357055,100000,4994756,223,333,1,226,337,0,1,325658,0,1,176,682935,1167391,passed,15,0,1,0
idempotency-accuracy,1874,1875,idempotency,23,5,3,4,26,0.8,0.3,5,2,1,1,6,58,491448,138408,6906052,253789,1385480,861,225004,1259181,842,8,2389317,2,8,170875,3052158,59069443,passed,23,2,15,2
idempotency-accuracy,1875,1876,idempotency,10,2,4,2,11,0.8,0.3,5,2,1,1,1,1,355275,100000,5004049,57,84,2,58,86,0,1,328785,0,1,92,684191,1002593,passed,10,0,1,0
idempotency-accuracy,1876,1877,idempotency,11,4,5,5,21,0.8,0.3,5,2,1,1,7,47,589451,161987,8085708,114062,610084,536,102237,554524,563,7,2502226,0,7,77023,3169158,2434669,passed,11,1,10,1
idempotency-accuracy,1877,1878,idempotency,15,2,3,2,11,0.8,0.3,5,2,1,1,5,23,729424,199688,9981916,10545,43112,20,8688,35431,36,5,1678409,0,5,6861,2415081,1110639,passed,15,1,7,1
idempotency-accuracy,1878,1879,idempotency,18,4,5,2,21,0.8,0.3,5,2,1,1,7,74,387297,106608,5321127,217807,1128733,687,193016,1033695,638,11,3098290,4,11,144325,3630760,13388817,validation_failed,18,4,17,4
idempotency-accuracy,1879,1880,idempotency,18,2,4,3,11,0.8,0.3,5,2,1,1,4,22,388203,104592,5219504,13774,61191,49,11874,54720,32,4,1410585,0,4,9362,1808364,1238015,passed,18,3,8,2
idempotency-accuracy,1880,1881,idempotency,21,2,3,4,11,0.8,0.3,5,2,1,1,1,1,365900,100000,5004987,99,147,1,100,149,5,1,347423,0,1,103,713469,1030474,passed,21,0,1,0
idempotency-accuracy,1881,1882,idempotency,24,2,3,5,11,0.8,0.3,5,2,1,1,4,19,385882,107431,5390033,18475,99158,70,13534,76991,49,4,1343520,0,4,11708,1741342,1433708,passed,24,2,7,2
idempotency-accuracy,1882,1883,idempotency,17,3,3,2,16,0.8,0.3,5,2,1,1,3,17,362602,100996,5057800,20651,85867,107,16364,66006,56,5,1045196,2,5,13687,1421754,1720848,passed,17,1,9,1
idempotency-accuracy,1883,1884,idempotency,12,5,2,4,26,0.8,0.3,5,2,1,1,3,18,362062,100589,5036397,173897,814002,498,131937,622618,697,7,1211609,4,7,106183,1680188,9968753,passed,12,1,13,1
idempotency-accuracy,1884,1885,idempotency,19,5,5,2,26,0.8,0.3,5,2,1,1,1,1,371617,100000,5000668,125,186,1,129,191,0,1,333679,0,1,133,705474,1545164,passed,19,0,1,0
idempotency-accuracy,1885,1886,idempotency,10,4,3,4,21,0.8,0.3,5,2,1,1,1,1,361220,100000,4979130,183,273,1,186,277,0,1,326792,0,1,146,688209,1054501,passed,10,0,1,0
idempotency-accuracy,1886,1887,idempotency,18,5,4,3,26,0.8,0.3,5,2,1,1,6,30,406604,107665,5380355,42399,193450,99,37964,179510,199,6,2005103,0,6,29199,2441419,6715109,passed,18,1,7,1
idempotency-accuracy,1887,1888,idempotency,15,4,4,3,21,0.8,0.3,5,2,1,1,4,44,667755,184889,9242873,196490,1123251,608,150461,886686,614,9,1736493,5,9,123823,2528650,6838205,passed,15,2,15,2
idempotency-accuracy,1888,1889,idempotency,17,2,3,3,11,0.8,0.3,5,2,1,1,1,1,358727,100000,5010947,77,114,1,78,116,0,1,323767,0,1,82,682617,985548,passed,17,0,1,0
idempotency-accuracy,1889,1890,idempotency,20,2,4,5,11,0.8,0.3,5,2,1,1,6,27,467231,130440,6527738,32467,179284,96,26074,146152,98,6,2045181,0,6,20197,2532963,1329937,passed,20,1,7,1
idempotency-accuracy,1890,1891,idempotency,22,5,3,5,26,0.8,0.3,5,2,1,1,1,1,357729,100000,5006063,277,414,1,281,419,0,1,338579,0,1,201,696548,2082120,passed,22,0,1,0
idempotency-accuracy,1891,1892,idempotency,20,2,4,5,11,0.8,0.3,5,2,1,1,1,1,379381,100000,5001892,123,183,2,124,185,0,1,351711,0,1,119,731252,1002396,passed,20,0,1,0
idempotency-accuracy,1892,1893,idempotency,10,5,5,5,26,0.8,0.3,5,2,1,1,1,1,354776,100000,4995058,281,420,16,285,425,0,1,327662,0,1,311,682792,1173082,passed,10,0,1,0
idempotency-accuracy,1893,1894,idempotency,18,5,4,4,26,0.8,0.3,5,2,1,1,8,92,697123,190708,9524479,634673,3456722,4277,508552,2755700,3659,12,3984451,4,12,420096,5102768,42222671,passed,18,2,19,2
idempotency-accuracy,1894,1895,idempotency,22,4,5,3,21,0.8,0.3,5,2,1,1,5,45,713287,197751,9891249,210511,1669578,664,162811,1321034,539,10,2378368,5,10,139757,3232353,14381760,validation_failed,22,1,14,1
idempotency-accuracy,1895,1896,idempotency,17,5,4,4,26,0.8,0.3,5,2,1,1,5,29,414584,114715,5732076,294052,2475341,968,237091,2014294,677,11,2107675,6,11,203911,2727038,12047161,passed,17,1,12,1
idempotency-accuracy,1896,1897,idempotency,23,5,5,5,26,0.8,0.3,5,2,1,1,10,112,474812,133181,6661225,1431298,9099653,3626,1149215,7137777,3346,14,4408503,4,14,916210,5800781,163523042,passed,23,1,24,1
idempotency-accuracy,1897,1898,idempotency,18,5,3,4,26,0.8,0.3,5,2,1,1,1,1,360688,100000,5002058,225,336,2,229,341,0,1,326542,0,1,193,687463,1658872,passed,18,0,1,0
idempotency-accuracy,1898,1899,idempotency,11,3,4,5,16,0.8,0.3,5,2,1,1,5,41,561245,157242,7850615,142998,801210,421,133435,771804,362,8,1917422,3,8,96743,2576096,1739190,passed,11,1,11,1
idempotency-accuracy,1899,1900,idempotency,24,2,3,5,11,0.8,0.3,5,2,1,1,1,1,377968,100000,5000623,121,180,2,122,182,0,1,352199,0,1,145,730354,1062972,passed,24,0,1,0
idempotency-accuracy,1900,1901,idempotency,15,3,5,2,16,0.8,0.3,5,2,1,1,1,1,373535,100000,4999360,81,120,2,83,123,0,1,339504,0,1,101,713183,1041697,passed,15,0,1,0
idempotency-accuracy,1901,1902,idempotency,17,3,3,4,16,0.8,0.3,5,2,1,1,9,75,586844,161509,8072074,183283,1120418,937,146167,922221,678,10,3319573,1,10,122392,4029628,3951680,passed,17,2,14,2
idempotency-accuracy,1902,1903,idempotency,23,2,4,4,11,0.8,0.3,5,2,1,1,1,1,362160,100000,4979592,101,150,1,102,152,0,1,327173,0,1,100,689475,1005341,passed,23,0,1,0
idempotency-accuracy,1903,1904,idempotency,14,5,4,2,26,0.8,0.3,5,2,1,1,7,43,390042,108393,5419220,56138,238229,134,51141,218502,229,7,2397734,0,7,37242,2825427,5443623,passed,14,1,10,1
idempotency-accuracy,1904,1905,idempotency,10,4,5,3,21,0.8,0.3,5,2,1,1,1,1,359413,100000,5003464,145,216,1,148,220,0,1,332361,0,1,146,691963,1051239,passed,10,0,1,0
idempotency-accuracy,1905,1906,idempotency,16,5,4,4,26,0.8,0.3,5,2,1,1,1,1,357006,100000,5006868,227,339,1,231,344,0,1,326200,0,1,172,683414,1473776,passed,16,0,1,0
idempotency-accuracy,1906,1907,idempotency,15,5,5,2,26,0.8,0.3,5,2,1,1,1,1,361736,100000,5003719,125,186,1,129,191,0,1,330017,0,1,109,691908,1349136,passed,15,0,1,0
idempotency-accuracy,1907,1908,idempotency,23,5,5,4,26,0.8,0.3,5,2,1,1,4,29,558172,155342,7768561,111517,538482,298,101184,497580,340,6,1513089,2,6,72261,2143884,24842622,passed,23,1,11,1
idempotency-accuracy,1908,1909,idempotency,13,2,4,2,11,0.8,0.3,5,2,1,1,1,1,359579,100000,4994787,57,84,2,58,86,0,1,329098,0,1,77,688799,978386,passed,13,0,1,0
idempotency-accuracy,1909,1910,idempotency,15,3,3,5,16,0.8,0.3,5,2,1,1,1,1,362849,100000,4994736,173,258,1,175,261,11,1,345834,0,1,200,708930,1040591,passed,15,0,1,0
idempotency-accuracy,1910,1911,idempotency,15,4,3,4,21,0.8,0.3,5,2,1,1,6,33,372969,103179,5159325,57190,239685,176,51935,221173,143,6,2034341,0,6,36813,2444449,3371060,passed,15,1,8,1
idempotency-accuracy,1911,1912,idempotency,23,2,5,5,11,0.8,0.3,5,2,1,1,9,102,537673,146007,7330467,289704,1668797,985,258961,1554450,1010,12,3667722,3,12,204197,4410504,4068112,passed,23,3,17,3
idempotency-accuracy,1912,1913,idempotency,14,4,2,4,21,0.8,0.3,5,2,1,1,5,41,674740,184264,9197533,196449,874406,637,179732,812206,854,9,1974642,4,9,132504,2782634,5921557,passed,14,1,13,1
idempotency-accuracy,1913,1914,idempotency,13,5,4,2,26,0.8,0.3,5,2,1,1,8,59,442851,122276,6106398,125998,625684,446,110711,554326,434,8,2862526,0,8,82250,3388204,8156122,passed,13,1,12,1
idempotency-accuracy,1914,1915,idempotency,11,5,4,4,26,0.8,0.3,5,2,1,1,3,21,398699,105334,5267715,93149,508945,375,82367,470498,337,6,1062207,3,6,62120,1523364,5231787,passed,11,3,10,3
idempotency-accuracy,1915,1916,idempotency,12,5,3,2,26,0.8,0.3,5,2,1,1,1,1,369612,100000,4995487,121,180,1,125,185,0,1,332368,0,1,135,702159,1224262,passed,12,0,1,0
idempotency-accuracy,1916,1917,idempotency,19,5,2,2,26,0.8,0.3,5,2,1,1,7,77,591550,158127,7920428,301119,2072333,1448,275606,1944180,1566,12,3095799,5,12,206072,3894688,28975775,passed,19,2,20,2
idempotency-accuracy,1917,1918,idempotency,16,4,5,3,21,0.8,0.3,5,2,1,1,6,39,381940,103215,5162267,93153,501904,493,74240,386465,363,7,2153491,1,7,59155,2594930,5830054,passed,16,2,10,2
idempotency-accuracy,1918,1919,idempotency,22,4,2,3,21,0.8,0.3,5,2,1,1,7,37,374144,102333,5133810,58596,282028,122,42972,202610,164,7,2381904,0,7,35975,2792357,11047813,passed,22,2,10,2
idempotency-accuracy,1919,1920,idempotency,24,3,4,5,16,0.8,0.3,5,2,1,1,9,94,468953,130856,6545945,503176,2723803,1347,468386,2557276,1356,12,4094821,3,12,337796,4902613,23070709,validation_failed,24,1,19,1
idempotency-accuracy,1920,1921,idempotency,21,5,3,2,26,0.8,0.3,5,2,1,1,9,70,540093,152409,7613331,160881,954989,520,148142,891171,468,11,3447452,2,11,107024,4095403,20960049,passed,21,1,13,1
idempotency-accuracy,1921,1922,idempotency,20,3,3,5,16,0.8,0.3,5,2,1,1,4,31,360638,101309,5067870,174682,903713,362,136577,692386,469,8,1498122,4,8,110790,1970087,7139492,validation_failed,20,2,14,2
idempotency-accuracy,1922,1923,idempotency,13,3,5,3,16,0.8,0.3,5,2,1,1,4,35,422392,118033,5908177,82730,566666,264,66211,460018,227,7,1522679,3,7,53663,1999279,2108673,passed,13,1,13,1
idempotency-accuracy,1923,1924,idempotency,13,2,5,2,11,0.8,0.3,5,2,1,1,1,1,359740,100000,4978612,59,87,1,60,89,0,1,336637,0,1,78,696502,979829,passed,13,0,1,0
idempotency-accuracy,1924,1925,idempotency,23,2,4,3,11,0.8,0.3,5,2,1,1,1,1,363301,100000,5011577,79,117,1,80,119,7,1,331077,0,1,91,694510,996332,passed,23,0,1,0
idempotency-accuracy,1925,1926,idempotency,15,2,4,5,11,0.8,0.3,5,2,1,1,8,50,424022,116837,5832554,102613,563437,286,77752,439504,255,9,2822094,1,9,65598,3312208,1459214,validation_failed,15,2,12,2
idempotency-accuracy,1926,1927,idempotency,18,5,5,2,26,0.8,0.3,5,2,1,1,8,86,415038,114025,5705369,223902,1202284,2879,207093,1123922,2905,10,3219311,2,10,157846,3793137,33133222,passed,18,2,16,2
idempotency-accuracy,1927,1928,idempotency,13,5,5,3,26,0.8,0.3,5,2,1,1,5,31,490187,135308,6768350,49959,205217,217,44655,188578,250,5,1777937,0,5,31760,2300195,4889183,passed,13,1,9,1
idempotency-accuracy,1928,1929,idempotency,24,3,5,3,16,0.8,0.3,5,2,1,1,6,35,417818,117221,5860717,44019,242305,91,33190,196868,160,6,2085685,0,6,27841,2531704,4563940,passed,24,2,9,2
idempotency-accuracy,1929,1930,idempotency,22,4,5,4,21,0.8,0.3,5,2,1,1,6,62,448197,124906,6259552,322423,1328844,892,263779,1097649,822,10,2510010,4,10,202842,3161802,30008931,passed,22,3,15,3
idempotency-accuracy,1930,1931,idempotency,13,4,3,5,21,0.8,0.3,5,2,1,1,1,1,362206,100000,4999971,225,336,1,228,340,0,1,338284,0,1,176,700706,1146138,passed,13,0,1,0
idempotency-accuracy,1931,1932,idempotency,21,4,4,2,21,0.8,0.3,5,2,1,1,6,54,519008,141951,7100638,117370,1137847,643,92535,938517,509,11,2274241,5,11,84972,2879035,13146306,passed,21,4,13,4
idempotency-accuracy,1932,1933,idempotency,21,3,5,4,16,0.8,0.3,5,2,1,1,1,1,360952,100000,4996764,145,216,1,147,219,0,1,333316,0,1,130,694438,1092331,passed,21,0,1,0
idempotency-accuracy,1933,1934,idempotency,24,4,2,5,21,0.8,0.3,5,2,1,1,1,1,373977,100000,4998641,223,333,2,226,337,0,1,328528,0,1,176,702725,1544942,passed,24,0,1,0
idempotency-accuracy,1934,1935,idempotency,23,2,4,2,11,0.8,0.3,5,2,1,1,11,96,443365,123540,6164719,163245,1203263,842,147044,1097212,669,12,4160669,1,12,112884,4718506,2604255,passed,23,1,16,1
idempotency-accuracy,1935,1936,idempotency,19,2,3,3,11,0.8,0.3,5,2,1,1,10,102,464091,126863,6319867,192023,1126804,608,170276,1025447,572,12,4065885,2,12,130581,4661582,2456959,passed,19,3,17,3
idempotency-accuracy,1936,1937,idempotency,22,5,3,5,26,0.8,0.3,5,2,1,1,12,146,663381,182018,9089027,1085998,5940410,3292,1015387,5592560,3527,13,5066663,1,13,733314,6464568,140638098,passed,22,1,21,1
idempotency-accuracy,1937,1938,idempotency,11,4,4,3,21,0.8,0.3,5,2,1,1,6,37,398139,110435,5517300,50219,500465,139,45320,458283,186,6,2023541,0,6,37345,2459597,2192330,passed,11,1,9,1
idempotency-accuracy,1938,1939,idempotency,10,4,4,5,21,0.8,0.3,5,2,1,1,1,1,357399,100000,4993811,227,339,1,230,343,0,1,324613,0,1,181,682236,1047210,passed,10,0,1,0
idempotency-accuracy,1939,1940,idempotency,23,5,2,3,26,0.8,0.3,5,2,1,1,9,107,1196622,331362,16594352,485968,2959832,1526,427184,2589597,1196,13,3447038,4,13,322801,4967687,93324391,validation_failed,23,1,18,1
idempotency-accuracy,1940,1941,idempotency,20,2,2,5,11,0.8,0.3,5,2,1,1,9,77,438394,116047,5820622,232241,1546787,827,165661,1053674,683,11,3456237,2,11,153165,4048554,2756997,passed,20,4,17,4
idempotency-accuracy,1941,1942,idempotency,22,5,3,4,26,0.8,0.3,5,2,1,1,1,1,375718,100000,4996136,225,336,1,229,341,0,1,330295,0,1,173,706227,1990543,passed,22,0,1,0
idempotency-accuracy,1942,1943,idempotency,11,4,4,4,21,0.8,0.3,5,2,1,1,7,55,569739,153943,7722542,149186,719415,496,130701,645429,602,7,2608685,0,7,100483,3279461,3055917,passed,11,1,12,1
idempotency-accuracy,1943,1944,idempotency,11,4,5,5,21,0.8,0.3,5,2,1,1,6,44,426438,114414,5718103,158467,789768,1051,143800,733252,607,8,2306731,2,8,107320,2841072,3022103,passed,11,1,11,1
idempotency-accuracy,1944,1945,idempotency,11,2,2,4,11,0.8,0.3,5,2,1,1,1,1,367737,100000,5005261,97,144,0,98,146,0,1,341240,0,1,102,709120,1020841,passed,11,0,1,0
idempotency-accuracy,1945,1946,idempotency,22,2,5,2,11,0.8,0.3,5,2,1,1,8,89,764255,208125,10394142,99467,585403,418,88372,521196,589,9,3326891,1,9,65363,4157280,2992440,passed,22,2,18,2
idempotency-accuracy,1946,1947,idempotency,21,5,2,4,26,0.8,0.3,5,2,1,1,5,70,473190,126399,6319885,811871,4397979,7748,748187,4114463,7800,12,2593069,7,12,564252,3632235,110561981,passed,21,1,22,1
idempotency-accuracy,1947,1948,idempotency,17,5,4,2,26,0.8,0.3,5,2,1,1,10,96,401867,110318,5504624,276097,1642367,683,231070,1430235,940,12,3838315,2,12,178223,4419236,21488230,validation_failed,17,6,17,5
idempotency-accuracy,1948,1949,idempotency,19,2,2,3,11,0.8,0.3,5,2,1,1,9,69,445107,124967,6252400,122260,1086227,302,96933,863503,294,10,3207194,1,10,82624,3735762,1943958,passed,19,2,13,2
idempotency-accuracy,1949,1950,idempotency,12,3,5,4,16,0.8,0.3,5,2,1,1,4,21,441167,116580,5831732,32663,126423,20,29021,114980,134,5,1419906,1,5,20289,1881668,1461191,passed,12,1,8,1
idempotency-accuracy,1950,1951,idempotency,16,3,5,5,16,0.8,0.3,5,2,1,1,1,1,371692,100000,5019407,177,264,1,179,267,0,1,335208,0,1,148,707087,1054078,passed,16,0,1,0
idempotency-accuracy,1951,1952,idempotency,12,2,2,4,11,0.8,0.3,5,2,1,1,6,38,596987,168106,8394241,43257,224459,155,30891,162936,137,7,2002777,1,7,26051,2626158,1171315,passed,12,2,10,2
idempotency-accuracy,1952,1953,idempotency,21,3,2,5,16,0.8,0.3,5,2,1,1,1,1,360027,100000,4997566,171,255,1,173,258,0,1,333582,0,1,158,693800,1100828,passed,21,0,1,0
idempotency-accuracy,1953,1954,idempotency,21,4,4,4,21,0.8,0.3,5,2,1,1,1,1,359450,100000,5000090,185,276,2,188,280,0,1,329196,0,1,200,688891,1390377,passed,21,0,1,0
idempotency-accuracy,1954,1955,idempotency,20,5,2,5,26,0.8,0.3,5,2,1,1,9,126,817449,222324,11108251,1497373,11860056,4312,1233837,9857543,4430,16,4075823,7,16,1041340,5937142,73093815,passed,20,1,20,1
idempotency-accuracy,1955,1956,idempotency,16,4,5,5,21,0.8,0.3,5,2,1,1,4,42,399784,111047,5567954,273034,1169928,713,211140,891738,642,8,1789128,4,8,165994,2355509,10594450,passed,16,1,14,1
idempotency-accuracy,1956,1957,idempotency,13,5,3,5,26,0.8,0.3,5,2,1,1,1,1,367539,100000,4984645,277,414,1,281,419,0,1,348622,0,1,246,716451,1275915,passed,13,0,1,0
idempotency-accuracy,1957,1958,idempotency,23,5,4,3,26,0.8,0.3,5,2,1,1,8,111,413310,113763,5701631,611689,5228157,1926,436938,3416875,1582,12,3660374,4,12,417880,4492505,113338629,passed,23,4,19,4
idempotency-accuracy,1958,1959,idempotency,17,4,4,2,21,0.8,0.3,5,2,1,1,1,1,361164,100000,5005378,101,150,2,104,154,0,1,329402,0,1,148,690759,1175386,passed,17,0,1,0
idempotency-accuracy,1959,1960,idempotency,10,3,2,5,16,0.8,0.3,5,2,1,1,1,1,365688,100000,5005770,171,255,2,173,258,0,1,327451,0,1,137,693316,1010574,passed,10,0,1,0
idempotency-accuracy,1960,1961,idempotency,15,3,3,3,16,0.8,0.3,5,2,1,1,7,40,424771,118954,5952580,71007,525452,240,59309,421928,188,8,2373774,1,8,49674,2848691,2115976,validation_failed,15,1,10,1
idempotency-accuracy,1961,1962,idempotency,10,5,4,3,26,0.8,0.3,5,2,1,1,1,1,369151,100000,5001237,175,261,2,179,266,0,1,336168,0,1,154,705510,1161193,passed,10,0,1,0
idempotency-accuracy,1962,1963,idempotency,11,5,5,3,26,0.8,0.3,5,2,1,1,4,22,575627,161312,8069984,81042,433749,187,64265,367276,234,7,1383883,3,7,50703,2010588,4557558,passed,11,1,9,1
idempotency-accuracy,1963,1964,idempotency,24,4,3,4,21,0.8,0.3,5,2,1,1,1,1,365585,100000,5013854,183,273,1,186,277,0,1,331508,0,1,164,697297,1541627,passed,24,0,1,0
idempotency-accuracy,1964,1965,idempotency,19,2,5,5,11,0.8,0.3,5,2,1,1,6,55,401568,112333,5623104,161333,1173138,593,115947,851492,454,8,2316793,2,8,102632,2821531,2191187,passed,19,2,17,2
idempotency-accuracy,1965,1966,idempotency,11,5,5,4,26,0.8,0.3,5,2,1,1,8,54,446353,125661,6285385,202032,1461480,863,155510,1154939,522,9,2866161,1,9,138213,3451210,4655553,passed,11,2,11,2
idempotency-accuracy,1966,1967,idempotency,15,3,5,3,16,0.8,0.3,5,2,1,1,7,51,456260,124270,6195967,102816,462721,282,95355,432577,379,9,2610602,2,9,67128,3134556,2711030,passed,15,1,12,1
idempotency-accuracy,1967,1968,idempotency,24,3,5,3,16,0.8,0.3,5,2,1,1,10,93,715730,198899,9932921,172918,1027737,472,152231,925550,583,11,3834166,1,11,113031,4663776,9598868,passed,24,3,15,3
idempotency-accuracy,1968,1969,idempotency,20,5,2,2,26,0.8,0.3,5,2,1,1,1,1,359814,100000,4989379,119,177,1,123,182,0,1,346087,0,1,110,706052,1568519,passed,20,0,1,0
idempotency-accuracy,1969,1970,idempotency,23,2,3,3,11,0.8,0.3,5,2,1,1,1,1,360935,100000,5006147,77,114,0,78,116,0,1,327693,0,1,75,688754,1003646,passed,23,0,1,0
idempotency-accuracy,1970,1971,idempotency,24,2,5,2,11,0.8,0.3,5,2,1,1,7,76,565772,159577,7990302,77267,371045,204,68570,332134,200,8,2738775,1,8,48278,3353340,3066093,passed,24,2,16,2
idempotency-accuracy,1971,1972,idempotency,17,5,2,4,26,0.8,0.3,5,2,1,1,6,60,863267,242676,12134593,350789,2521725,1266,253855,1768743,882,9,2240738,3,9,228068,3333639,30153529,passed,17,5,16,4
idempotency-accuracy,1972,1973,idempotency,20,4,3,5,21,0.8,0.3,5,2,1,1,4,55,453289,124911,6232003,696503,5433661,1945,580977,4540656,1763,13,2380079,9,13,471894,3306389,23487855,validation_failed,20,1,20,1
idempotency-accuracy,1973,1974,idempotency,20,2,3,4,11,0.8,0.3,5,2,1,1,6,49,378646,100641,5014628,140711,1990819,1246,110852,1644687,928,9,2319448,3,9,115343,2815016,2188408,passed,20,2,14,2
idempotency-accuracy,1974,1975,idempotency,22,2,4,2,11,0.8,0.3,5,2,1,1,1,1,364711,100000,4992295,57,84,1,58,86,0,1,329333,0,1,74,694158,1019259,passed,22,0,1,0
idempotency-accuracy,1975,1976,idempotency,18,4,3,2,21,0.8,0.3,5,2,1,1,1,1,390647,100000,5005199,99,147,1,102,151,0,1,333502,0,1,99,724289,1186430,passed,18,0,1,0
idempotency-accuracy,1976,1977,idempotency,24,5,4,2,26,0.8,0.3,5,2,1,1,13,169,655134,183985,9213642,517273,4891855,1584,482489,4566621,1863,14,5365609,1,14,378065,6400377,122808146,validation_failed,24,1,22,1
idempotency-accuracy,1977,1978,idempotency,12,5,2,3,26,0.8,0.3,5,2,1,1,1,1,361853,100000,5001412,171,255,1,175,260,0,1,339554,0,1,134,701585,1204878,passed,12,0,1,0
idempotency-accuracy,1978,1979,idempotency,23,3,5,2,16,0.8,0.3,5,2,1,1,1,1,362885,100000,5015326,81,120,2,83,123,0,1,326964,0,1,98,689989,1104033,passed,23,0,1,0
idempotency-accuracy,1979,1980,idempotency,17,2,2,5,11,0.8,0.3,5,2,1,1,5,31,1019112,284689,14231062,58245,350850,176,48679,271623,181,7,1671994,2,7,39003,2730557,1341221,validation_failed,17,1,9,1
idempotency-accuracy,1980,1981,idempotency,13,4,3,5,21,0.8,0.3,5,2,1,1,7,59,500311,138617,6915431,226067,1131603,621,197419,980779,659,8,2531932,1,8,146707,3179461,5426934,validation_failed,13,1,12,1
idempotency-accuracy,1981,1982,idempotency,16,2,2,2,11,0.8,0.3,5,2,1,1,7,49,565867,156891,7855374,29695,172526,67,26517,151590,116,7,2460242,0,7,20061,3046686,1248997,passed,16,2,11,2
idempotency-accuracy,1982,1983,idempotency,14,4,4,4,21,0.8,0.3,5,2,1,1,6,34,455603,128373,6418759,85086,427086,234,65624,317807,245,6,2078276,0,6,52257,2586501,3907412,validation_failed,14,1,10,1
idempotency-accuracy,1983,1984,idempotency,21,5,5,5,26,0.8,0.3,5,2,1,1,1,1,369143,100000,4991957,281,420,1,285,425,0,1,328971,0,1,224,698387,1883479,passed,21,0,1,0
idempotency-accuracy,1984,1985,idempotency,18,3,4,2,16,0.8,0.3,5,2,1,1,5,43,370312,103590,5177365,98046,543734,586,90246,503551,844,9,2188797,4,9,67972,2627714,4460215,passed,18,1,16,1
idempotency-accuracy,1985,1986,idempotency,16,2,3,2,11,0.8,0.3,5,2,1,1,1,1,362140,100000,4993603,55,81,1,56,83,0,1,327600,0,1,72,689853,992392,passed,16,0,1,0
idempotency-accuracy,1986,1987,idempotency,10,4,5,4,21,0.8,0.3,5,2,1,1,1,1,355272,100000,5000387,187,279,1,190,283,0,1,324477,0,1,151,679929,1060641,passed,10,0,1,0
idempotency-accuracy,1987,1988,idempotency,10,2,3,3,11,0.8,0.3,5,2,1,1,1,1,369884,100000,5008695,77,114,1,78,116,22,1,337759,0,1,123,707809,988986,passed,10,0,1,0
idempotency-accuracy,1988,1989,idempotency,17,2,5,2,11,0.8,0.3,5,2,1,1,1,1,356629,100000,4988547,59,87,1,60,89,0,1,333974,0,1,76,690726,1014332,passed,17,0,1,0
idempotency-accuracy,1989,1990,idempotency,19,4,4,3,21,0.8,0.3,5,2,1,1,4,59,734465,203608,10178266,290353,1352763,645,227921,1093940,876,9,2056676,5,9,174966,2966744,19583977,passed,19,3,20,3
idempotency-accuracy,1990,1991,idempotency,10,4,5,3,21,0.8,0.3,5,2,1,1,1,1,354622,100000,4993844,145,216,1,148,220,0,1,328775,0,1,125,683555,1065394,passed,10,0,1,0
idempotency-accuracy,1991,1992,idempotency,20,3,3,2,16,0.8,0.3,5,2,1,1,1,1,363665,100000,4994751,77,114,0,79,117,0,1,332233,0,1,87,696033,1072146,passed,20,0,1,0
idempotency-accuracy,1992,1993,idempotency,11,3,3,3,16,0.8,0.3,5,2,1,1,1,1,364111,100000,5001258,109,162,1,111,165,0,1,333778,0,1,122,698062,1023041,passed,11,0,1,0
idempotency-accuracy,1993,1994,idempotency,12,5,4,5,26,0.8,0.3,5,2,1,1,1,1,361282,100000,4994476,279,417,1,283,422,0,1,340211,0,1,228,701763,1269496,passed,12,0,1,0
idempotency-accuracy,1994,1995,idempotency,17,4,4,5,21,0.8,0.3,5,2,1,1,3,29,396862,111682,5582949,241615,1382984,535,168772,983503,623,8,1331206,5,8,145331,1873866,12407942,passed,17,3,14,3
idempotency-accuracy,1995,1996,idempotency,16,3,4,3,16,0.8,0.3,5,2,1,1,1,1,357666,100000,5021356,111,165,1,113,168,0,1,333894,0,1,106,691707,1039588,passed,16,0,1,0
idempotency-accuracy,1996,1997,idempotency,18,3,2,2,16,0.8,0.3,5,2,1,1,5,33,385842,108265,5416093,67010,581596,251,60737,536703,257,9,1787597,4,9,48279,2222382,3078210,passed,18,3,12,2
idempotency-accuracy,1997,1998,idempotency,11,3,3,2,16,0.8,0.3,5,2,1,1,5,27,460921,127783,6379135,29289,192840,120,22782,148297,96,7,1686766,2,7,18689,2166907,1336798,passed,11,1,9,1
idempotency-accuracy,1998,1999,idempotency,16,2,2,2,11,0.8,0.3,5,2,1,1,6,34,468212,130754,6543891,37502,167331,149,30018,130369,58,8,2037431,2,8,23050,2529149,1214977,passed,16,1,10,1
idempotency-accuracy,1999,2000,idempotency,23,2,4,3,11,0.8,0.3,5,2,1,1,1,1,359942,100000,4984023,79,117,1,80,119,0,1,335184,0,1,88,695255,1018464,passed,23,0,1,0
