scenario,runIndex,seed,generator,numOfStates,numOfCalls,numOfLocals,numOfReturns,numOfStackSymbols,density,acceptingStatesDensity,numOfModules,secondDvpaNumOfStates,useSrs,useEquivalenceCheckToValidateOutput,equivalenceQueryCount,equivalenceQueryHypothesisStatesTotal,equivalenceQueryTimeUs,equivalenceQueryTargetMembershipQueryCount,equivalenceQueryTargetMembershipQuerySymbolsTotal,membershipQueryCount,membershipQuerySymbolsTotal,membershipQueryTimeUs,stackContentQueryCount,stackContentQuerySymbolsTotal,stackContentQueryTimeUs,srsCheckCount,srsCheckTimeUs,srsCounterexampleCount,automataGeneratedCount,automataGenerationTimeUs,learnerTimeUs,outputValidationTimeUs,status,targetNumOfStates,targetAcceptingStates,hypothesisNumOfStates,hypothesisAcceptingStates
cancellation-srs-mixed,0,1,cancellation,16,4,3,4,6,0.8,0.3,5,2,0,0,15,150,4100247,0,0,158367,648759,153,138985,586565,128,0,0,0,15,101554,4202915,0,passed,16,2,17,2
cancellation-srs-mixed,1,2,cancellation,20,4,3,4,6,0.8,0.3,5,2,0,0,15,203,12409348,0,0,460727,2088023,372,384651,1771837,322,0,0,0,15,298837,12709246,0,passed,20,3,21,3
cancellation-srs-mixed,2,3,cancellation,26,4,3,4,6,0.8,0.3,5,2,0,0,18,255,70517511,0,0,392605,1821373,352,327160,1551274,237,0,0,0,18,243720,70763165,0,passed,26,6,27,6
cancellation-srs-mixed,3,4,cancellation,22,4,3,4,6,0.8,0.3,5,2,0,0,17,247,27652977,0,0,931269,5148249,378,798802,4366979,322,0,0,0,17,626697,28281388,0,passed,22,2,23,2
cancellation-srs-mixed,4,5,cancellation,18,4,3,4,6,0.8,0.3,5,2,0,0,13,134,5460644,0,0,145375,628106,62,118718,526695,68,0,0,0,13,89557,5551162,0,passed,18,3,19,3
cancellation-srs-mixed,5,6,cancellation,20,4,3,4,6,0.8,0.3,5,2,0,0,17,212,17081597,0,0,361999,1573836,174,294638,1325082,173,0,0,0,17,227054,17310063,0,passed,20,4,21,4
cancellation-srs-mixed,6,7,cancellation,26,4,3,4,6,0.8,0.3,5,2,0,0,23,372,52279568,0,0,2022595,11672647,879,1806000,10522862,1131,0,0,0,23,1392914,53675979,0,passed,26,2,27,2
cancellation-srs-mixed,7,8,cancellation,18,4,3,4,6,0.8,0.3,5,2,0,0,15,172,6624130,0,0,349365,1735925,190,270080,1369609,301,0,0,0,15,221066,6846235,0,passed,18,4,19,4
cancellation-srs-mixed,8,9,cancellation,24,4,3,4,6,0.8,0.3,5,2,0,0,21,321,43770068,0,0,834883,4012100,835,686079,3364859,487,0,0,0,21,522777,44295140,0,passed,24,3,25,3
cancellation-srs-mixed,9,10,cancellation,20,4,3,4,6,0.8,0.3,5,2,0,0,12,148,11051850,0,0,167851,740047,170,122923,554493,65,0,0,0,12,101692,11154312,0,passed,20,5,21,5
cancellation-srs-mixed,10,11,cancellation,24,4,3,4,6,0.8,0.3,5,2,0,0,14,232,42201833,0,0,740509,3709459,516,629517,3195294,453,0,0,0,14,490875,42693948,0,passed,24,4,25,4
cancellation-srs-mixed,11,12,cancellation,26,4,3,4,6,0.8,0.3,5,2,0,0,23,350,67870033,0,0,791969,4066162,615,716554,3722995,589,0,0,0,23,529264,68403281,0,passed,26,1,27,1
cancellation-srs-mixed,12,13,cancellation,22,4,3,4,6,0.8,0.3,5,2,0,0,19,233,23985536,0,0,363987,1685064,252,314710,1481109,297,0,0,0,19,230431,24218052,0,passed,22,4,23,4
cancellation-srs-mixed,13,14,cancellation,28,4,3,4,6,0.8,0.3,5,2,0,0,26,435,97550737,0,0,1155175,6193615,1419,1027298,5568085,1052,0,0,0,26,769300,98324393,0,passed,28,2,29,2
cancellation-srs-mixed,14,15,cancellation,28,4,3,4,6,0.8,0.3,5,2,0,0,17,261,79710191,0,0,1025317,4583622,778,871758,3919438,526,0,0,0,17,672935,80385067,0,passed,28,4,29,4
cancellation-srs-mixed,15,16,cancellation,16,4,3,4,6,0.8,0.3,5,2,0,0,11,106,3497216,0,0,96547,399226,226,71564,317704,44,0,0,0,11,57939,3555770,0,passed,16,5,17,5
cancellation-srs-mixed,16,17,cancellation,20,4,3,4,6,0.8,0.3,5,2,0,0,15,189,13145583,0,0,380779,1823094,204,282447,1371441,291,0,0,0,15,235632,13382247,0,passed,20,4,21,4
cancellation-srs-mixed,17,18,cancellation,18,4,3,4,6,0.8,0.3,5,2,0,0,22,252,9483325,0,0,570615,2801151,285,479662,2355314,251,0,0,0,22,374164,9859727,0,passed,18,1,19,1
cancellation-srs-mixed,18,19,cancellation,28,4,3,4,6,0.8,0.3,5,2,0,0,22,393,68512460,0,0,827373,4425630,809,710951,3856792,653,0,0,0,22,545065,69060946,0,passed,28,3,29,3
cancellation-srs-mixed,19,20,cancellation,22,4,3,4,6,0.8,0.3,5,2,0,0,12,160,14908279,0,0,385271,1771678,285,303953,1412494,172,0,0,0,12,245865,15155148,0,passed,22,4,23,4
cancellation-srs-mixed,20,21,cancellation,26,4,3,4,6,0.8,0.3,5,2,0,0,16,240,58967358,0,0,376649,1860298,486,309471,1562881,210,0,0,0,16,236643,59205607,0,passed,26,7,27,7
cancellation-srs-mixed,21,22,cancellation,24,4,3,4,6,0.8,0.3,5,2,0,0,17,280,36847219,0,0,643843,3402986,406,470362,2571602,273,0,0,0,17,388384,37237007,0,passed,24,6,25,6
cancellation-srs-mixed,22,23,cancellation,22,4,3,4,6,0.8,0.3,5,2,0,0,18,260,17018350,0,0,604645,2877645,277,462681,2246763,278,0,0,0,18,367061,17386988,0,passed,22,4,23,4
cancellation-srs-mixed,23,24,cancellation,16,4,3,4,6,0.8,0.3,5,2,0,0,15,143,4799206,0,0,228963,985984,239,178379,788954,111,0,0,0,15,141953,4942159,0,passed,16,3,17,3
cancellation-srs-mixed,24,25,cancellation,26,4,3,4,6,0.8,0.3,5,2,0,0,19,302,61368487,0,0,1064757,4748371,662,885445,3980195,687,0,0,0,19,674985,62045535,0,passed,26,4,27,4
cancellation-srs-mixed,25,26,cancellation,28,4,3,4,6,0.8,0.3,5,2,0,0,18,326,72088171,0,0,955525,4365175,792,730972,3415636,827,0,0,0,18,603102,72693119,0,passed,28,7,29,7
cancellation-srs-mixed,26,27,cancellation,24,4,3,4,6,0.8,0.3,5,2,0,0,16,254,29930688,0,0,508605,2279710,329,358185,1672611,248,0,0,0,16,308458,30240453,0,passed,24,7,25,7
cancellation-srs-mixed,27,28,cancellation,26,4,3,4,6,0.8,0.3,5,2,0,0,20,321,41648136,0,0,546019,2873463,305,465049,2497774,274,0,0,0,20,358484,42009272,0,passed,26,3,27,3
cancellation-srs-mixed,28,29,cancellation,18,4,3,4,6,0.8,0.3,5,2,0,0,12,134,5558503,0,0,146577,629136,89,121476,532203,112,0,0,0,12,90312,5649740,0,passed,18,3,19,3
cancellation-srs-mixed,29,30,cancellation,26,4,3,4,6,0.8,0.3,5,2,0,0,15,229,55327077,0,0,715213,3844216,338,568650,3117056,346,0,0,0,15,463652,55792208,0,passed,26,4,27,4
cancellation-srs-mixed,30,31,cancellation,16,4,3,4,6,0.8,0.3,5,2,0,0,10,104,3279807,0,0,156775,681195,159,113917,507219,114,0,0,0,10,96609,3376951,0,passed,16,4,17,4
cancellation-srs-mixed,31,32,cancellation,16,4,3,4,6,0.8,0.3,5,2,0,0,10,96,2062492,0,0,89343,397203,138,73502,340063,69,0,0,0,10,57503,2120668,0,passed,16,2,17,2
cancellation-srs-mixed,32,33,cancellation,24,4,3,4,6,0.8,0.3,5,2,0,0,17,262,27103832,0,0,568891,2888860,285,483980,2521236,237,0,0,0,17,378238,27483679,0,passed,24,4,25,4
cancellation-srs-mixed,33,34,cancellation,26,4,3,4,6,0.8,0.3,5,2,0,0,14,251,50671503,0,0,402099,1735968,251,306354,1362144,183,0,0,0,14,249493,50922403,0,passed,26,4,27,4
cancellation-srs-mixed,34,35,cancellation,18,4,3,4,6,0.8,0.3,5,2,0,0,18,203,6509609,0,0,298229,1526571,158,255344,1324081,345,0,0,0,18,191126,6702314,0,passed,18,3,19,3
cancellation-srs-mixed,35,36,cancellation,16,4,3,4,6,0.8,0.3,5,2,0,0,10,92,3247919,0,0,102711,436033,84,79592,345441,92,0,0,0,10,65051,3313448,0,passed,16,4,17,4
cancellation-srs-mixed,36,37,cancellation,26,4,3,4,6,0.8,0.3,5,2,0,0,14,239,38592186,0,0,315295,1419663,285,243244,1132757,190,0,0,0,14,189219,38782661,0,passed,26,7,27,7
cancellation-srs-mixed,37,38,cancellation,16,4,3,4,6,0.8,0.3,5,2,0,0,13,148,3908833,0,0,164007,646121,126,122062,492820,44,0,0,0,13,97717,4007243,0,passed,16,4,17,4
cancellation-srs-mixed,38,39,cancellation,16,4,3,4,6,0.8,0.3,5,2,0,0,14,137,4839754,0,0,337680,1667556,203,283248,1435783,252,0,0,0,14,222581,5063430,0,passed,16,3,16,3
cancellation-srs-mixed,39,40,cancellation,22,4,3,4,6,0.8,0.3,5,2,0,0,17,203,20964001,0,0,480547,2259973,409,409188,1943314,343,0,0,0,17,311980,21277890,0,passed,22,2,23,2
cancellation-srs-mixed,40,41,cancellation,28,4,3,4,6,0.8,0.3,5,2,0,0,17,289,84624603,0,0,1003549,4826776,571,825719,4030540,329,0,0,0,17,644075,85270639,0,passed,28,4,29,4
cancellation-srs-mixed,41,42,cancellation,18,4,3,4,6,0.8,0.3,5,2,0,0,13,134,6632789,0,0,138541,576646,71,111609,479932,108,0,0,0,13,84527,6718219,0,passed,18,4,19,4
cancellation-srs-mixed,42,43,cancellation,22,4,3,4,6,0.8,0.3,5,2,0,0,14,207,24836103,0,0,596863,2847267,411,493204,2382616,236,0,0,0,14,393631,25230933,0,passed,22,3,23,3
cancellation-srs-mixed,43,44,cancellation,20,4,3,4,6,0.8,0.3,5,2,0,0,13,160,9995943,0,0,198413,957091,117,151767,761942,94,0,0,0,13,123207,10120163,0,passed,20,4,21,4
cancellation-srs-mixed,44,45,cancellation,26,4,3,4,6,0.8,0.3,5,2,0,0,12,172,49899784,0,0,206933,843433,134,164696,696894,82,0,0,0,12,125040,50025830,0,passed,26,6,27,6
cancellation-srs-mixed,45,46,cancellation,18,4,3,4,6,0.8,0.3,5,2,0,0,12,124,5574561,0,0,126449,547160,56,103583,464126,80,0,0,0,12,80227,5655600,0,passed,18,2,19,2
cancellation-srs-mixed,46,47,cancellation,26,4,3,4,6,0.8,0.3,5,2,0,0,19,298,60545358,0,0,832255,3883003,357,664129,3174951,390,0,0,0,19,521887,61069301,0,passed,26,5,27,5
cancellation-srs-mixed,47,48,cancellation,28,4,3,4,6,0.8,0.3,5,2,0,0,16,274,51087165,0,0,588241,2632740,372,422139,1948288,247,0,0,0,16,357765,51446472,0,passed,28,8,29,8
cancellation-srs-mixed,48,49,cancellation,20,4,3,4,6,0.8,0.3,5,2,0,0,12,146,9527258,0,0,237401,953053,96,178142,738445,153,0,0,0,12,143416,9671499,0,passed,20,4,21,4
cancellation-srs-mixed,49,50,cancellation,18,4,3,4,6,0.8,0.3,5,2,0,0,14,158,5931132,0,0,272093,1229202,140,203749,945734,138,0,0,0,14,171299,6103319,0,passed,18,5,19,5
cancellation-srs-mixed,50,51,cancellation,26,4,3,4,6,0.8,0.3,5,2,0,0,19,297,65005322,0,0,501723,2348519,344,413477,1973932,292,0,0,0,19,319751,65327252,0,passed,26,4,27,4
cancellation-srs-mixed,51,52,cancellation,20,4,3,4,6,0.8,0.3,5,2,0,0,18,243,14169232,0,0,781569,3934226,385,642247,3282650,331,0,0,0,18,499614,14670417,0,passed,20,3,21,3
cancellation-srs-mixed,52,53,cancellation,24,4,3,4,6,0.8,0.3,5,2,0,0,15,206,35331952,0,0,279195,1188252,1355,225472,979073,295,0,0,0,15,174410,35507626,0,passed,24,6,25,6
cancellation-srs-mixed,53,54,cancellation,24,4,3,4,6,0.8,0.3,5,2,0,0,22,336,41057700,0,0,1107971,5122240,586,910030,4278768,572,0,0,0,22,713795,41773872,0,passed,24,4,25,4
cancellation-srs-mixed,54,55,cancellation,18,4,3,4,6,0.8,0.3,5,2,0,0,15,166,8485345,0,0,314807,1269696,331,247141,1003753,117,0,0,0,15,193933,8680399,0,passed,18,3,19,3
cancellation-srs-mixed,55,56,cancellation,18,4,3,4,6,0.8,0.3,5,2,0,0,9,103,4626085,0,0,94247,359593,94,68807,266775,78,0,0,0,9,53429,4680094,0,passed,18,5,19,5
cancellation-srs-mixed,56,57,cancellation,22,4,3,4,6,0.8,0.3,5,2,0,0,13,160,10921711,0,0,197197,865467,161,165269,744709,147,0,0,0,13,125903,11048600,0,passed,22,4,23,4
cancellation-srs-mixed,57,58,cancellation,16,4,3,4,6,0.8,0.3,5,2,0,0,13,123,3308536,0,0,122671,514360,183,101482,438862,121,0,0,0,13,76782,3386244,0,passed,16,5,17,5
cancellation-srs-mixed,58,59,cancellation,24,4,3,4,6,0.8,0.3,5,2,0,0,15,255,29790397,0,0,512231,2200646,805,373685,1661538,416,0,0,0,15,309966,30101499,0,passed,24,7,25,7
cancellation-srs-mixed,59,60,cancellation,24,4,3,4,6,0.8,0.3,5,2,0,0,15,216,28246720,0,0,304273,1399122,180,253743,1193085,271,0,0,0,15,190142,28438367,0,passed,24,3,25,3
cancellation-srs-mixed,60,61,cancellation,26,4,3,4,6,0.8,0.3,5,2,0,0,17,285,63103559,0,0,510277,2477311,468,393495,1975333,382,0,0,0,17,312918,63418026,0,passed,26,6,27,6
cancellation-srs-mixed,61,62,cancellation,20,4,3,4,6,0.8,0.3,5,2,0,0,11,154,10090701,0,0,258117,1001282,240,202331,795721,139,0,0,0,11,159268,10250589,0,passed,20,4,21,4
cancellation-srs-mixed,62,63,cancellation,16,4,3,4,6,0.8,0.3,5,2,0,0,13,128,3188582,0,0,158301,653207,141,119691,510231,155,0,0,0,13,96639,3286171,0,passed,16,3,17,3
cancellation-srs-mixed,63,64,cancellation,26,4,3,4,6,0.8,0.3,5,2,0,0,14,222,56553630,0,0,292723,1294152,422,231478,1062600,230,0,0,0,14,182369,56737234,0,passed,26,7,27,7
cancellation-srs-mixed,64,65,cancellation,20,4,3,4,6,0.8,0.3,5,2,0,0,13,156,11675302,0,0,233055,1290725,170,181238,1030667,179,0,0,0,13,147610,11823914,0,passed,20,4,21,4
cancellation-srs-mixed,65,66,cancellation,28,4,3,4,6,0.8,0.3,5,2,0,0,13,241,67325308,0,0,677797,3101198,575,499216,2317660,380,0,0,0,13,417082,67743481,0,passed,28,6,29,6
cancellation-srs-mixed,66,67,cancellation,22,4,3,4,6,0.8,0.3,5,2,0,0,13,191,17876594,0,0,375051,1610960,349,272103,1206762,179,0,0,0,13,209036,18086569,0,passed,22,5,23,5
cancellation-srs-mixed,67,68,cancellation,18,4,3,4,6,0.8,0.3,5,2,0,0,10,116,4704091,0,0,209813,931551,111,150725,683042,165,0,0,0,10,128542,4833256,0,passed,18,5,19,5
cancellation-srs-mixed,68,69,cancellation,24,4,3,4,6,0.8,0.3,5,2,0,0,12,147,27758945,0,0,313771,1760101,265,261972,1488405,184,0,0,0,12,204055,27963994,0,passed,24,3,25,3
cancellation-srs-mixed,69,70,cancellation,28,4,3,4,6,0.8,0.3,5,2,0,0,17,328,75509532,0,0,995085,4613364,604,779060,3688697,571,0,0,0,17,615590,76126705,0,passed,28,5,29,5
cancellation-srs-mixed,70,71,cancellation,24,4,3,4,6,0.8,0.3,5,2,0,0,15,199,33440350,0,0,229739,984184,139,185564,824265,286,0,0,0,15,143497,33585049,0,passed,24,7,25,7
cancellation-srs-mixed,71,72,cancellation,22,4,3,4,6,0.8,0.3,5,2,0,0,17,239,20940008,0,0,610389,2811081,429,472949,2211328,409,0,0,0,17,387879,21329352,0,passed,22,5,23,5
cancellation-srs-mixed,72,73,cancellation,28,4,3,4,6,0.8,0.3,5,2,0,0,20,347,116819454,0,0,940729,4396743,576,732526,3495766,556,0,0,0,20,601632,117423593,0,passed,28,5,29,5
cancellation-srs-mixed,73,74,cancellation,26,4,3,4,6,0.8,0.3,5,2,0,0,20,359,64840329,0,0,1123359,5369046,467,931711,4511992,566,0,0,0,20,726193,65568478,0,passed,26,4,27,4
cancellation-srs-mixed,74,75,cancellation,26,4,3,4,6,0.8,0.3,5,2,0,0,13,196,37469862,0,0,302255,1226926,179,219269,925260,154,0,0,0,13,176766,37647827,0,passed,26,7,27,7
cancellation-srs-mixed,75,76,cancellation,28,4,3,4,6,0.8,0.3,5,2,0,0,17,313,118070213,0,0,1212455,6610297,420,1043370,5615482,421,0,0,0,17,813734,118885967,0,passed,28,3,29,3
cancellation-srs-mixed,76,77,cancellation,26,4,3,4,6,0.8,0.3,5,2,0,0,16,237,39592933,0,0,359973,2075777,198,294092,1762737,127,0,0,0,16,232305,39826993,0,passed,26,8,27,8
cancellation-srs-mixed,77,78,cancellation,18,4,3,4,6,0.8,0.3,5,2,0,0,12,124,7361839,0,0,129197,516511,63,96692,402747,62,0,0,0,12,78020,7440611,0,passed,18,6,19,6
cancellation-srs-mixed,78,79,cancellation,28,4,3,4,6,0.8,0.3,5,2,0,0,21,367,109900253,0,0,812207,4308037,475,671769,3622435,429,0,0,0,21,528393,110431967,0,passed,28,3,29,3
cancellation-srs-mixed,79,80,cancellation,22,4,3,4,6,0.8,0.3,5,2,0,0,21,287,24715932,0,0,739583,3331060,363,611106,2798914,276,0,0,0,21,458580,25176760,0,passed,22,3,23,3
cancellation-srs-mixed,80,81,cancellation,24,4,3,4,6,0.8,0.3,5,2,0,0,15,250,38947451,0,0,725403,3818280,248,658097,3491419,306,0,0,0,15,496641,39445566,0,passed,24,1,25,1
cancellation-srs-mixed,81,82,cancellation,24,4,3,4,6,0.8,0.3,5,2,0,0,16,255,39186150,0,0,544351,2658889,437,411068,2065731,233,0,0,0,16,342278,39530036,0,passed,24,5,25,5
cancellation-srs-mixed,82,83,cancellation,20,4,3,4,6,0.8,0.3,5,2,0,0,19,238,14187789,0,0,455877,2191046,385,392466,1932789,287,0,0,0,19,294051,14483504,0,passed,20,3,21,3
cancellation-srs-mixed,83,84,cancellation,16,4,3,4,6,0.8,0.3,5,2,0,0,11,120,3850284,0,0,98909,376313,73,77607,306654,100,0,0,0,11,57164,3908158,0,passed,16,4,17,4
cancellation-srs-mixed,84,85,cancellation,24,4,3,4,6,0.8,0.3,5,2,0,0,24,343,39894876,0,0,731243,3940322,343,653732,3561641,316,0,0,0,24,490894,40389470,0,passed,24,2,25,2
cancellation-srs-mixed,85,86,cancellation,26,4,3,4,6,0.8,0.3,5,2,0,0,16,255,43149003,0,0,348287,1657846,160,273584,1337979,147,0,0,0,16,215582,43365763,0,passed,26,6,27,6
cancellation-srs-mixed,86,87,cancellation,20,4,3,4,6,0.8,0.3,5,2,0,0,13,189,9346370,0,0,446009,2102893,198,346216,1676085,219,0,0,0,13,286551,9633959,0,passed,20,4,21,4
cancellation-srs-mixed,87,88,cancellation,26,4,3,4,6,0.8,0.3,5,2,0,0,18,261,46826221,0,0,1047317,4909515,605,898404,4222985,631,0,0,0,18,685786,47513793,0,passed,26,3,27,3
cancellation-srs-mixed,88,89,cancellation,22,4,3,4,6,0.8,0.3,5,2,0,0,19,274,26442439,0,0,391167,1633521,290,334502,1422001,209,0,0,0,19,244074,26688589,0,passed,22,3,23,3
cancellation-srs-mixed,89,90,cancellation,22,4,3,4,6,0.8,0.3,5,2,0,0,22,317,19398228,0,0,569385,2771772,332,490994,2436418,371,0,0,0,22,370567,19771595,0,passed,22,3,23,3
cancellation-srs-mixed,90,91,cancellation,24,4,3,4,6,0.8,0.3,5,2,0,0,26,396,51765327,0,0,923227,5071883,460,829860,4619835,440,0,0,0,26,613243,52382350,0,passed,24,1,25,1
cancellation-srs-mixed,91,92,cancellation,20,4,3,4,6,0.8,0.3,5,2,0,0,11,133,10177765,0,0,241659,1018709,123,182520,789345,130,0,0,0,11,149639,10328153,0,passed,20,5,21,5
cancellation-srs-mixed,92,93,cancellation,22,4,3,4,6,0.8,0.3,5,2,0,0,23,311,28337161,0,0,1325468,7233659,616,1143396,6258626,752,0,0,0,23,892194,29232152,0,passed,22,2,22,2
cancellation-srs-mixed,93,94,cancellation,28,4,3,4,6,0.8,0.3,5,2,0,0,14,235,63370097,0,0,517675,2485506,215,362883,1805402,193,0,0,0,14,310691,63681890,0,passed,28,8,29,8
cancellation-srs-mixed,94,95,cancellation,26,4,3,4,6,0.8,0.3,5,2,0,0,13,219,50906954,0,0,579651,2548066,197,434811,1957539,226,0,0,0,13,355290,51263317,0,passed,26,6,27,6
cancellation-srs-mixed,95,96,cancellation,28,4,3,4,6,0.8,0.3,5,2,0,0,22,373,104437366,0,0,739507,4106570,486,632029,3590001,705,0,0,0,22,479723,104920034,0,passed,28,5,29,5
cancellation-srs-mixed,96,97,cancellation,26,4,3,4,6,0.8,0.3,5,2,0,0,19,328,73485524,0,0,865199,4073113,381,684847,3286272,385,0,0,0,19,545424,74032919,0,passed,26,5,27,5
cancellation-srs-mixed,97,98,cancellation,24,4,3,4,6,0.8,0.3,5,2,0,0,17,238,20473957,0,0,930743,4727457,470,790406,4047979,486,0,0,0,17,624573,21100207,0,passed,24,2,25,2
cancellation-srs-mixed,98,99,cancellation,24,4,3,4,6,0.8,0.3,5,2,0,0,14,205,36270931,0,0,547527,2779445,323,459975,2401973,469,0,0,0,14,335411,36607690,0,passed,24,4,25,4
cancellation-srs-mixed,99,100,cancellation,26,4,3,4,6,0.8,0.3,5,2,0,0,16,218,37414258,0,0,409091,1856533,289,341383,1582789,235,0,0,0,16,255173,37671250,0,passed,26,5,27,5
cancellation-srs-mixed,100,101,cancellation,16,4,3,4,6,0.8,0.3,5,2,0,0,11,116,3256875,0,0,186489,790911,135,134769,587299,304,0,0,0,11,112668,3370178,0,passed,16,5,17,5
cancellation-srs-mixed,101,102,cancellation,26,4,3,4,6,0.8,0.3,5,2,0,0,21,385,53766967,0,0,1229449,5701212,582,1054558,4952803,1351,0,0,0,21,798963,54568712,0,passed,26,2,27,2
cancellation-srs-mixed,102,103,cancellation,26,4,3,4,6,0.8,0.3,5,2,0,0,31,506,99556940,0,0,1348203,7016217,638,1246915,6550849,797,0,0,0,31,908465,100470467,0,passed,26,1,27,1
cancellation-srs-mixed,103,104,cancellation,28,4,3,4,6,0.8,0.3,5,2,0,0,19,361,54837511,0,0,1252020,6377223,520,1020303,5247494,375,0,0,0,19,808174,55647590,0,passed,28,4,28,4
cancellation-srs-mixed,104,105,cancellation,16,4,3,4,6,0.8,0.3,5,2,0,0,11,114,4042998,0,0,161577,683570,102,126665,556353,44,0,0,0,11,99666,4143421,0,passed,16,3,17,3
cancellation-srs-mixed,105,106,cancellation,16,4,3,4,6,0.8,0.3,5,2,0,0,15,158,4594158,0,0,180929,862282,135,150555,733572,100,0,0,0,15,116088,4711514,0,passed,16,2,17,2
cancellation-srs-mixed,106,107,cancellation,16,4,3,4,6,0.8,0.3,5,2,0,0,13,122,4205498,0,0,116831,474578,75,94304,400648,74,0,0,0,13,71566,4277870,0,passed,16,5,17,5
cancellation-srs-mixed,107,108,cancellation,20,4,3,4,6,0.8,0.3,5,2,0,0,12,146,8594972,0,0,214239,813837,116,156364,612258,106,0,0,0,12,127634,8723292,0,passed,20,5,21,5
cancellation-srs-mixed,108,109,cancellation,28,4,3,4,6,0.8,0.3,5,2,0,0,16,250,97027107,0,0,379595,1779015,188,308855,1481026,243,0,0,0,16,236069,97264902,0,passed,28,5,29,5
cancellation-srs-mixed,109,110,cancellation,16,4,3,4,6,0.8,0.3,5,2,0,0,16,172,3577518,0,0,257709,1108620,319,197233,881492,211,0,0,0,16,159853,3738631,0,passed,16,3,17,3
cancellation-srs-mixed,110,111,cancellation,22,4,3,4,6,0.8,0.3,5,2,0,0,12,179,13748176,0,0,190239,825496,149,153836,687688,103,0,0,0,12,117739,13866950,0,passed,22,4,23,4
cancellation-srs-mixed,111,112,cancellation,22,4,3,4,6,0.8,0.3,5,2,0,0,13,177,22815637,0,0,213099,921463,118,176559,787995,310,0,0,0,13,134179,22951003,0,passed,22,4,23,4
cancellation-srs-mixed,112,113,cancellation,24,4,3,4,6,0.8,0.3,5,2,0,0,14,224,27441470,0,0,336209,1416228,274,242354,1062349,200,0,0,0,14,202458,27644910,0,passed,24,6,25,6
cancellation-srs-mixed,113,114,cancellation,18,4,3,4,6,0.8,0.3,5,2,0,0,14,161,5831773,0,0,427067,2063496,317,358680,1722905,287,0,0,0,14,284008,6116914,0,passed,18,1,19,1
cancellation-srs-mixed,114,115,cancellation,26,4,3,4,6,0.8,0.3,5,2,0,0,14,252,46485246,0,0,793704,3838643,449,622227,3069431,357,0,0,0,14,507260,46993928,0,passed,26,5,26,5
cancellation-srs-mixed,115,116,cancellation,28,4,3,4,6,0.8,0.3,5,2,0,0,18,266,101150855,0,0,556283,2584927,420,451653,2152939,457,0,0,0,18,347524,101500523,0,passed,28,4,29,4
cancellation-srs-mixed,116,117,cancellation,18,4,3,4,6,0.8,0.3,5,2,0,0,11,121,6424694,0,0,137957,556721,86,100656,420058,100,0,0,0,11,81765,6507200,0,passed,18,4,19,4
cancellation-srs-mixed,117,118,cancellation,20,4,3,4,6,0.8,0.3,5,2,0,0,16,213,18066189,0,0,453683,2015623,308,348084,1575429,271,0,0,0,16,283749,18351171,0,passed,20,4,21,4
cancellation-srs-mixed,118,119,cancellation,28,4,3,4,6,0.8,0.3,5,2,0,0,17,349,69890177,0,0,728127,3509662,310,517016,2583855,412,0,0,0,17,448914,70340535,0,passed,28,6,29,6
cancellation-srs-mixed,119,120,cancellation,18,4,3,4,6,0.8,0.3,5,2,0,0,16,178,9922191,0,0,255875,1048484,134,204807,847478,106,0,0,0,16,155818,10079322,0,passed,18,3,19,3
cancellation-srs-mixed,120,121,cancellation,26,4,3,4,6,0.8,0.3,5,2,0,0,18,292,66878746,0,0,828749,3948205,384,659926,3195011,514,0,0,0,18,526284,67406686,0,passed,26,6,27,6
cancellation-srs-mixed,121,122,cancellation,20,4,3,4,6,0.8,0.3,5,2,0,0,15,186,12526277,0,0,397085,1875361,317,312999,1517509,257,0,0,0,15,252355,12779622,0,passed,20,6,21,6
cancellation-srs-mixed,122,123,cancellation,20,4,3,4,6,0.8,0.3,5,2,0,0,14,171,10388926,0,0,290597,1422317,163,212097,1060915,252,0,0,0,14,181274,10571241,0,passed,20,4,21,4
cancellation-srs-mixed,123,124,cancellation,18,4,3,4,6,0.8,0.3,5,2,0,0,13,151,5892292,0,0,154929,668868,113,126995,569464,118,0,0,0,13,97652,5990866,0,passed,18,4,19,4
cancellation-srs-mixed,124,125,cancellation,16,4,3,4,6,0.8,0.3,5,2,0,0,11,113,3051644,0,0,100307,456575,40,79481,380151,38,0,0,0,11,62519,3114920,0,passed,16,4,17,4
cancellation-srs-mixed,125,126,cancellation,22,4,3,4,6,0.8,0.3,5,2,0,0,14,204,21028965,0,0,454279,1966069,245,330696,1486522,176,0,0,0,14,273445,21303453,0,passed,22,7,23,7
cancellation-srs-mixed,126,127,cancellation,18,4,3,4,6,0.8,0.3,5,2,0,0,19,226,8157887,0,0,320927,1670367,231,280044,1505104,346,0,0,0,19,214032,8373899,0,passed,18,2,19,2
cancellation-srs-mixed,127,128,cancellation,16,4,3,4,6,0.8,0.3,5,2,0,0,19,183,6589588,0,0,447269,2162269,462,378778,1835628,188,0,0,0,19,290822,6882164,0,passed,16,1,17,1
cancellation-srs-mixed,128,129,cancellation,16,4,3,4,6,0.8,0.3,5,2,0,0,14,153,5447506,0,0,162221,704828,356,131414,586050,87,0,0,0,14,100266,5548693,0,passed,16,3,17,3
cancellation-srs-mixed,129,130,cancellation,18,4,3,4,6,0.8,0.3,5,2,0,0,13,146,5851815,0,0,310721,1303379,173,239933,1038122,119,0,0,0,13,196739,6049320,0,passed,18,5,19,5
cancellation-srs-mixed,130,131,cancellation,18,4,3,4,6,0.8,0.3,5,2,0,0,16,181,10125855,0,0,347073,1586457,168,307497,1431356,199,0,0,0,16,228918,10356286,0,passed,18,1,19,1
cancellation-srs-mixed,131,132,cancellation,18,4,3,4,6,0.8,0.3,5,2,0,0,9,111,4563542,0,0,96919,388956,47,73766,302141,44,0,0,0,9,58153,4622244,0,passed,18,5,19,5
cancellation-srs-mixed,132,133,cancellation,24,4,3,4,6,0.8,0.3,5,2,0,0,15,223,26705240,0,0,502873,2313078,408,377608,1779928,345,0,0,0,15,314221,27020744,0,passed,24,5,25,5
cancellation-srs-mixed,133,134,cancellation,26,4,3,4,6,0.8,0.3,5,2,0,0,16,294,50258734,0,0,969199,5053263,712,859165,4584374,745,0,0,0,16,657507,50917907,0,passed,26,4,27,4
cancellation-srs-mixed,134,135,cancellation,18,4,3,4,6,0.8,0.3,5,2,0,0,21,260,9370640,0,0,460497,2222180,288,411713,2016442,221,0,0,0,21,297714,9670401,0,passed,18,1,19,1
cancellation-srs-mixed,135,136,cancellation,24,4,3,4,6,0.8,0.3,5,2,0,0,16,244,33197536,0,0,742997,3881300,239,604929,3213404,322,0,0,0,16,475008,33673898,0,passed,24,3,25,3
cancellation-srs-mixed,136,137,cancellation,28,4,3,4,6,0.8,0.3,5,2,0,0,21,377,95760829,0,0,712751,3679276,354,613049,3212000,464,0,0,0,21,464370,96228119,0,passed,28,3,29,3
cancellation-srs-mixed,137,138,cancellation,28,4,3,4,6,0.8,0.3,5,2,0,0,16,278,82375443,0,0,1140711,6577207,874,925012,5409976,946,0,0,0,16,763192,83140425,0,passed,28,5,29,5
cancellation-srs-mixed,138,139,cancellation,22,4,3,4,6,0.8,0.3,5,2,0,0,16,210,21220424,0,0,458191,2118654,309,359058,1683708,263,0,0,0,16,295167,21517132,0,passed,22,3,23,3
cancellation-srs-mixed,139,140,cancellation,20,4,3,4,6,0.8,0.3,5,2,0,0,16,207,14091028,0,0,571572,2842998,233,455918,2292071,246,0,0,0,16,365786,14458055,0,passed,20,3,20,3
cancellation-srs-mixed,140,141,cancellation,22,4,3,4,6,0.8,0.3,5,2,0,0,14,192,16636571,0,0,478673,2309749,239,399113,1966080,173,0,0,0,14,310679,16948363,0,passed,22,2,23,2
cancellation-srs-mixed,141,142,cancellation,20,4,3,4,6,0.8,0.3,5,2,0,0,13,148,11103777,0,0,275205,1211173,135,213199,949759,127,0,0,0,13,172114,11276782,0,passed,20,4,21,4
cancellation-srs-mixed,142,143,cancellation,22,4,3,4,6,0.8,0.3,5,2,0,0,19,281,24129248,0,0,741817,3452436,306,583854,2765033,451,0,0,0,19,470213,24601031,0,passed,22,4,23,4
cancellation-srs-mixed,143,144,cancellation,18,4,3,4,6,0.8,0.3,5,2,0,0,14,139,6249329,0,0,143515,605340,134,116511,507188,69,0,0,0,14,89106,6339383,0,passed,18,6,19,6
cancellation-srs-mixed,144,145,cancellation,18,4,3,4,6,0.8,0.3,5,2,0,0,12,126,5026520,0,0,270146,1280258,185,210223,1021785,104,0,0,0,12,172245,5199533,0,passed,18,4,18,4
cancellation-srs-mixed,145,146,cancellation,20,4,3,4,6,0.8,0.3,5,2,0,0,12,174,10204854,0,0,314537,1365322,164,243347,1072511,133,0,0,0,12,195017,10400710,0,passed,20,4,21,4
cancellation-srs-mixed,146,147,cancellation,22,4,3,4,6,0.8,0.3,5,2,0,0,13,182,20192677,0,0,226929,1029578,123,186643,870808,177,0,0,0,13,142347,20336197,0,passed,22,3,23,3
cancellation-srs-mixed,147,148,cancellation,22,4,3,4,6,0.8,0.3,5,2,0,0,14,206,21538832,0,0,474250,2362070,305,382345,1936795,248,0,0,0,14,305015,21845017,0,passed,22,4,22,4
cancellation-srs-mixed,148,149,cancellation,20,4,3,4,6,0.8,0.3,5,2,0,0,17,240,10327731,0,0,370529,1730442,191,323858,1535853,215,0,0,0,17,234354,10563554,0,passed,20,2,21,2
cancellation-srs-mixed,149,150,cancellation,24,4,3,4,6,0.8,0.3,5,2,0,0,14,216,32063462,0,0,408561,1909664,162,293416,1407834,213,0,0,0,14,245723,32310148,0,passed,24,6,25,6
cancellation-srs-mixed,150,151,cancellation,24,4,3,4,6,0.8,0.3,5,2,0,0,12,139,18804339,0,0,313930,1357958,124,260047,1133329,145,0,0,0,12,203229,19008473,0,passed,24,3,24,3
cancellation-srs-mixed,151,152,cancellation,26,4,3,4,6,0.8,0.3,5,2,0,0,11,191,47727471,0,0,431343,1919995,169,326236,1488942,254,0,0,0,11,267142,47995529,0,passed,26,5,27,5
cancellation-srs-mixed,152,153,cancellation,16,4,3,4,6,0.8,0.3,5,2,0,0,16,152,4157950,0,0,177633,792334,101,142304,663367,119,0,0,0,16,109522,4268599,0,passed,16,4,17,4
cancellation-srs-mixed,153,154,cancellation,18,4,3,4,6,0.8,0.3,5,2,0,0,10,121,6426800,0,0,201899,876236,117,172345,750837,90,0,0,0,10,130324,6557791,0,passed,18,2,19,2
cancellation-srs-mixed,154,155,cancellation,18,4,3,4,6,0.8,0.3,5,2,0,0,21,232,8246317,0,0,388391,1920157,315,340952,1716005,187,0,0,0,21,251607,8499982,0,passed,18,1,19,1
cancellation-srs-mixed,155,156,cancellation,20,4,3,4,6,0.8,0.3,5,2,0,0,13,173,11984703,0,0,277709,1235597,165,192834,898434,111,0,0,0,13,163034,12148546,0,passed,20,8,21,8
cancellation-srs-mixed,156,157,cancellation,26,4,3,4,6,0.8,0.3,5,2,0,0,20,303,61705755,0,0,845855,4001618,467,682185,3254283,413,0,0,0,20,533949,62241769,0,passed,26,4,27,4
cancellation-srs-mixed,157,158,cancellation,22,4,3,4,6,0.8,0.3,5,2,0,0,15,236,23180873,0,0,432619,1873093,190,317175,1423202,265,0,0,0,15,258792,23440815,0,passed,22,5,23,5
cancellation-srs-mixed,158,159,cancellation,22,4,3,4,6,0.8,0.3,5,2,0,0,12,188,22369931,0,0,413627,2020207,336,297755,1501657,177,0,0,0,12,257501,22628302,0,passed,22,6,23,6
cancellation-srs-mixed,159,160,cancellation,22,4,3,4,6,0.8,0.3,5,2,0,0,14,174,14289323,0,0,308199,1411572,138,235494,1098591,223,0,0,0,14,188355,14478918,0,passed,22,3,23,3
cancellation-srs-mixed,160,161,cancellation,24,4,3,4,6,0.8,0.3,5,2,0,0,18,285,38180452,0,0,966243,4983277,552,775030,4080269,372,0,0,0,18,634064,38816144,0,passed,24,4,25,4
cancellation-srs-mixed,161,162,cancellation,28,4,3,4,6,0.8,0.3,5,2,0,0,13,233,70880804,0,0,781445,4036820,484,600004,3120217,373,0,0,0,13,505263,71387189,0,passed,28,5,29,5
cancellation-srs-mixed,162,163,cancellation,26,4,3,4,6,0.8,0.3,5,2,0,0,22,345,68478401,0,0,802149,3823370,558,680719,3314680,607,0,0,0,22,517222,68998641,0,passed,26,3,27,3
cancellation-srs-mixed,163,164,cancellation,22,4,3,4,6,0.8,0.3,5,2,0,0,16,223,23755443,0,0,321987,1603974,178,282701,1433594,245,0,0,0,16,210004,23967077,0,passed,22,2,23,2
cancellation-srs-mixed,164,165,cancellation,26,4,3,4,6,0.8,0.3,5,2,0,0,23,404,88593375,0,0,2020818,12077117,989,1821089,10856822,975,0,0,0,23,1403945,89999925,0,passed,26,2,26,2
cancellation-srs-mixed,165,166,cancellation,16,4,3,4,6,0.8,0.3,5,2,0,0,9,94,3411245,0,0,129601,534117,54,101118,425294,89,0,0,0,9,80917,3492610,0,passed,16,3,17,3
cancellation-srs-mixed,166,167,cancellation,24,4,3,4,6,0.8,0.3,5,2,0,0,18,271,46235963,0,0,746493,3666951,505,633840,3141278,545,0,0,0,18,491579,46729605,0,passed,24,4,25,4
cancellation-srs-mixed,167,168,cancellation,16,4,3,4,6,0.8,0.3,5,2,0,0,14,140,3637027,0,0,242343,1032100,253,195821,844257,170,0,0,0,14,150294,3788347,0,passed,16,2,17,2
cancellation-srs-mixed,168,169,cancellation,26,4,3,4,6,0.8,0.3,5,2,0,0,15,208,58729873,0,0,337635,1566755,151,271639,1315671,381,0,0,0,15,207777,58939128,0,passed,26,5,27,5
cancellation-srs-mixed,169,170,cancellation,20,4,3,4,6,0.8,0.3,5,2,0,0,15,174,12918869,0,0,455195,2087061,301,408959,1873980,371,0,0,0,15,310194,13230306,0,passed,20,1,21,1
cancellation-srs-mixed,170,171,cancellation,22,4,3,4,6,0.8,0.3,5,2,0,0,13,206,22424430,0,0,402899,1804102,220,343094,1561354,315,0,0,0,13,264704,22690129,0,passed,22,2,23,2
cancellation-srs-mixed,171,172,cancellation,20,4,3,4,6,0.8,0.3,5,2,0,0,17,237,17572944,0,0,576445,2491128,443,447998,1982734,374,0,0,0,17,360715,17935088,0,passed,20,4,21,4
cancellation-srs-mixed,172,173,cancellation,28,4,3,4,6,0.8,0.3,5,2,0,0,14,244,62209407,0,0,656281,2978239,308,486865,2270811,251,0,0,0,14,407358,62618178,0,passed,28,6,29,6
cancellation-srs-mixed,173,174,cancellation,26,4,3,4,6,0.8,0.3,5,2,0,0,15,281,56719241,0,0,771645,3797667,769,622213,3079738,441,0,0,0,15,501083,57221674,0,passed,26,3,27,3
cancellation-srs-mixed,174,175,cancellation,22,4,3,4,6,0.8,0.3,5,2,0,0,19,257,19144287,0,0,495237,2283526,367,433043,2018343,265,0,0,0,19,324601,19471332,0,passed,22,2,23,2
cancellation-srs-mixed,175,176,cancellation,20,4,3,4,6,0.8,0.3,5,2,0,0,19,252,13969907,0,0,675948,3302008,445,556027,2777722,261,0,0,0,19,435270,14407223,0,passed,20,3,20,3
cancellation-srs-mixed,176,177,cancellation,16,4,3,4,6,0.8,0.3,5,2,0,0,16,136,4332508,0,0,206069,913266,88,167808,748465,146,0,0,0,16,129393,4462959,0,passed,16,2,17,2
cancellation-srs-mixed,177,178,cancellation,26,4,3,4,6,0.8,0.3,5,2,0,0,20,326,60719884,0,0,559209,2979998,354,481159,2633678,534,0,0,0,20,370516,61092707,0,passed,26,3,27,3
cancellation-srs-mixed,178,179,cancellation,24,4,3,4,6,0.8,0.3,5,2,0,0,17,263,35463048,0,0,385151,1927182,426,312032,1607189,298,0,0,0,17,242398,35706985,0,passed,24,4,25,4
cancellation-srs-mixed,179,180,cancellation,20,4,3,4,6,0.8,0.3,5,2,0,0,14,167,13957787,0,0,401463,1714650,186,336161,1449239,160,0,0,0,14,254694,14213574,0,passed,20,5,21,5
cancellation-srs-mixed,180,181,cancellation,16,4,3,4,6,0.8,0.3,5,2,0,0,12,124,3554380,0,0,201435,888513,116,156578,701098,104,0,0,0,12,126108,3681266,0,passed,16,3,17,3
cancellation-srs-mixed,181,182,cancellation,20,4,3,4,6,0.8,0.3,5,2,0,0,16,208,13590860,0,0,358019,1399433,95,271097,1082794,180,0,0,0,16,216368,13808340,0,passed,20,4,21,4
cancellation-srs-mixed,182,183,cancellation,28,4,3,4,6,0.8,0.3,5,2,0,0,17,341,66021623,0,0,924519,4648577,511,725180,3733314,417,0,0,0,17,593258,66616571,0,passed,28,5,29,5
cancellation-srs-mixed,183,184,cancellation,18,4,3,4,6,0.8,0.3,5,2,0,0,20,235,8519863,0,0,573875,2725029,500,478751,2287081,222,0,0,0,20,375997,8897804,0,passed,18,1,19,1
cancellation-srs-mixed,184,185,cancellation,20,4,3,4,6,0.8,0.3,5,2,0,0,12,150,9168546,0,0,269329,1127332,129,197372,849043,91,0,0,0,12,163786,9333100,0,passed,20,4,21,4
cancellation-srs-mixed,185,186,cancellation,28,4,3,4,6,0.8,0.3,5,2,0,0,15,269,73828068,0,0,574531,2632267,673,401548,1906303,260,0,0,0,15,347539,74176769,0,passed,28,7,29,7
cancellation-srs-mixed,186,187,cancellation,28,4,3,4,6,0.8,0.3,5,2,0,0,19,335,75057406,0,0,1262937,6336276,817,1015242,5215250,638,0,0,0,19,823932,75883402,0,passed,28,5,29,5
cancellation-srs-mixed,187,188,cancellation,16,4,3,4,6,0.8,0.3,5,2,0,0,17,188,4854389,0,0,294693,1460367,145,238180,1205361,138,0,0,0,17,187384,5043165,0,passed,16,2,17,2
cancellation-srs-mixed,188,189,cancellation,18,4,3,4,6,0.8,0.3,5,2,0,0,13,146,6742436,0,0,265093,1012191,80,196746,770622,83,0,0,0,13,159903,6903169,0,passed,18,5,19,5
cancellation-srs-mixed,189,190,cancellation,28,4,3,4,6,0.8,0.3,5,2,0,0,16,249,86207047,0,0,340353,1691370,160,272630,1430096,158,0,0,0,16,213598,86422195,0,passed,28,7,29,7
cancellation-srs-mixed,190,191,cancellation,16,4,3,4,6,0.8,0.3,5,2,0,0,15,149,4203954,0,0,274785,1226367,144,223526,1004954,109,0,0,0,15,174356,4379253,0,passed,16,3,17,3
cancellation-srs-mixed,191,192,cancellation,18,4,3,4,6,0.8,0.3,5,2,0,0,11,119,4732146,0,0,121869,551871,279,91875,438815,41,0,0,0,11,73699,4806499,0,passed,18,5,19,5
cancellation-srs-mixed,192,193,cancellation,18,4,3,4,6,0.8,0.3,5,2,0,0,14,147,7130671,0,0,302007,1349098,136,241437,1104354,110,0,0,0,14,190455,7322143,0,passed,18,3,19,3
cancellation-srs-mixed,193,194,cancellation,22,4,3,4,6,0.8,0.3,5,2,0,0,16,201,18639749,0,0,310449,1528112,115,249988,1254756,154,0,0,0,16,193240,18834439,0,passed,22,5,23,5
cancellation-srs-mixed,194,195,cancellation,20,4,3,4,6,0.8,0.3,5,2,0,0,14,156,9651725,0,0,303007,1262213,123,239858,1003442,123,0,0,0,14,191966,9844721,0,passed,20,3,21,3
cancellation-srs-mixed,195,196,cancellation,16,4,3,4,6,0.8,0.3,5,2,0,0,8,83,2086192,0,0,107139,432696,106,81263,335221,40,0,0,0,8,65791,2152386,0,passed,16,3,17,3
cancellation-srs-mixed,196,197,cancellation,24,4,3,4,6,0.8,0.3,5,2,0,0,14,212,22566184,0,0,462321,1943745,435,365736,1566267,157,0,0,0,14,287221,22854693,0,passed,24,3,25,3
cancellation-srs-mixed,197,198,cancellation,26,4,3,4,6,0.8,0.3,5,2,0,0,16,233,39224595,0,0,546339,2456586,263,429291,1999626,208,0,0,0,16,340383,39566738,0,passed,26,5,27,5
cancellation-srs-mixed,198,199,cancellation,20,4,3,4,6,0.8,0.3,5,2,0,0,17,229,14606084,0,0,451889,2023136,172,349445,1608607,275,0,0,0,17,278114,14885709,0,passed,20,3,21,3
cancellation-srs-mixed,199,200,cancellation,26,4,3,4,6,0.8,0.3,5,2,0,0,14,205,53478607,0,0,296645,1348786,155,228870,1070729,229,0,0,0,14,178580,53658324,0,passed,26,6,27,6
cancellation-srs-mixed,200,201,cancellation,18,4,3,4,6,0.8,0.3,5,2,0,0,14,155,8247674,0,0,393877,1695176,223,338788,1468961,334,0,0,0,14,256936,8505712,0,passed,18,2,19,2
cancellation-srs-mixed,201,202,cancellation,16,4,3,4,6,0.8,0.3,5,2,0,0,15,152,5657638,0,0,248073,1125038,142,192400,882648,149,0,0,0,15,153202,5811903,0,passed,16,3,17,3
cancellation-srs-mixed,202,203,cancellation,24,4,3,4,6,0.8,0.3,5,2,0,0,16,265,38837322,0,0,869491,3947528,299,689350,3214037,342,0,0,0,16,548934,39387517,0,passed,24,5,25,5
cancellation-srs-mixed,203,204,cancellation,26,4,3,4,6,0.8,0.3,5,2,0,0,17,256,47782388,0,0,623900,3179585,288,483620,2511081,374,0,0,0,17,396930,48180822,0,passed,26,4,26,4
cancellation-srs-mixed,204,205,cancellation,16,4,3,4,6,0.8,0.3,5,2,0,0,12,114,2593357,0,0,112947,516044,63,93269,439473,398,0,0,0,12,72076,2666240,0,passed,16,3,17,3
cancellation-srs-mixed,205,206,cancellation,18,4,3,4,6,0.8,0.3,5,2,0,0,14,161,5678364,0,0,174689,754067,120,141291,625908,74,0,0,0,14,109806,5789133,0,passed,18,3,19,3
cancellation-srs-mixed,206,207,cancellation,18,4,3,4,6,0.8,0.3,5,2,0,0,14,158,7629709,0,0,224375,1026849,135,182068,854070,119,0,0,0,14,141724,7772515,0,passed,18,2,19,2
cancellation-srs-mixed,207,208,cancellation,20,4,3,4,6,0.8,0.3,5,2,0,0,13,154,6278410,0,0,187473,852707,90,154852,717550,104,0,0,0,13,116264,6395675,0,passed,20,4,21,4
cancellation-srs-mixed,208,209,cancellation,28,4,3,4,6,0.8,0.3,5,2,0,0,16,283,70421494,0,0,673605,3303054,318,561407,2828190,328,0,0,0,16,441926,70864949,0,passed,28,4,29,4
cancellation-srs-mixed,209,210,cancellation,28,4,3,4,6,0.8,0.3,5,2,0,0,14,248,76052776,0,0,739719,3816874,249,588606,3078946,302,0,0,0,14,471222,76525383,0,passed,28,7,29,7
cancellation-srs-mixed,210,211,cancellation,22,4,3,4,6,0.8,0.3,5,2,0,0,14,158,15834346,0,0,327158,1404889,138,256299,1124597,154,0,0,0,14,205196,16040548,0,passed,22,3,22,3
cancellation-srs-mixed,211,212,cancellation,28,4,3,4,6,0.8,0.3,5,2,0,0,19,312,110419937,0,0,1128749,6187853,449,906947,5051422,672,0,0,0,19,739817,111161909,0,passed,28,5,29,5
cancellation-srs-mixed,212,213,cancellation,16,4,3,4,6,0.8,0.3,5,2,0,0,15,161,3806257,0,0,175457,764345,90,144541,656118,152,0,0,0,15,109735,3917078,0,passed,16,4,17,4
cancellation-srs-mixed,213,214,cancellation,16,4,3,4,6,0.8,0.3,5,2,0,0,11,113,3861656,0,0,224069,910624,77,177574,724763,142,0,0,0,11,140305,4002598,0,passed,16,3,17,3
cancellation-srs-mixed,214,215,cancellation,18,4,3,4,6,0.8,0.3,5,2,0,0,15,176,8575321,0,0,360835,1687571,215,283242,1336118,191,0,0,0,15,214153,8790457,0,passed,18,3,19,3
cancellation-srs-mixed,215,216,cancellation,18,4,3,4,6,0.8,0.3,5,2,0,0,15,185,5745234,0,0,350784,1626596,244,291477,1370858,323,0,0,0,15,228097,5974453,0,passed,18,2,18,2
cancellation-srs-mixed,216,217,cancellation,18,4,3,4,6,0.8,0.3,5,2,0,0,20,245,9415300,0,0,345809,1641391,433,296191,1437871,376,0,0,0,20,220455,9637577,0,passed,18,2,19,2
cancellation-srs-mixed,217,218,cancellation,22,4,3,4,6,0.8,0.3,5,2,0,0,15,209,13750037,0,0,634917,3144788,365,580840,2913904,335,0,0,0,15,439661,14191388,0,passed,22,2,23,2
cancellation-srs-mixed,218,219,cancellation,18,4,3,4,6,0.8,0.3,5,2,0,0,13,173,5047515,0,0,411503,1786417,177,318163,1422849,112,0,0,0,13,259776,5308247,0,passed,18,4,19,4
cancellation-srs-mixed,219,220,cancellation,22,4,3,4,6,0.8,0.3,5,2,0,0,14,198,14828828,0,0,356897,1771750,132,251063,1309759,164,0,0,0,14,219562,15049315,0,passed,22,7,23,7
cancellation-srs-mixed,220,221,cancellation,26,4,3,4,6,0.8,0.3,5,2,0,0,16,255,57737812,0,0,621697,2713723,334,478333,2151497,162,0,0,0,16,364820,58104296,0,passed,26,5,27,5
cancellation-srs-mixed,221,222,cancellation,18,4,3,4,6,0.8,0.3,5,2,0,0,15,169,8793711,0,0,236921,956699,125,180993,758280,123,0,0,0,15,143146,8937820,0,passed,18,4,19,4
cancellation-srs-mixed,222,223,cancellation,26,4,3,4,6,0.8,0.3,5,2,0,0,15,234,64588408,0,0,857007,4186124,369,699269,3452759,324,0,0,0,15,558979,65148757,0,passed,26,4,27,4
cancellation-srs-mixed,223,224,cancellation,20,4,3,4,6,0.8,0.3,5,2,0,0,15,184,11302940,0,0,283949,1196187,113,239209,1037241,180,0,0,0,15,179812,11484100,0,passed,20,3,21,3
cancellation-srs-mixed,224,225,cancellation,24,4,3,4,6,0.8,0.3,5,2,0,0,10,124,21769008,0,0,118999,670411,58,89648,514766,95,0,0,0,10,72805,21842427,0,passed,24,7,25,7
cancellation-srs-mixed,225,226,cancellation,28,4,3,4,6,0.8,0.3,5,2,0,0,16,313,77321595,0,0,948289,4860137,315,760054,3959430,445,0,0,0,16,610550,77933612,0,passed,28,5,29,5
cancellation-srs-mixed,226,227,cancellation,28,4,3,4,6,0.8,0.3,5,2,0,0,18,300,75505464,0,0,657107,3632265,628,554003,3143969,479,0,0,0,18,426247,75934406,0,passed,28,3,29,3
cancellation-srs-mixed,227,228,cancellation,26,4,3,4,6,0.8,0.3,5,2,0,0,11,180,49483451,0,0,192929,802537,60,151419,656617,118,0,0,0,11,108959,49593325,0,passed,26,6,27,6
cancellation-srs-mixed,228,229,cancellation,20,4,3,4,6,0.8,0.3,5,2,0,0,13,155,10341166,0,0,328027,1516778,206,254537,1194598,135,0,0,0,13,205396,10547422,0,passed,20,4,21,4
cancellation-srs-mixed,229,230,cancellation,24,4,3,4,6,0.8,0.3,5,2,0,0,15,230,31464192,0,0,446775,2029041,287,322296,1518501,158,0,0,0,15,265984,31731348,0,passed,24,5,25,5
cancellation-srs-mixed,230,231,cancellation,22,4,3,4,6,0.8,0.3,5,2,0,0,17,266,21725115,0,0,723903,3902812,246,643014,3541099,461,0,0,0,17,474983,22201763,0,passed,22,2,23,2
cancellation-srs-mixed,231,232,cancellation,28,4,3,4,6,0.8,0.3,5,2,0,0,19,381,85577045,0,0,671597,3517618,350,538813,2941981,278,0,0,0,19,431831,86010728,0,passed,28,5,29,5
cancellation-srs-mixed,232,233,cancellation,18,4,3,4,6,0.8,0.3,5,2,0,0,10,118,3764320,0,0,106399,409323,51,85842,338218,47,0,0,0,10,64839,3829858,0,passed,18,3,19,3
cancellation-srs-mixed,233,234,cancellation,22,4,3,4,6,0.8,0.3,5,2,0,0,17,221,19986864,0,0,367939,1825554,153,314887,1605879,233,0,0,0,17,238003,20226624,0,passed,22,5,23,5
cancellation-srs-mixed,234,235,cancellation,22,4,3,4,6,0.8,0.3,5,2,0,0,14,223,18991714,0,0,505909,2668422,251,403193,2157677,175,0,0,0,14,332599,19325372,0,passed,22,4,23,4
cancellation-srs-mixed,235,236,cancellation,18,4,3,4,6,0.8,0.3,5,2,0,0,11,115,4306727,0,0,248620,1250313,110,200801,1037534,88,0,0,0,11,164347,4471929,0,passed,18,3,18,3
cancellation-srs-mixed,236,237,cancellation,20,4,3,4,6,0.8,0.3,5,2,0,0,12,167,8786878,0,0,214798,916829,189,157679,711306,99,0,0,0,12,130005,8917711,0,passed,20,5,20,5
cancellation-srs-mixed,237,238,cancellation,28,4,3,4,6,0.8,0.3,5,2,0,0,26,480,105064115,0,0,3092775,19141241,1185,2852204,17580123,1296,0,0,0,26,2219202,107287306,0,passed,28,1,29,1
cancellation-srs-mixed,238,239,cancellation,26,4,3,4,6,0.8,0.3,5,2,0,0,16,240,51295684,0,0,380599,1896458,463,310707,1599162,239,0,0,0,16,239331,51536637,0,passed,26,5,27,5
cancellation-srs-mixed,239,240,cancellation,24,4,3,4,6,0.8,0.3,5,2,0,0,20,267,34556547,0,0,454719,2312353,1291,390454,2021728,310,0,0,0,20,294032,34853030,0,passed,24,4,25,4
cancellation-srs-mixed,240,241,cancellation,18,4,3,4,6,0.8,0.3,5,2,0,0,13,138,6529741,0,0,253363,1171059,87,194301,934383,470,0,0,0,13,158040,6688602,0,passed,18,4,19,4
cancellation-srs-mixed,241,242,cancellation,26,4,3,4,6,0.8,0.3,5,2,0,0,16,266,53186662,0,0,786215,3813844,578,597944,2969086,241,0,0,0,16,488986,53677078,0,passed,26,6,27,6
cancellation-srs-mixed,242,243,cancellation,16,4,3,4,6,0.8,0.3,5,2,0,0,15,145,4376199,0,0,261901,1055549,171,210812,864812,122,0,0,0,15,164879,4542070,0,passed,16,6,17,6
cancellation-srs-mixed,243,244,cancellation,16,4,3,4,6,0.8,0.3,5,2,0,0,14,134,2683503,0,0,145909,735850,82,123614,645388,71,0,0,0,14,93883,2778485,0,passed,16,4,17,4
cancellation-srs-mixed,244,245,cancellation,28,4,3,4,6,0.8,0.3,5,2,0,0,12,190,72344447,0,0,278809,1216846,243,211663,960340,162,0,0,0,12,168809,72514440,0,passed,28,5,29,5
cancellation-srs-mixed,245,246,cancellation,22,4,3,4,6,0.8,0.3,5,2,0,0,19,266,18303151,0,0,529043,2246396,279,414037,1788184,193,0,0,0,19,328139,18632832,0,passed,22,4,23,4
cancellation-srs-mixed,246,247,cancellation,24,4,3,4,6,0.8,0.3,5,2,0,0,18,243,41238367,0,0,754797,3538131,226,630087,2986519,311,0,0,0,18,489535,41729909,0,passed,24,4,25,4
cancellation-srs-mixed,247,248,cancellation,16,4,3,4,6,0.8,0.3,5,2,0,0,14,148,4694961,0,0,244983,1061400,106,188158,829905,90,0,0,0,14,151261,4847084,0,passed,16,3,17,3
cancellation-srs-mixed,248,249,cancellation,22,4,3,4,6,0.8,0.3,5,2,0,0,11,123,13382821,0,0,145565,612817,86,106047,460566,89,0,0,0,11,86447,13469944,0,passed,22,5,23,5
cancellation-srs-mixed,249,250,cancellation,28,4,3,4,6,0.8,0.3,5,2,0,0,18,345,109990457,0,0,835409,3849607,285,644961,3068116,302,0,0,0,18,525406,110517681,0,passed,28,6,29,6
cancellation-srs-mixed,250,251,cancellation,16,4,3,4,6,0.8,0.3,5,2,0,0,10,91,2431580,0,0,71153,310988,48,55338,256789,18,0,0,0,10,43667,2475764,0,passed,16,5,17,5
cancellation-srs-mixed,251,252,cancellation,20,4,3,4,6,0.8,0.3,5,2,0,0,14,183,11707502,0,0,312335,1305202,161,241285,1048910,194,0,0,0,14,191227,11899874,0,passed,20,4,21,4
cancellation-srs-mixed,252,253,cancellation,22,4,3,4,6,0.8,0.3,5,2,0,0,12,162,19376480,0,0,248113,1131411,123,178348,859689,146,0,0,0,12,146724,19524073,0,passed,22,5,23,5
cancellation-srs-mixed,253,254,cancellation,20,4,3,4,6,0.8,0.3,5,2,0,0,18,218,10999196,0,0,375543,1881520,236,330017,1671265,153,0,0,0,18,247803,11249030,0,passed,20,1,21,1
cancellation-srs-mixed,254,255,cancellation,24,4,3,4,6,0.8,0.3,5,2,0,0,12,176,28609323,0,0,215333,968092,122,170700,790766,114,0,0,0,12,131177,28741434,0,passed,24,5,25,5
cancellation-srs-mixed,255,256,cancellation,28,4,3,4,6,0.8,0.3,5,2,0,0,17,327,71506934,0,0,1249358,6951254,462,1028237,5773389,393,0,0,0,17,825564,72334355,0,passed,28,4,28,4
cancellation-srs-mixed,256,257,cancellation,18,4,3,4,6,0.8,0.3,5,2,0,0,11,114,3778192,0,0,141721,522178,105,109588,408667,35,0,0,0,11,85338,3864212,0,passed,18,3,19,3
cancellation-srs-mixed,257,258,cancellation,20,4,3,4,6,0.8,0.3,5,2,0,0,13,143,8510654,0,0,156795,623153,99,128999,524137,35,0,0,0,13,95632,8607208,0,passed,20,4,21,4
cancellation-srs-mixed,258,259,cancellation,22,4,3,4,6,0.8,0.3,5,2,0,0,19,240,29499372,0,0,623477,2753005,284,508452,2286016,258,0,0,0,19,395025,29896241,0,passed,22,4,23,4
cancellation-srs-mixed,259,260,cancellation,20,4,3,4,6,0.8,0.3,5,2,0,0,16,201,13466628,0,0,266133,1263143,208,219299,1071016,100,0,0,0,16,168461,13636473,0,passed,20,3,21,3
cancellation-srs-mixed,260,261,cancellation,24,4,3,4,6,0.8,0.3,5,2,0,0,15,229,39560548,0,0,596511,2739537,280,446760,2142967,219,0,0,0,15,370633,39932471,0,passed,24,9,25,9
cancellation-srs-mixed,261,262,cancellation,24,4,3,4,6,0.8,0.3,5,2,0,0,16,245,38111815,0,0,590527,3149569,309,452709,2450216,299,0,0,0,16,378779,38492245,0,passed,24,4,25,4
cancellation-srs-mixed,262,263,cancellation,26,4,3,4,6,0.8,0.3,5,2,0,0,13,215,41036723,0,0,527839,2505881,247,418776,1998602,183,0,0,0,13,331719,41369516,0,passed,26,4,27,4
cancellation-srs-mixed,263,264,cancellation,20,4,3,4,6,0.8,0.3,5,2,0,0,11,136,8901515,0,0,258275,1111391,137,188677,822986,99,0,0,0,11,157180,9059349,0,passed,20,4,21,4
cancellation-srs-mixed,264,265,cancellation,24,4,3,4,6,0.8,0.3,5,2,0,0,22,339,47890692,0,0,1185487,5918396,776,970937,4902943,494,0,0,0,22,770335,48663615,0,passed,24,3,25,3
cancellation-srs-mixed,265,266,cancellation,28,4,3,4,6,0.8,0.3,5,2,0,0,19,324,94023843,0,0,534499,2673521,359,458805,2348272,225,0,0,0,19,341493,94367349,0,passed,28,5,29,5
cancellation-srs-mixed,266,267,cancellation,18,4,3,4,6,0.8,0.3,5,2,0,0,12,136,7832671,0,0,294403,1475368,131,247814,1277827,346,0,0,0,12,193797,8027309,0,passed,18,3,19,3
cancellation-srs-mixed,267,268,cancellation,16,4,3,4,6,0.8,0.3,5,2,0,0,18,196,5882345,0,0,365191,1688927,184,293292,1375841,125,0,0,0,18,226528,6110231,0,passed,16,2,17,2
cancellation-srs-mixed,268,269,cancellation,26,4,3,4,6,0.8,0.3,5,2,0,0,23,365,75294717,0,0,829691,4444875,493,690324,3802876,504,0,0,0,23,545684,75844127,0,passed,26,3,27,3
cancellation-srs-mixed,269,270,cancellation,28,4,3,4,6,0.8,0.3,5,2,0,0,23,444,93653705,0,0,2367396,14021198,1046,2097044,12542930,1030,0,0,0,23,1652685,95309399,0,passed,28,3,28,3
cancellation-srs-mixed,270,271,cancellation,22,4,3,4,6,0.8,0.3,5,2,0,0,15,193,18007385,0,0,669571,3394370,307,567390,2882344,480,0,0,0,15,440538,18449203,0,passed,22,2,23,2
cancellation-srs-mixed,271,272,cancellation,16,4,3,4,6,0.8,0.3,5,2,0,0,15,144,4031539,0,0,179869,808582,150,145414,670995,112,0,0,0,15,113128,4145731,0,passed,16,3,17,3
cancellation-srs-mixed,272,273,cancellation,16,4,3,4,6,0.8,0.3,5,2,0,0,14,135,2810133,0,0,131467,578841,124,107565,488160,85,0,0,0,14,82670,2893730,0,passed,16,4,17,4
cancellation-srs-mixed,273,274,cancellation,16,4,3,4,6,0.8,0.3,5,2,0,0,11,102,3235540,0,0,142969,630513,163,113748,507155,125,0,0,0,11,91692,3327955,0,passed,16,2,17,2
cancellation-srs-mixed,274,275,cancellation,24,4,3,4,6,0.8,0.3,5,2,0,0,19,290,57829283,0,0,738099,3805971,379,575747,3073028,364,0,0,0,19,471563,58302959,0,passed,24,4,25,4
cancellation-srs-mixed,275,276,cancellation,18,4,3,4,6,0.8,0.3,5,2,0,0,16,187,6902907,0,0,272317,1242575,172,224226,1047271,125,0,0,0,16,169810,7073948,0,passed,18,3,19,3
cancellation-srs-mixed,276,277,cancellation,18,4,3,4,6,0.8,0.3,5,2,0,0,11,119,5763999,0,0,129745,511373,126,96721,400385,99,0,0,0,11,77410,5842116,0,passed,18,4,19,4
cancellation-srs-mixed,277,278,cancellation,22,4,3,4,6,0.8,0.3,5,2,0,0,18,241,22435858,0,0,618677,3153851,269,500420,2604443,292,0,0,0,18,401567,22839270,0,passed,22,3,23,3
cancellation-srs-mixed,278,279,cancellation,26,4,3,4,6,0.8,0.3,5,2,0,0,13,190,37192046,0,0,305743,1435089,121,221075,1080484,124,0,0,0,13,183793,37377054,0,passed,26,6,27,6
cancellation-srs-mixed,279,280,cancellation,20,4,3,4,6,0.8,0.3,5,2,0,0,14,160,8049501,0,0,312795,1413077,211,236169,1082591,172,0,0,0,14,189981,8240362,0,passed,20,6,21,6
cancellation-srs-mixed,280,281,cancellation,24,4,3,4,6,0.8,0.3,5,2,0,0,16,230,39323391,0,0,324661,1455171,169,272518,1262065,146,0,0,0,16,202668,39527511,0,passed,24,5,25,5
cancellation-srs-mixed,281,282,cancellation,26,4,3,4,6,0.8,0.3,5,2,0,0,23,395,50877474,0,0,779275,4234360,586,658946,3653746,762,0,0,0,23,507875,51388404,0,passed,26,4,27,4
cancellation-srs-mixed,282,283,cancellation,20,4,3,4,6,0.8,0.3,5,2,0,0,16,200,14978655,0,0,668973,3266951,350,576068,2874482,272,0,0,0,16,450107,15430220,0,passed,20,3,21,3
cancellation-srs-mixed,283,284,cancellation,18,4,3,4,6,0.8,0.3,5,2,0,0,12,126,5888430,0,0,259597,1132822,128,214803,953698,263,0,0,0,12,166431,6055657,0,passed,18,3,19,3
cancellation-srs-mixed,284,285,cancellation,28,4,3,4,6,0.8,0.3,5,2,0,0,16,284,64475300,0,0,431995,2128553,254,356117,1782452,196,0,0,0,16,272517,64749644,0,passed,28,4,29,4
cancellation-srs-mixed,285,286,cancellation,22,4,3,4,6,0.8,0.3,5,2,0,0,17,197,19860961,0,0,266909,1354975,226,223500,1179177,123,0,0,0,17,172442,20034949,0,passed,22,6,23,6
cancellation-srs-mixed,286,287,cancellation,28,4,3,4,6,0.8,0.3,5,2,0,0,15,254,60146493,0,0,746673,4213287,316,563359,3199516,315,0,0,0,15,479994,60627914,0,passed,28,8,29,8
cancellation-srs-mixed,287,288,cancellation,20,4,3,4,6,0.8,0.3,5,2,0,0,20,254,18244582,0,0,500891,2403991,399,421056,2063704,320,0,0,0,20,326235,18573097,0,passed,20,2,21,2
cancellation-srs-mixed,288,289,cancellation,22,4,3,4,6,0.8,0.3,5,2,0,0,17,239,23465637,0,0,827115,4238893,522,677368,3500915,371,0,0,0,17,534298,24001655,0,passed,22,3,23,3
cancellation-srs-mixed,289,290,cancellation,20,4,3,4,6,0.8,0.3,5,2,0,0,14,194,13130533,0,0,323785,1405015,181,239063,1072901,139,0,0,0,14,198148,13329637,0,passed,20,6,21,6
cancellation-srs-mixed,290,291,cancellation,18,4,3,4,6,0.8,0.3,5,2,0,0,10,115,6657996,0,0,170371,735643,116,117965,528998,38,0,0,0,10,100558,6759152,0,passed,18,5,19,5
cancellation-srs-mixed,291,292,cancellation,16,4,3,4,6,0.8,0.3,5,2,0,0,11,94,2446268,0,0,84151,321281,66,63873,254038,28,0,0,0,11,50629,2497457,0,passed,16,3,17,3
cancellation-srs-mixed,292,293,cancellation,16,4,3,4,6,0.8,0.3,5,2,0,0,14,147,3344958,0,0,175617,812492,77,137240,658677,78,0,0,0,14,108059,3454106,0,passed,16,3,17,3
cancellation-srs-mixed,293,294,cancellation,28,4,3,4,6,0.8,0.3,5,2,0,0,14,251,94679636,0,0,737311,3650613,314,631773,3175691,306,0,0,0,14,489512,95170647,0,passed,28,3,29,3
cancellation-srs-mixed,294,295,cancellation,22,4,3,4,6,0.8,0.3,5,2,0,0,14,172,11173441,0,0,215585,1017205,296,173630,828614,138,0,0,0,14,136081,11310465,0,passed,22,4,23,4
cancellation-srs-mixed,295,296,cancellation,16,4,3,4,6,0.8,0.3,5,2,0,0,11,100,3751296,0,0,82049,360675,195,64850,303101,60,0,0,0,11,52014,3803937,0,passed,16,5,17,5
cancellation-srs-mixed,296,297,cancellation,24,4,3,4,6,0.8,0.3,5,2,0,0,25,343,39829117,0,0,810887,4610697,694,735525,4237360,623,0,0,0,25,543656,40377020,0,passed,24,1,25,1
cancellation-srs-mixed,297,298,cancellation,22,4,3,4,6,0.8,0.3,5,2,0,0,13,178,21839119,0,0,183753,860909,151,143471,709474,118,0,0,0,13,115692,21955884,0,passed,22,5,23,5
cancellation-srs-mixed,298,299,cancellation,24,4,3,4,6,0.8,0.3,5,2,0,0,13,194,32437521,0,0,570057,2390381,874,507126,2131335,370,0,0,0,13,372016,32811417,0,passed,24,2,25,2
cancellation-srs-mixed,299,300,cancellation,26,4,3,4,6,0.8,0.3,5,2,0,0,17,278,54684527,0,0,504327,2730703,1329,399256,2194286,1514,0,0,0,17,322905,55009248,0,passed,26,4,27,4
cancellation-srs-mixed,0,1,cancellation,16,4,3,4,6,0.8,0.3,5,2,1,0,7,103,1873869,0,0,138798,744531,185,119009,661328,190,12,2562670,5,12,94959,4532468,0,passed,16,2,17,2
cancellation-srs-mixed,1,2,cancellation,20,4,3,4,6,0.8,0.3,5,2,1,0,8,145,6896404,0,0,298495,2118679,222,235067,1730361,237,12,2924262,4,12,207592,10029311,0,passed,20,3,21,3
cancellation-srs-mixed,2,3,cancellation,26,4,3,4,6,0.8,0.3,5,2,1,0,4,76,13036427,0,0,160447,1386525,86,119810,1093233,100,10,1508826,6,10,112601,14658696,0,passed,26,6,27,6
cancellation-srs-mixed,3,4,cancellation,22,4,3,4,6,0.8,0.3,5,2,1,0,2,26,2122414,0,0,182554,1581427,69,152222,1380133,90,11,898621,9,11,134226,3156124,0,passed,22,2,23,2
cancellation-srs-mixed,4,5,cancellation,18,4,3,4,6,0.8,0.3,5,2,1,0,7,87,2485615,0,0,110249,612578,48,85688,504770,61,11,2583585,4,11,75207,5145023,0,passed,18,3,19,3
cancellation-srs-mixed,5,6,cancellation,20,4,3,4,6,0.8,0.3,5,2,1,0,4,82,4774073,0,0,257425,1891262,147,215552,1667370,91,12,1525236,8,12,189369,6489546,0,passed,20,4,21,4
cancellation-srs-mixed,6,7,cancellation,26,4,3,4,6,0.8,0.3,5,2,1,0,5,104,13753101,0,0,474004,3417483,264,401052,2883761,304,14,1950067,9,14,346129,16050855,0,passed,26,2,27,2
cancellation-srs-mixed,7,8,cancellation,18,4,3,4,6,0.8,0.3,5,2,1,0,7,106,3399351,0,0,230237,2860884,219,191309,2400835,195,14,2618296,7,14,191605,6210357,0,passed,18,4,18,4
cancellation-srs-mixed,8,9,cancellation,24,4,3,4,6,0.8,0.3,5,2,1,0,1,25,3836123,0,0,117288,1725881,150,97530,1489771,73,8,396698,7,8,100742,4334344,0,passed,24,3,25,3
cancellation-srs-mixed,9,10,cancellation,20,4,3,4,6,0.8,0.3,5,2,1,0,5,82,4609728,0,0,180922,1035542,94,146007,858940,103,10,1857875,5,10,123148,6591341,0,passed,20,5,21,5
cancellation-srs-mixed,10,11,cancellation,24,4,3,4,6,0.8,0.3,5,2,1,0,5,115,12346289,0,0,382319,6012376,2199,279048,5001437,2218,13,1906993,8,13,328457,14583204,0,passed,24,4,25,4
cancellation-srs-mixed,11,12,cancellation,26,4,3,4,6,0.8,0.3,5,2,1,0,10,205,23669061,0,0,442207,4046292,321,394689,3700244,334,16,3764690,6,16,338515,27774876,0,passed,26,1,27,1
cancellation-srs-mixed,12,13,cancellation,22,4,3,4,6,0.8,0.3,5,2,1,0,11,193,11422778,0,0,305528,1888690,183,261289,1694115,107,16,4277713,5,16,210279,15912081,0,passed,22,4,23,4
cancellation-srs-mixed,13,14,cancellation,28,4,3,4,6,0.8,0.3,5,2,1,0,10,190,34690568,0,0,743529,5015226,384,646795,4415192,349,20,4242857,10,20,529772,39466008,0,passed,28,2,29,2
cancellation-srs-mixed,14,15,cancellation,28,4,3,4,6,0.8,0.3,5,2,1,0,5,137,31598055,0,0,311440,2257019,238,270399,2003156,166,12,1960148,7,12,228235,33787496,0,passed,28,4,29,4
cancellation-srs-mixed,15,16,cancellation,16,4,3,4,6,0.8,0.3,5,2,1,0,2,34,765890,0,0,150918,1194847,47,125593,1015325,52,9,743253,7,9,108768,1618536,0,passed,16,5,17,5
cancellation-srs-mixed,16,17,cancellation,20,4,3,4,6,0.8,0.3,5,2,1,0,2,42,2292262,0,0,112138,1187669,61,92682,1025207,55,9,744779,7,9,86517,3124427,0,passed,20,4,21,4
cancellation-srs-mixed,17,18,cancellation,18,4,3,4,6,0.8,0.3,5,2,1,0,12,180,4921364,0,0,953786,12422901,846,831093,10619532,897,21,4631782,9,21,827188,10383015,0,passed,18,1,19,1
cancellation-srs-mixed,18,19,cancellation,28,4,3,4,6,0.8,0.3,5,2,1,0,14,283,38393932,0,0,895994,7748304,846,774268,6863171,578,23,6723838,9,23,684548,45806682,0,passed,28,3,29,3
cancellation-srs-mixed,19,20,cancellation,22,4,3,4,6,0.8,0.3,5,2,1,0,4,88,7757946,0,0,336104,2702761,175,264796,2203376,134,11,1556748,7,11,246669,9562095,0,passed,22,4,23,4
cancellation-srs-mixed,20,21,cancellation,26,4,3,4,6,0.8,0.3,5,2,1,0,8,152,24525530,0,0,268278,1998576,196,201732,1569047,145,13,3030576,5,13,186390,27743594,0,passed,26,7,27,7
cancellation-srs-mixed,21,22,cancellation,24,4,3,4,6,0.8,0.3,5,2,1,0,2,44,4150630,0,0,131180,934338,205,107982,805081,245,9,968380,7,9,92461,5212104,0,passed,24,6,25,6
cancellation-srs-mixed,22,23,cancellation,22,4,3,4,6,0.8,0.3,5,2,1,0,7,141,7613599,0,0,247713,1915290,194,195359,1511927,196,13,2841036,6,13,172070,10627752,0,passed,22,4,23,4
cancellation-srs-mixed,23,24,cancellation,16,4,3,4,6,0.8,0.3,5,2,1,0,2,34,766057,0,0,121613,819899,250,97628,700924,151,10,753648,8,10,85092,1605534,0,passed,16,3,17,3
cancellation-srs-mixed,24,25,cancellation,26,4,3,4,6,0.8,0.3,5,2,1,0,11,235,28956523,0,0,638097,8021290,1877,512322,6795900,1787,19,4089932,8,19,528075,33577098,0,passed,26,4,27,4
cancellation-srs-mixed,25,26,cancellation,28,4,3,4,6,0.8,0.3,5,2,1,0,5,137,24172531,0,0,591568,6084474,7734,460004,4957024,7540,14,1917879,9,14,453225,26545160,0,passed,28,7,29,7
cancellation-srs-mixed,26,27,cancellation,24,4,3,4,6,0.8,0.3,5,2,1,0,3,75,9793526,0,0,296358,2961445,198,244519,2505603,136,14,1218064,11,14,226317,11239020,0,passed,24,7,25,7
cancellation-srs-mixed,27,28,cancellation,26,4,3,4,6,0.8,0.3,5,2,1,0,9,167,15285819,0,0,382887,3023571,196,315425,2600516,379,15,3555981,6,15,277507,19121027,0,passed,26,3,27,3
cancellation-srs-mixed,28,29,cancellation,18,4,3,4,6,0.8,0.3,5,2,1,0,7,117,4089452,0,0,217528,1609947,274,173953,1347729,144,14,2633398,7,14,151807,6875502,0,passed,18,3,19,3
cancellation-srs-mixed,29,30,cancellation,26,4,3,4,6,0.8,0.3,5,2,1,0,5,113,18645059,0,0,264942,2177476,131,224309,1905921,143,12,1865776,7,12,193744,20705574,0,passed,26,4,27,4
cancellation-srs-mixed,30,31,cancellation,16,4,3,4,6,0.8,0.3,5,2,1,0,1,17,432080,0,0,65461,509885,29,46952,390062,25,7,375859,6,7,44506,852987,0,passed,16,4,17,4
cancellation-srs-mixed,31,32,cancellation,16,4,3,4,6,0.8,0.3,5,2,1,0,5,46,842095,0,0,75338,665269,45,61106,570559,62,10,1851873,5,10,56552,2751176,0,passed,16,2,17,2
cancellation-srs-mixed,32,33,cancellation,24,4,3,4,6,0.8,0.3,5,2,1,0,7,142,12847586,0,0,311540,3535249,8769,256698,3105448,9360,12,2607621,5,12,247961,15705491,0,passed,24,4,25,4
cancellation-srs-mixed,33,34,cancellation,26,4,3,4,6,0.8,0.3,5,2,1,0,4,99,17446688,0,0,447757,22099015,121599,352576,15949804,89253,10,1506485,6,10,715413,19670189,0,passed,26,4,27,4
cancellation-srs-mixed,34,35,cancellation,18,4,3,4,6,0.8,0.3,5,2,1,0,4,33,869830,0,0,88937,512109,51,71960,437560,30,10,1592720,6,10,60249,2523326,0,passed,18,3,19,3
cancellation-srs-mixed,35,36,cancellation,16,4,3,4,6,0.8,0.3,5,2,1,0,2,27,569312,0,0,39413,379133,36,27724,299087,17,6,726798,4,6,28710,1325085,0,passed,16,4,17,4
cancellation-srs-mixed,36,37,cancellation,26,4,3,4,6,0.8,0.3,5,2,1,0,6,126,12311700,0,0,260756,2425494,150,195869,1973969,172,13,2383961,7,13,194048,14891040,0,passed,26,7,27,7
cancellation-srs-mixed,37,38,cancellation,16,4,3,4,6,0.8,0.3,5,2,1,0,3,49,1068933,0,0,71160,593919,224,55460,508171,51,8,1109717,5,8,51572,2230726,0,passed,16,4,17,4
cancellation-srs-mixed,38,39,cancellation,16,4,3,4,6,0.8,0.3,5,2,1,0,4,64,1797071,0,0,148147,1529632,316,118415,1286335,84,8,1462336,4,8,116400,3377180,0,passed,16,3,17,3
cancellation-srs-mixed,39,40,cancellation,22,4,3,4,6,0.8,0.3,5,2,1,0,1,23,1864691,0,0,85977,764936,33,71911,674086,65,7,405281,6,7,63010,2333409,0,passed,22,2,23,2
cancellation-srs-mixed,40,41,cancellation,28,4,3,4,6,0.8,0.3,5,2,1,0,2,58,12606928,0,0,574538,5767466,212,468246,4832330,271,13,934329,11,13,437634,13980504,0,passed,28,4,29,4
cancellation-srs-mixed,41,42,cancellation,18,4,3,4,6,0.8,0.3,5,2,1,0,5,75,2533589,0,0,92313,499920,46,71421,407779,35,9,1849152,4,9,61076,4444369,0,passed,18,4,19,4
cancellation-srs-mixed,42,43,cancellation,22,4,3,4,6,0.8,0.3,5,2,1,0,2,46,4024317,0,0,326341,4022844,229,289724,3716178,141,10,753497,8,10,274957,5054398,0,passed,22,3,23,3
cancellation-srs-mixed,43,44,cancellation,20,4,3,4,6,0.8,0.3,5,2,1,0,3,61,3509940,0,0,106945,827056,35,87066,723611,58,9,1110151,6,9,76183,4696801,0,passed,20,4,21,4
cancellation-srs-mixed,44,45,cancellation,26,4,3,4,6,0.8,0.3,5,2,1,0,7,141,25057746,0,0,330124,2703782,180,256898,2188834,195,14,2628826,7,14,238956,27926891,0,passed,26,6,27,6
cancellation-srs-mixed,45,46,cancellation,18,4,3,4,6,0.8,0.3,5,2,1,0,6,63,1399945,0,0,166125,1258128,129,138246,1100133,111,14,2414435,8,14,121432,3936879,0,passed,18,2,19,2
cancellation-srs-mixed,46,47,cancellation,26,4,3,4,6,0.8,0.3,5,2,1,0,1,27,4210923,0,0,179677,1275809,1477,138865,1009665,1082,9,390941,8,9,119235,4722792,0,passed,26,5,27,5
cancellation-srs-mixed,47,48,cancellation,28,4,3,4,6,0.8,0.3,5,2,1,0,6,123,18974476,0,0,343716,5296150,216,242317,3879438,365,11,2233266,5,11,290867,21499818,0,passed,28,8,29,8
cancellation-srs-mixed,48,49,cancellation,20,4,3,4,6,0.8,0.3,5,2,1,0,6,111,4610220,0,0,146823,941101,160,120498,804398,59,10,2304379,4,10,104661,7019953,0,passed,20,4,21,4
cancellation-srs-mixed,49,50,cancellation,18,4,3,4,6,0.8,0.3,5,2,1,0,5,89,2162937,0,0,175959,2388134,145,143884,2069058,96,13,1896149,8,13,151216,4211630,0,passed,18,5,19,5
cancellation-srs-mixed,50,51,cancellation,26,4,3,4,6,0.8,0.3,5,2,1,0,6,99,15177446,0,0,239311,2225177,176,189690,1844684,122,12,2262360,6,12,175139,17616105,0,passed,26,4,27,4
cancellation-srs-mixed,51,52,cancellation,20,4,3,4,6,0.8,0.3,5,2,1,0,8,130,4706705,0,0,234074,1407795,149,200871,1254725,94,15,2975505,7,15,164368,7847834,0,passed,20,3,21,3
cancellation-srs-mixed,52,53,cancellation,24,4,3,4,6,0.8,0.3,5,2,1,0,9,167,17278252,0,0,241937,1767796,112,183945,1448046,183,13,3324525,4,13,168275,20772206,0,passed,24,6,25,6
cancellation-srs-mixed,53,54,cancellation,24,4,3,4,6,0.8,0.3,5,2,1,0,3,73,7210074,0,0,339944,2956863,212,284056,2649561,332,12,1131368,9,12,254358,8596979,0,passed,24,4,25,4
cancellation-srs-mixed,54,55,cancellation,18,4,3,4,6,0.8,0.3,5,2,1,0,3,57,1890544,0,0,74043,436566,90,55807,344567,30,7,1107232,4,7,47981,3046111,0,passed,18,3,19,3
cancellation-srs-mixed,55,56,cancellation,18,4,3,4,6,0.8,0.3,5,2,1,0,3,53,1741132,0,0,69839,471618,69,51152,364761,22,7,1183379,4,7,46273,2971194,0,passed,18,5,19,5
cancellation-srs-mixed,56,57,cancellation,22,4,3,4,6,0.8,0.3,5,2,1,0,6,96,5583413,0,0,227668,1261280,227,189818,1087319,145,13,2380857,7,13,152107,8117434,0,passed,22,4,23,4
cancellation-srs-mixed,57,58,cancellation,16,4,3,4,6,0.8,0.3,5,2,1,0,4,50,913100,0,0,72524,581661,120,54691,496259,49,9,1482893,5,9,51351,2447812,0,passed,16,5,17,5
cancellation-srs-mixed,58,59,cancellation,24,4,3,4,6,0.8,0.3,5,2,1,0,2,50,5218899,0,0,158435,1455617,94,114554,1170760,112,10,769384,8,10,113203,6102179,0,passed,24,7,25,7
cancellation-srs-mixed,59,60,cancellation,24,4,3,4,6,0.8,0.3,5,2,1,0,9,169,14584652,0,0,377718,3027371,348,307400,2608140,373,16,3462497,7,16,277200,18325964,0,passed,24,3,25,3
cancellation-srs-mixed,60,61,cancellation,26,4,3,4,6,0.8,0.3,5,2,1,0,3,75,12070387,0,0,211685,2031430,182,160369,1633408,152,11,1139109,8,11,155350,13365757,0,passed,26,6,27,6
cancellation-srs-mixed,61,62,cancellation,20,4,3,4,6,0.8,0.3,5,2,1,0,1,21,1221567,0,0,123794,1149555,81,99067,1013210,45,10,391222,9,10,92778,1706332,0,passed,20,4,21,4
cancellation-srs-mixed,62,63,cancellation,16,4,3,4,6,0.8,0.3,5,2,1,0,4,62,1084805,0,0,101325,1274858,49,79322,1037417,43,10,1469835,6,10,83055,2638742,0,passed,16,3,17,3
cancellation-srs-mixed,63,64,cancellation,26,4,3,4,6,0.8,0.3,5,2,1,0,4,63,10129104,0,0,151978,892624,57,110267,692142,67,9,1481185,5,9,99326,11710126,0,passed,26,7,27,7
cancellation-srs-mixed,64,65,cancellation,20,4,3,4,6,0.8,0.3,5,2,1,0,3,61,3213269,0,0,185165,1466953,147,137517,1151993,118,11,1082303,8,11,129710,4426163,0,passed,20,4,21,4
cancellation-srs-mixed,65,66,cancellation,28,4,3,4,6,0.8,0.3,5,2,1,0,3,79,16041981,0,0,341432,2983566,200,258100,2479267,137,14,1260978,11,14,248093,17552418,0,passed,28,6,29,6
cancellation-srs-mixed,66,67,cancellation,22,4,3,4,6,0.8,0.3,5,2,1,0,5,115,9032905,0,0,298113,2918226,176,206783,2119648,95,11,1856841,6,11,211088,11101896,0,passed,22,5,23,5
cancellation-srs-mixed,67,68,cancellation,18,4,3,4,6,0.8,0.3,5,2,1,0,1,19,545941,0,0,64305,741379,184,49874,616021,8,7,381593,6,7,49828,977979,0,passed,18,5,19,5
cancellation-srs-mixed,68,69,cancellation,24,4,3,4,6,0.8,0.3,5,2,1,0,3,73,8797431,0,0,199632,2186025,83,162772,1868129,122,10,1253710,7,10,154474,10206740,0,passed,24,3,25,3
cancellation-srs-mixed,69,70,cancellation,28,4,3,4,6,0.8,0.3,5,2,1,0,4,91,20975169,0,0,697372,5902893,316,542699,4663995,404,13,1635710,9,13,502370,23114877,0,passed,28,5,29,5
cancellation-srs-mixed,70,71,cancellation,24,4,3,4,6,0.8,0.3,5,2,1,0,5,99,11068774,0,0,149938,921091,59,109223,720961,54,10,1856647,5,10,97934,13023981,0,passed,24,7,25,7
cancellation-srs-mixed,71,72,cancellation,22,4,3,4,6,0.8,0.3,5,2,1,0,4,76,4626783,0,0,96839,585792,172,74666,475020,76,8,1472064,4,8,63956,6163391,0,passed,22,5,23,5
cancellation-srs-mixed,72,73,cancellation,28,4,3,4,6,0.8,0.3,5,2,1,0,6,148,36230845,0,0,953070,6839639,372,781283,5832454,416,13,2301935,7,13,674779,39209028,0,passed,28,5,29,5
cancellation-srs-mixed,73,74,cancellation,26,4,3,4,6,0.8,0.3,5,2,1,0,5,107,17980795,0,0,323120,2132366,157,260889,1838038,96,12,1910841,7,12,221449,20114302,0,passed,26,4,27,4
cancellation-srs-mixed,74,75,cancellation,26,4,3,4,6,0.8,0.3,5,2,1,0,4,106,17702610,0,0,343975,4046041,1133,284619,3601877,719,14,1532576,10,14,282353,19518775,0,passed,26,7,27,7
cancellation-srs-mixed,75,76,cancellation,28,4,3,4,6,0.8,0.3,5,2,1,0,5,119,31671131,0,0,504772,4364295,236,412229,3688129,182,12,2022037,7,12,376069,34070893,0,passed,28,3,29,3
cancellation-srs-mixed,76,77,cancellation,26,4,3,4,6,0.8,0.3,5,2,1,0,8,157,20102772,0,0,282311,1951301,165,213253,1558094,106,14,3007102,6,14,193814,23304766,0,passed,26,8,27,8
cancellation-srs-mixed,77,78,cancellation,18,4,3,4,6,0.8,0.3,5,2,1,0,2,38,1558241,0,0,60312,961039,2283,41366,678859,1510,7,741206,5,7,46645,2349190,0,passed,18,6,19,6
cancellation-srs-mixed,78,79,cancellation,28,4,3,4,6,0.8,0.3,5,2,1,0,8,204,38301798,0,0,501608,4993283,279,440304,4516495,230,17,3060070,9,17,389916,41753819,0,passed,28,3,29,3
cancellation-srs-mixed,79,80,cancellation,22,4,3,4,6,0.8,0.3,5,2,1,0,2,46,3827443,0,0,158791,1654684,64,127226,1437585,104,10,778965,8,10,113484,4720663,0,passed,22,3,23,3
cancellation-srs-mixed,80,81,cancellation,24,4,3,4,6,0.8,0.3,5,2,1,0,6,99,9647836,0,0,543305,5526680,283,476183,4946863,245,18,3117359,12,18,431314,13198924,0,passed,24,1,25,1
cancellation-srs-mixed,81,82,cancellation,24,4,3,4,6,0.8,0.3,5,2,1,0,2,50,6693658,0,0,115362,972008,116,87184,784583,34,7,729497,5,7,74314,7498031,0,passed,24,5,25,5
cancellation-srs-mixed,82,83,cancellation,20,4,3,4,6,0.8,0.3,5,2,1,0,8,120,4405349,0,0,247035,1472657,132,206509,1284664,188,14,3041527,6,14,170720,7618879,0,passed,20,3,21,3
cancellation-srs-mixed,83,84,cancellation,16,4,3,4,6,0.8,0.3,5,2,1,0,4,52,1215661,0,0,54444,286268,30,39202,217426,33,7,1491311,3,7,34319,2741656,0,passed,16,4,17,4
cancellation-srs-mixed,84,85,cancellation,24,4,3,4,6,0.8,0.3,5,2,1,0,12,178,13040220,0,0,592334,5331323,319,523977,4796283,274,21,5099875,9,21,456438,18599593,0,passed,24,2,25,2
cancellation-srs-mixed,85,86,cancellation,26,4,3,4,6,0.8,0.3,5,2,1,0,3,37,4938973,0,0,160270,1518192,76,118635,1236784,69,10,1130596,7,10,115626,6186070,0,passed,26,6,27,6
cancellation-srs-mixed,86,87,cancellation,20,4,3,4,6,0.8,0.3,5,2,1,0,1,21,999465,0,0,283252,2258414,145,214132,1811248,306,12,393363,11,12,204062,1598188,0,passed,20,4,21,4
cancellation-srs-mixed,87,88,cancellation,26,4,3,4,6,0.8,0.3,5,2,1,0,3,79,11673613,0,0,205456,1406173,92,181457,1239419,91,10,1149209,7,10,143419,12966943,0,passed,26,3,27,3
cancellation-srs-mixed,88,89,cancellation,22,4,3,4,6,0.8,0.3,5,2,1,0,6,108,7515899,0,0,148451,898546,67,116751,732781,73,10,2418382,4,10,99022,10034047,0,passed,22,3,23,3
cancellation-srs-mixed,89,90,cancellation,22,4,3,4,6,0.8,0.3,5,2,1,0,12,199,9666050,0,0,388265,2329998,178,325962,1974243,228,18,4808903,6,18,268052,14744927,0,passed,22,3,23,3
cancellation-srs-mixed,90,91,cancellation,24,4,3,4,6,0.8,0.3,5,2,1,0,16,307,30037570,0,0,839725,11332229,25909,736072,9965903,22564,24,6822034,8,24,727679,37591245,0,passed,24,1,25,1
cancellation-srs-mixed,91,92,cancellation,20,4,3,4,6,0.8,0.3,5,2,1,0,3,49,2038487,0,0,59121,579614,1609,43488,491012,1519,7,1106610,4,7,43892,3189291,0,passed,20,5,21,5
cancellation-srs-mixed,92,93,cancellation,22,4,3,4,6,0.8,0.3,5,2,1,0,1,23,1762444,0,0,517366,4932762,620,473967,4612535,629,16,515469,15,16,407876,2687826,0,passed,22,2,23,2
cancellation-srs-mixed,93,94,cancellation,28,4,3,4,6,0.8,0.3,5,2,1,0,4,95,19619861,0,0,255277,2851845,163,203684,2423637,171,12,1548521,8,12,204364,21373829,0,passed,28,8,29,8
cancellation-srs-mixed,94,95,cancellation,26,4,3,4,6,0.8,0.3,5,2,1,0,2,54,8934758,0,0,147344,1176913,62,111013,912575,61,9,756332,7,9,101275,9792761,0,passed,26,6,27,6
cancellation-srs-mixed,95,96,cancellation,28,4,3,4,6,0.8,0.3,5,2,1,0,5,117,26014757,0,0,391151,3297824,311,308918,2802690,273,15,1921656,10,15,279219,28217152,0,passed,28,5,29,5
cancellation-srs-mixed,96,97,cancellation,26,4,3,4,6,0.8,0.3,5,2,1,0,2,38,5302145,0,0,223467,2055648,93,176356,1755303,106,12,816187,10,12,167938,6287556,0,passed,26,5,27,5
cancellation-srs-mixed,97,98,cancellation,24,4,3,4,6,0.8,0.3,5,2,1,0,6,110,8732493,0,0,369035,2729626,175,332249,2422597,134,15,2544931,9,15,273228,11552002,0,passed,24,2,24,2
cancellation-srs-mixed,98,99,cancellation,24,4,3,4,6,0.8,0.3,5,2,1,0,3,53,6294100,0,0,262965,1824905,128,210849,1544343,108,11,1151497,8,11,186163,7632647,0,passed,24,4,25,4
cancellation-srs-mixed,99,100,cancellation,26,4,3,4,6,0.8,0.3,5,2,1,0,4,108,17842796,0,0,338867,5475284,275,285363,4658547,263,14,1741422,10,14,311123,19897080,0,passed,26,5,27,5
cancellation-srs-mixed,100,101,cancellation,16,4,3,4,6,0.8,0.3,5,2,1,0,1,17,351870,0,0,59709,325679,17,37346,228538,15,7,372898,6,7,36888,761908,0,passed,16,5,17,5
cancellation-srs-mixed,101,102,cancellation,26,4,3,4,6,0.8,0.3,5,2,1,0,4,102,14877417,0,0,257178,2279761,83,230564,2072532,299,11,1586766,7,11,193784,16659153,0,passed,26,2,27,2
cancellation-srs-mixed,102,103,cancellation,26,4,3,4,6,0.8,0.3,5,2,1,0,1,27,4592396,0,0,370672,4958603,6134,345863,4602276,5200,14,555736,13,14,324924,5474933,0,passed,26,1,27,1
cancellation-srs-mixed,103,104,cancellation,28,4,3,4,6,0.8,0.3,5,2,1,0,2,58,11810197,0,0,376249,4184729,1017,323116,3748502,914,14,843431,12,14,300553,12955557,0,passed,28,4,29,4
cancellation-srs-mixed,104,105,cancellation,16,4,3,4,6,0.8,0.3,5,2,1,0,5,81,1788109,0,0,148504,1355847,98,126953,1184078,101,12,1856899,7,12,113413,3759202,0,passed,16,3,17,3
cancellation-srs-mixed,105,106,cancellation,16,4,3,4,6,0.8,0.3,5,2,1,0,4,52,1201836,0,0,101625,805627,52,80931,695086,46,10,1485901,6,10,72192,2760610,0,passed,16,2,17,2
cancellation-srs-mixed,106,107,cancellation,16,4,3,4,6,0.8,0.3,5,2,1,0,4,52,1195317,0,0,74448,567275,84,55690,469067,42,9,1457438,5,9,51335,2704614,0,passed,16,5,17,5
cancellation-srs-mixed,107,108,cancellation,20,4,3,4,6,0.8,0.3,5,2,1,0,2,42,2116372,0,0,251823,1810850,326,198416,1463521,78,10,787074,8,10,176898,3081220,0,passed,20,5,21,5
cancellation-srs-mixed,108,109,cancellation,28,4,3,4,6,0.8,0.3,5,2,1,0,5,115,29788308,0,0,351552,2531660,163,280631,2108129,147,14,1956874,9,14,244683,31991078,0,passed,28,5,29,5
cancellation-srs-mixed,109,110,cancellation,16,4,3,4,6,0.8,0.3,5,2,1,0,2,34,620780,0,0,96138,737547,39,81798,670967,114,9,774037,7,9,70907,1466244,0,passed,16,3,17,3
cancellation-srs-mixed,110,111,cancellation,22,4,3,4,6,0.8,0.3,5,2,1,0,6,107,5276523,0,0,139225,974121,68,106801,777867,53,10,2248987,4,10,93410,7619633,0,passed,22,4,23,4
cancellation-srs-mixed,111,112,cancellation,22,4,3,4,6,0.8,0.3,5,2,1,0,5,73,5331191,0,0,135216,1287778,118,106389,1090766,61,10,1852572,5,10,102382,7286957,0,passed,22,4,23,4
cancellation-srs-mixed,112,113,cancellation,24,4,3,4,6,0.8,0.3,5,2,1,0,3,75,8286262,0,0,424668,3820024,167,330218,3286233,203,12,1265199,9,12,319200,9871807,0,passed,24,6,25,6
cancellation-srs-mixed,113,114,cancellation,18,4,3,4,6,0.8,0.3,5,2,1,0,1,19,763318,0,0,154875,1188333,68,143008,1113003,112,13,476102,12,13,113889,1354747,0,passed,18,1,19,1
cancellation-srs-mixed,114,115,cancellation,26,4,3,4,6,0.8,0.3,5,2,1,0,6,152,25277267,0,0,339461,3222702,216,295157,2966118,188,14,2325464,8,14,272285,27876330,0,passed,26,5,27,5
cancellation-srs-mixed,115,116,cancellation,28,4,3,4,6,0.8,0.3,5,2,1,0,4,116,30718454,0,0,314493,3169765,130,257935,2742058,168,12,1523903,8,12,240236,32483810,0,passed,28,4,29,4
cancellation-srs-mixed,116,117,cancellation,18,4,3,4,6,0.8,0.3,5,2,1,0,3,55,1974457,0,0,94347,553649,52,71955,448672,67,9,1111505,6,9,61412,3147941,0,passed,18,4,19,4
cancellation-srs-mixed,117,118,cancellation,20,4,3,4,6,0.8,0.3,5,2,1,0,6,108,5409183,0,0,181433,1286942,89,153476,1098481,405,12,2244456,6,12,130503,7784985,0,passed,20,4,21,4
cancellation-srs-mixed,118,119,cancellation,28,4,3,4,6,0.8,0.3,5,2,1,0,3,85,19926335,0,0,369228,3562705,263,315397,3185620,144,14,1155473,11,14,288152,21371236,0,passed,28,6,29,6
cancellation-srs-mixed,119,120,cancellation,18,4,3,4,6,0.8,0.3,5,2,1,0,1,19,811862,0,0,84365,678789,37,63275,547358,34,9,394239,8,9,58180,1264989,0,passed,18,3,19,3
cancellation-srs-mixed,120,121,cancellation,26,4,3,4,6,0.8,0.3,5,2,1,0,4,108,19029569,0,0,284498,2240099,264,235842,1940227,130,13,1589390,9,13,208361,20828467,0,passed,26,6,27,6
cancellation-srs-mixed,121,122,cancellation,20,4,3,4,6,0.8,0.3,5,2,1,0,3,61,2898282,0,0,128562,1123639,92,95066,895141,37,10,1119693,7,10,90649,4109441,0,passed,20,6,21,6
cancellation-srs-mixed,122,123,cancellation,20,4,3,4,6,0.8,0.3,5,2,1,0,1,21,1038886,0,0,152384,873381,26,118422,697432,48,8,381957,7,8,101696,1523129,0,passed,20,4,21,4
cancellation-srs-mixed,123,124,cancellation,18,4,3,4,6,0.8,0.3,5,2,1,0,3,51,1582602,0,0,95405,1225339,319,75840,1058988,305,11,1142314,8,11,77794,2803430,0,passed,18,4,19,4
cancellation-srs-mixed,124,125,cancellation,16,4,3,4,6,0.8,0.3,5,2,1,0,5,65,1523392,0,0,119189,993373,60,94779,839544,70,13,1892319,8,13,86474,3503088,0,passed,16,4,17,4
cancellation-srs-mixed,125,126,cancellation,22,4,3,4,6,0.8,0.3,5,2,1,0,4,86,6722623,0,0,130422,1400669,294,97275,1075850,95,9,1482848,5,9,97152,8303391,0,passed,22,7,23,7
cancellation-srs-mixed,126,127,cancellation,18,4,3,4,6,0.8,0.3,5,2,1,0,5,54,1421196,0,0,153402,1208381,101,129703,1067457,94,12,1994673,7,12,112297,3529111,0,passed,18,2,19,2
cancellation-srs-mixed,127,128,cancellation,16,4,3,4,6,0.8,0.3,5,2,1,0,2,20,524095,0,0,123768,887100,71,108229,796176,60,11,772067,9,11,92490,1389396,0,passed,16,1,17,1
cancellation-srs-mixed,128,129,cancellation,16,4,3,4,6,0.8,0.3,5,2,1,0,4,54,1495979,0,0,81458,706647,48,61416,566568,51,9,1491303,5,9,58352,3046110,0,passed,16,3,17,3
cancellation-srs-mixed,129,130,cancellation,18,4,3,4,6,0.8,0.3,5,2,1,0,4,56,1537278,0,0,164259,1109839,142,130865,965037,104,12,1491645,8,12,115520,3145066,0,passed,18,5,19,5
cancellation-srs-mixed,130,131,cancellation,18,4,3,4,6,0.8,0.3,5,2,1,0,5,77,2800812,0,0,332869,3848612,179,293466,3501715,195,17,2078854,12,17,278024,5159569,0,passed,18,1,19,1
cancellation-srs-mixed,131,132,cancellation,18,4,3,4,6,0.8,0.3,5,2,1,0,1,19,687707,0,0,148888,1031007,38,118827,874302,78,12,427904,11,12,101588,1218194,0,passed,18,5,19,5
cancellation-srs-mixed,132,133,cancellation,24,4,3,4,6,0.8,0.3,5,2,1,0,6,134,12308020,0,0,233031,2468246,152,176798,2042836,1135,12,2365494,6,12,177873,14852588,0,passed,24,5,25,5
cancellation-srs-mixed,133,134,cancellation,26,4,3,4,6,0.8,0.3,5,2,1,0,3,81,12004040,0,0,412835,4375636,275,354381,3808595,235,15,1143353,12,15,323675,13472895,0,passed,26,4,27,4
cancellation-srs-mixed,134,135,cancellation,18,4,3,4,6,0.8,0.3,5,2,1,0,10,133,3606154,0,0,354608,4219900,269,310610,3661569,159,19,4079432,9,19,290337,7978428,0,passed,18,1,19,1
cancellation-srs-mixed,135,136,cancellation,24,4,3,4,6,0.8,0.3,5,2,1,0,6,125,14362269,0,0,362452,3308022,159,282452,2762718,205,13,2447244,7,13,268250,17079397,0,passed,24,3,25,3
cancellation-srs-mixed,136,137,cancellation,28,4,3,4,6,0.8,0.3,5,2,1,0,9,179,31335238,0,0,396548,3959314,1590,334417,3549832,1614,14,3665697,5,14,296368,35299028,0,passed,28,3,29,3
cancellation-srs-mixed,137,138,cancellation,28,4,3,4,6,0.8,0.3,5,2,1,0,5,135,29495148,0,0,302586,2397462,157,246826,2020525,141,12,2045886,7,12,218149,31760397,0,passed,28,5,29,5
cancellation-srs-mixed,138,139,cancellation,22,4,3,4,6,0.8,0.3,5,2,1,0,4,90,6552014,0,0,166587,1113927,53,141491,966603,65,10,1483663,6,10,117126,8153342,0,passed,22,3,23,3
cancellation-srs-mixed,139,140,cancellation,20,4,3,4,6,0.8,0.3,5,2,1,0,2,42,2293837,0,0,273135,1896792,132,238809,1714866,84,14,774344,12,14,196016,3265069,0,passed,20,3,21,3
cancellation-srs-mixed,140,141,cancellation,22,4,3,4,6,0.8,0.3,5,2,1,0,3,67,4554561,0,0,152368,993067,90,129012,876999,68,10,1125149,7,10,104633,5784947,0,passed,22,2,23,2
cancellation-srs-mixed,141,142,cancellation,20,4,3,4,6,0.8,0.3,5,2,1,0,1,21,1260970,0,0,132861,1500996,74,101938,1263218,42,11,445025,10,11,104445,1811140,0,passed,20,4,21,4
cancellation-srs-mixed,142,143,cancellation,22,4,3,4,6,0.8,0.3,5,2,1,0,2,44,3810860,0,0,111402,982489,22,94110,875029,66,9,761692,7,9,83768,4656824,0,passed,22,4,23,4
cancellation-srs-mixed,143,144,cancellation,18,4,3,4,6,0.8,0.3,5,2,1,0,2,22,711722,0,0,48946,341243,19,35873,274948,20,7,737847,5,7,33199,1483063,0,passed,18,6,19,6
cancellation-srs-mixed,144,145,cancellation,18,4,3,4,6,0.8,0.3,5,2,1,0,9,137,3296595,0,0,172853,1076869,139,143758,938573,98,13,3289370,4,13,119130,6706059,0,passed,18,4,19,4
cancellation-srs-mixed,145,146,cancellation,20,4,3,4,6,0.8,0.3,5,2,1,0,1,21,952607,0,0,70545,540141,26,52230,442184,30,7,383764,6,7,48569,1385343,0,passed,20,4,21,4
cancellation-srs-mixed,146,147,cancellation,22,4,3,4,6,0.8,0.3,5,2,1,0,5,95,6079509,0,0,139962,1354982,113,113149,1127177,132,10,1857539,5,10,108653,8046447,0,passed,22,3,23,3
cancellation-srs-mixed,147,148,cancellation,22,4,3,4,6,0.8,0.3,5,2,1,0,3,49,3791546,0,0,173836,851399,40,131658,662422,78,8,1148989,5,8,113386,5054438,0,passed,22,4,23,4
cancellation-srs-mixed,148,149,cancellation,20,4,3,4,6,0.8,0.3,5,2,1,0,6,108,4479567,0,0,216729,1385066,84,182074,1220678,126,12,2282091,6,12,148983,6911485,0,passed,20,2,21,2
cancellation-srs-mixed,149,150,cancellation,24,4,3,4,6,0.8,0.3,5,2,1,0,5,105,8436025,0,0,265337,2579611,123,202974,2186418,120,13,1986969,8,13,198559,10622860,0,passed,24,6,25,6
cancellation-srs-mixed,150,151,cancellation,24,4,3,4,6,0.8,0.3,5,2,1,0,3,71,6505712,0,0,193840,1624682,91,155639,1399271,67,12,1135884,9,12,139507,7782017,0,passed,24,3,25,3
cancellation-srs-mixed,151,152,cancellation,26,4,3,4,6,0.8,0.3,5,2,1,0,7,165,27229373,0,0,432555,4426936,301,375077,4027289,211,17,2732480,10,17,348168,30311767,0,passed,26,5,27,5
cancellation-srs-mixed,152,153,cancellation,16,4,3,4,6,0.8,0.3,5,2,1,0,2,28,465674,0,0,78756,510867,44,62011,421941,34,9,770345,7,9,54783,1291368,0,passed,16,4,17,4
cancellation-srs-mixed,153,154,cancellation,18,4,3,4,6,0.8,0.3,5,2,1,0,2,38,1574965,0,0,149816,1025194,86,130518,908949,46,9,797713,7,9,106827,2480370,0,passed,18,2,19,2
cancellation-srs-mixed,154,155,cancellation,18,4,3,4,6,0.8,0.3,5,2,1,0,13,178,4365594,0,0,362399,2940205,291,317597,2664130,560,19,5176819,6,19,270072,9814578,0,passed,18,1,19,1
cancellation-srs-mixed,155,156,cancellation,20,4,3,4,6,0.8,0.3,5,2,1,0,3,63,3655037,0,0,143418,1263317,86,106722,993256,62,10,1112160,7,10,99541,4867423,0,passed,20,8,21,8
cancellation-srs-mixed,156,157,cancellation,26,4,3,4,6,0.8,0.3,5,2,1,0,5,105,14879084,0,0,431645,6015085,6283,336270,5012582,5159,13,2107304,8,13,331067,17321859,0,passed,26,4,27,4
cancellation-srs-mixed,157,158,cancellation,22,4,3,4,6,0.8,0.3,5,2,1,0,2,46,3537394,0,0,250718,1552013,225,211445,1341477,140,11,775740,9,11,178117,4492154,0,passed,22,5,23,5
cancellation-srs-mixed,158,159,cancellation,22,4,3,4,6,0.8,0.3,5,2,1,0,7,123,9085257,0,0,146604,1118343,123,120121,983713,66,10,2579104,3,10,105530,11770545,0,passed,22,6,23,6
cancellation-srs-mixed,159,160,cancellation,22,4,3,4,6,0.8,0.3,5,2,1,0,9,169,7285878,0,0,233209,1849718,85,192869,1550288,127,13,3343974,4,13,170231,10801312,0,passed,22,3,23,3
cancellation-srs-mixed,160,161,cancellation,24,4,3,4,6,0.8,0.3,5,2,1,0,3,75,8484549,0,0,268193,3786663,5832,230336,3419737,5544,13,1148210,10,13,231560,9865816,0,passed,24,4,25,4
cancellation-srs-mixed,161,162,cancellation,28,4,3,4,6,0.8,0.3,5,2,1,0,4,106,25239736,0,0,294481,2349764,160,247483,2011947,121,12,1546922,8,12,207787,26995713,0,passed,28,5,29,5
cancellation-srs-mixed,162,163,cancellation,26,4,3,4,6,0.8,0.3,5,2,1,0,10,213,23333858,0,0,463048,3856594,278,389101,3368387,257,17,3891887,7,17,344126,27571897,0,passed,26,3,27,3
cancellation-srs-mixed,163,164,cancellation,22,4,3,4,6,0.8,0.3,5,2,1,0,8,137,9429821,0,0,310740,3442802,186,263788,3002254,132,15,3134164,7,15,244422,12810145,0,passed,22,2,23,2
cancellation-srs-mixed,164,165,cancellation,26,4,3,4,6,0.8,0.3,5,2,1,0,5,111,20492378,0,0,676362,6976215,355,599493,6279902,270,18,2241394,13,18,531453,23267507,0,passed,26,2,27,2
cancellation-srs-mixed,165,166,cancellation,16,4,3,4,6,0.8,0.3,5,2,1,0,4,49,1209409,0,0,111701,773710,27,84158,622076,64,8,1467190,4,8,77387,2754493,0,passed,16,3,17,3
cancellation-srs-mixed,166,167,cancellation,24,4,3,4,6,0.8,0.3,5,2,1,0,2,28,2816247,0,0,126576,721334,61,98721,589105,47,9,754907,7,9,84545,3656231,0,passed,24,4,25,4
cancellation-srs-mixed,167,168,cancellation,16,4,3,4,6,0.8,0.3,5,2,1,0,6,90,1545191,0,0,175685,1285245,118,148202,1118363,92,14,2467949,8,14,128768,4143084,0,passed,16,2,17,2
cancellation-srs-mixed,168,169,cancellation,26,4,3,4,6,0.8,0.3,5,2,1,0,5,117,20417660,0,0,257632,2200080,148,209528,1829327,262,12,1924810,7,12,188116,22531790,0,passed,26,5,27,5
cancellation-srs-mixed,169,170,cancellation,20,4,3,4,6,0.8,0.3,5,2,1,0,4,84,4494034,0,0,632907,6053679,1526,593112,5416022,1265,16,1568019,12,16,515779,6579447,0,passed,20,1,21,1
cancellation-srs-mixed,170,171,cancellation,22,4,3,4,6,0.8,0.3,5,2,1,0,3,61,4605140,0,0,158385,1411341,100,137800,1277796,273,11,1164461,8,11,120794,5891197,0,passed,22,2,23,2
cancellation-srs-mixed,171,172,cancellation,20,4,3,4,6,0.8,0.3,5,2,1,0,1,21,1292225,0,0,153305,975050,67,115848,778353,34,11,419217,10,11,104679,1816757,0,passed,20,4,21,4
cancellation-srs-mixed,172,173,cancellation,28,4,3,4,6,0.8,0.3,5,2,1,0,4,114,27697129,0,0,551654,3331510,360,434846,2791236,283,13,1539235,9,13,368825,29606614,0,passed,28,6,29,6
cancellation-srs-mixed,173,174,cancellation,26,4,3,4,6,0.8,0.3,5,2,1,0,2,52,8623909,0,0,231945,2525002,141,190665,2201956,108,12,834459,10,12,184310,9643851,0,passed,26,3,27,3
cancellation-srs-mixed,174,175,cancellation,22,4,3,4,6,0.8,0.3,5,2,1,0,11,164,7568575,0,0,371907,2591461,210,322782,2323872,196,17,4516491,6,17,267184,12354093,0,passed,22,2,23,2
cancellation-srs-mixed,175,176,cancellation,20,4,3,4,6,0.8,0.3,5,2,1,0,3,63,3309291,0,0,246497,2765376,219,215752,2467784,171,15,1283930,12,15,201833,4796256,0,passed,20,3,21,3
cancellation-srs-mixed,176,177,cancellation,16,4,3,4,6,0.8,0.3,5,2,1,0,5,65,1304950,0,0,150631,1278016,110,121378,1060980,69,11,1913800,6,11,109932,3329568,0,passed,16,2,17,2
cancellation-srs-mixed,177,178,cancellation,26,4,3,4,6,0.8,0.3,5,2,1,0,10,202,24234807,0,0,479514,4518654,386,400400,3832918,278,17,3788129,7,17,366589,28391715,0,passed,26,3,27,3
cancellation-srs-mixed,178,179,cancellation,24,4,3,4,6,0.8,0.3,5,2,1,0,11,205,18949675,0,0,371117,3214586,458,297760,2713221,340,17,4398413,6,17,257575,23607646,0,passed,24,4,25,4
cancellation-srs-mixed,179,180,cancellation,20,4,3,4,6,0.8,0.3,5,2,1,0,4,72,3090480,0,0,153409,1419779,198,123399,1186996,68,12,1583510,8,12,114900,4790283,0,passed,20,5,21,5
cancellation-srs-mixed,180,181,cancellation,16,4,3,4,6,0.8,0.3,5,2,1,0,3,51,1131628,0,0,245726,2121852,498,198434,1809387,170,12,1114626,9,12,185344,2432754,0,passed,16,3,17,3
cancellation-srs-mixed,181,182,cancellation,20,4,3,4,6,0.8,0.3,5,2,1,0,1,21,1482391,0,0,174871,1424967,112,146971,1239384,177,9,384888,8,9,130988,1998948,0,passed,20,4,21,4
cancellation-srs-mixed,182,183,cancellation,28,4,3,4,6,0.8,0.3,5,2,1,0,1,29,6695848,0,0,386838,5292359,1897,326645,4430421,1536,10,413154,9,10,321763,7431950,0,passed,28,5,29,5
cancellation-srs-mixed,183,184,cancellation,18,4,3,4,6,0.8,0.3,5,2,1,0,7,106,2570754,0,0,138827,1090701,130,120456,952579,274,11,2614924,4,11,103562,5290235,0,passed,18,1,19,1
cancellation-srs-mixed,184,185,cancellation,20,4,3,4,6,0.8,0.3,5,2,1,0,6,118,5633253,0,0,290945,2119771,209,234341,1750516,195,12,2250080,6,12,209615,8093831,0,passed,20,4,21,4
cancellation-srs-mixed,185,186,cancellation,28,4,3,4,6,0.8,0.3,5,2,1,0,3,60,15796559,0,0,345791,3525975,315,254178,2636544,467,11,1128287,8,11,259345,17185104,0,passed,28,7,29,7
cancellation-srs-mixed,186,187,cancellation,28,4,3,4,6,0.8,0.3,5,2,1,0,10,252,49876528,0,0,491355,3576581,285,404539,3035002,291,16,3738259,6,16,349199,53965450,0,passed,28,5,29,5
cancellation-srs-mixed,187,188,cancellation,16,4,3,4,6,0.8,0.3,5,2,1,0,1,17,368958,0,0,83236,507155,23,72392,452031,23,10,484419,9,10,58264,912060,0,passed,16,2,17,2
cancellation-srs-mixed,188,189,cancellation,18,4,3,4,6,0.8,0.3,5,2,1,0,1,19,677194,0,0,97333,579778,34,71678,455661,16,7,384159,6,7,64450,1126228,0,passed,18,5,19,5
cancellation-srs-mixed,189,190,cancellation,28,4,3,4,6,0.8,0.3,5,2,1,0,7,127,21893677,0,0,295574,3202802,635,235850,2693271,375,14,2666979,7,14,227794,24790814,0,passed,28,7,29,7
cancellation-srs-mixed,190,191,cancellation,16,4,3,4,6,0.8,0.3,5,2,1,0,2,32,714034,0,0,92223,667724,53,73850,562336,70,7,738751,5,7,65049,1518183,0,passed,16,3,16,3
cancellation-srs-mixed,191,192,cancellation,18,4,3,4,6,0.8,0.3,5,2,1,0,1,19,558570,0,0,49505,324606,17,40174,277042,10,7,389247,6,7,34526,982696,0,passed,18,5,19,5
cancellation-srs-mixed,192,193,cancellation,18,4,3,4,6,0.8,0.3,5,2,1,0,2,22,799732,0,0,157115,1222295,82,124115,1001539,66,10,754379,8,10,116123,1670799,0,passed,18,3,19,3
cancellation-srs-mixed,193,194,cancellation,22,4,3,4,6,0.8,0.3,5,2,1,0,12,197,10443306,0,0,382663,2717267,164,325215,2351525,201,18,4570487,6,18,274848,15290237,0,passed,22,5,23,5
cancellation-srs-mixed,194,195,cancellation,20,4,3,4,6,0.8,0.3,5,2,1,0,4,78,3168609,0,0,95907,538350,59,75246,435884,19,8,1477322,4,8,63018,4709439,0,passed,20,3,21,3
cancellation-srs-mixed,195,196,cancellation,16,4,3,4,6,0.8,0.3,5,2,1,0,1,16,370890,0,0,191704,2014380,104,154957,1704321,58,13,398268,12,13,147905,918296,0,passed,16,3,16,3
cancellation-srs-mixed,196,197,cancellation,24,4,3,4,6,0.8,0.3,5,2,1,0,1,25,2808604,0,0,345131,2581750,139,286507,2252914,315,13,416077,12,13,246367,3472743,0,passed,24,3,25,3
cancellation-srs-mixed,197,198,cancellation,26,4,3,4,6,0.8,0.3,5,2,1,0,7,157,16774211,0,0,330607,2528644,409,282328,2239032,163,15,2764985,8,15,243018,19783424,0,passed,26,5,27,5
cancellation-srs-mixed,198,199,cancellation,20,4,3,4,6,0.8,0.3,5,2,1,0,2,42,2045418,0,0,122725,833565,146,98606,693210,42,8,762002,6,8,84020,2891948,0,passed,20,3,21,3
cancellation-srs-mixed,199,200,cancellation,26,4,3,4,6,0.8,0.3,5,2,1,0,7,167,26045153,0,0,302656,3430332,194,227974,2759609,156,14,2624385,7,14,231210,28902395,0,passed,26,6,27,6
cancellation-srs-mixed,200,201,cancellation,18,4,3,4,6,0.8,0.3,5,2,1,0,3,55,2123818,0,0,177643,1560056,70,155262,1372314,212,9,1112042,6,9,138709,3375129,0,passed,18,2,19,2
cancellation-srs-mixed,201,202,cancellation,16,4,3,4,6,0.8,0.3,5,2,1,0,2,34,801756,0,0,61522,524148,45,52082,453394,46,7,749529,5,7,45199,1596775,0,passed,16,3,17,3
cancellation-srs-mixed,202,203,cancellation,24,4,3,4,6,0.8,0.3,5,2,1,0,2,35,3225769,0,0,196409,1408568,112,165768,1237294,54,12,777432,10,12,143095,4147220,0,passed,24,5,25,5
cancellation-srs-mixed,203,204,cancellation,26,4,3,4,6,0.8,0.3,5,2,1,0,5,111,13064881,0,0,324221,2933949,1172,243788,2404952,1073,13,1904069,8,13,238530,15208666,0,passed,26,4,27,4
cancellation-srs-mixed,204,205,cancellation,16,4,3,4,6,0.8,0.3,5,2,1,0,5,47,1076802,0,0,97855,636246,93,78904,532915,22,11,2036616,6,11,68166,3182251,0,passed,16,3,17,3
cancellation-srs-mixed,205,206,cancellation,18,4,3,4,6,0.8,0.3,5,2,1,0,7,93,2382705,0,0,177296,1282686,94,144570,1101678,94,14,2590571,7,14,128276,5102519,0,passed,18,3,19,3
cancellation-srs-mixed,206,207,cancellation,18,4,3,4,6,0.8,0.3,5,2,1,0,8,120,3325256,0,0,147743,1161771,137,116234,932839,102,12,3008724,4,12,108854,6443774,0,passed,18,2,19,2
cancellation-srs-mixed,207,208,cancellation,20,4,3,4,6,0.8,0.3,5,2,1,0,2,40,1866690,0,0,85971,487583,20,66110,388412,203,8,825466,6,8,57208,2749801,0,passed,20,4,21,4
cancellation-srs-mixed,208,209,cancellation,28,4,3,4,6,0.8,0.3,5,2,1,0,3,85,20468505,0,0,246118,1457466,107,215722,1295008,138,8,1145199,5,8,173974,21788266,0,passed,28,4,29,4
cancellation-srs-mixed,209,210,cancellation,28,4,3,4,6,0.8,0.3,5,2,1,0,7,167,32623661,0,0,323365,2696058,159,266209,2375250,230,13,2660403,6,13,243411,35528684,0,passed,28,7,29,7
cancellation-srs-mixed,210,211,cancellation,22,4,3,4,6,0.8,0.3,5,2,1,0,7,141,7416631,0,0,302143,2868936,329,263415,2553860,215,15,2595960,8,15,232596,10247041,0,passed,22,3,23,3
cancellation-srs-mixed,211,212,cancellation,28,4,3,4,6,0.8,0.3,5,2,1,0,6,130,29128868,0,0,549031,6100063,2087,421967,5066687,1981,16,2485623,10,16,435532,32052140,0,passed,28,5,29,5
cancellation-srs-mixed,212,213,cancellation,16,4,3,4,6,0.8,0.3,5,2,1,0,7,111,1981108,0,0,127156,1037314,82,100718,877062,80,12,2598655,5,12,91560,4672022,0,passed,16,4,17,4
cancellation-srs-mixed,213,214,cancellation,16,4,3,4,6,0.8,0.3,5,2,1,0,4,64,1601381,0,0,152497,1201449,148,126540,1007405,84,10,1492857,6,10,111921,3207574,0,passed,16,3,17,3
cancellation-srs-mixed,214,215,cancellation,18,4,3,4,6,0.8,0.3,5,2,1,0,6,84,2509608,0,0,227065,1584640,104,183878,1353157,86,14,2219878,8,14,160488,4891104,0,passed,18,3,19,3
cancellation-srs-mixed,215,216,cancellation,18,4,3,4,6,0.8,0.3,5,2,1,0,1,19,635629,0,0,175052,1131824,258,149392,1003294,322,10,394117,9,10,120542,1153202,0,passed,18,2,19,2
cancellation-srs-mixed,216,217,cancellation,18,4,3,4,6,0.8,0.3,5,2,1,0,14,209,6195281,0,0,396463,3201043,1135,338389,2815673,218,20,5274948,6,20,279444,11751827,0,passed,18,2,19,2
cancellation-srs-mixed,217,218,cancellation,22,4,3,4,6,0.8,0.3,5,2,1,0,8,140,5965462,0,0,294773,2350471,152,263041,2143213,386,16,3512825,8,16,219024,9698976,0,passed,22,2,23,2
cancellation-srs-mixed,218,219,cancellation,18,4,3,4,6,0.8,0.3,5,2,1,0,3,57,1494870,0,0,277086,2043297,283,212456,1572465,65,12,1129776,9,12,192229,2817742,0,passed,18,4,19,4
cancellation-srs-mixed,219,220,cancellation,22,4,3,4,6,0.8,0.3,5,2,1,0,6,110,7521668,0,0,203208,1926393,97,135559,1568429,113,10,2216628,4,10,141304,9880372,0,passed,22,7,22,7
cancellation-srs-mixed,220,221,cancellation,26,4,3,4,6,0.8,0.3,5,2,1,0,5,129,18730690,0,0,408007,3951731,194,315517,3260996,157,15,1903868,10,15,297473,20933924,0,passed,26,5,27,5
cancellation-srs-mixed,221,222,cancellation,18,4,3,4,6,0.8,0.3,5,2,1,0,4,59,2487736,0,0,109565,579583,111,78078,440986,95,8,1484233,4,8,70848,4043300,0,passed,18,4,19,4
cancellation-srs-mixed,222,223,cancellation,26,4,3,4,6,0.8,0.3,5,2,1,0,5,119,21174314,0,0,297897,3295907,4611,240651,2792546,3827,13,1897284,8,13,238093,23310746,0,passed,26,4,27,4
cancellation-srs-mixed,223,224,cancellation,20,4,3,4,6,0.8,0.3,5,2,1,0,6,102,4673144,0,0,385739,3183392,207,304095,2663185,100,16,2311556,10,16,275902,7262436,0,passed,20,3,21,3
cancellation-srs-mixed,224,225,cancellation,24,4,3,4,6,0.8,0.3,5,2,1,0,4,76,8643388,0,0,176108,1919970,104,132714,1617448,97,11,1585718,7,11,131969,10361908,0,passed,24,7,25,7
cancellation-srs-mixed,225,226,cancellation,28,4,3,4,6,0.8,0.3,5,2,1,0,1,29,6518655,0,0,827128,11637302,1126,677760,9868405,1578,14,571602,13,14,698983,7791173,0,passed,28,5,29,5
cancellation-srs-mixed,226,227,cancellation,28,4,3,4,6,0.8,0.3,5,2,1,0,2,58,15101134,0,0,316559,2056916,210,271697,1815413,125,12,881938,10,12,223924,16207892,0,passed,28,3,29,3
cancellation-srs-mixed,227,228,cancellation,26,4,3,4,6,0.8,0.3,5,2,1,0,4,82,14699656,0,0,213346,1565029,114,161271,1298072,96,11,1540878,7,11,146928,16388537,0,passed,26,6,27,6
cancellation-srs-mixed,228,229,cancellation,20,4,3,4,6,0.8,0.3,5,2,1,0,3,59,3212540,0,0,143695,1212036,62,119813,1056133,57,11,1160351,8,11,106231,4479827,0,passed,20,4,21,4
cancellation-srs-mixed,229,230,cancellation,24,4,3,4,6,0.8,0.3,5,2,1,0,4,95,9521234,0,0,262212,2410305,143,200130,1900423,136,13,1532118,9,13,196144,11250493,0,passed,24,5,25,5
cancellation-srs-mixed,230,231,cancellation,22,4,3,4,6,0.8,0.3,5,2,1,0,6,117,7222516,0,0,365201,3287060,227,324598,3039250,222,16,2738422,10,16,287921,10250567,0,passed,22,2,23,2
cancellation-srs-mixed,231,232,cancellation,28,4,3,4,6,0.8,0.3,5,2,1,0,5,117,24332845,0,0,398690,3440322,203,306838,2827075,218,14,1934881,9,14,292824,26561871,0,passed,28,5,29,5
cancellation-srs-mixed,232,233,cancellation,18,4,3,4,6,0.8,0.3,5,2,1,0,5,69,1739111,0,0,112980,976146,139,90226,831881,90,10,1912744,5,10,82327,3734955,0,passed,18,3,19,3
cancellation-srs-mixed,233,234,cancellation,22,4,3,4,6,0.8,0.3,5,2,1,0,12,186,11588473,0,0,382518,2759644,377,314685,2367358,441,19,4660898,7,19,280221,16531371,0,passed,22,5,23,5
cancellation-srs-mixed,234,235,cancellation,22,4,3,4,6,0.8,0.3,5,2,1,0,3,67,4840238,0,0,194386,1637409,96,165602,1440150,85,12,1206409,9,12,143703,6191255,0,passed,22,4,23,4
cancellation-srs-mixed,235,236,cancellation,18,4,3,4,6,0.8,0.3,5,2,1,0,9,128,4443594,0,0,493558,5318956,295,418426,4462734,240,16,3334610,7,16,401016,8181085,0,passed,18,3,19,3
cancellation-srs-mixed,236,237,cancellation,20,4,3,4,6,0.8,0.3,5,2,1,0,5,82,3566418,0,0,194026,1728518,96,141656,1369106,86,10,1858989,5,10,140327,5566527,0,passed,20,5,21,5
cancellation-srs-mixed,237,238,cancellation,28,4,3,4,6,0.8,0.3,5,2,1,0,9,188,33902625,0,0,970018,7990740,455,880579,7302990,408,22,4438204,13,22,745757,39090038,0,passed,28,1,29,1
cancellation-srs-mixed,238,239,cancellation,26,4,3,4,6,0.8,0.3,5,2,1,0,10,191,23441133,0,0,310239,2229812,156,243301,1807102,209,14,3785621,4,14,219627,27447704,0,passed,26,5,27,5
cancellation-srs-mixed,239,240,cancellation,24,4,3,4,6,0.8,0.3,5,2,1,0,8,124,8256753,0,0,257166,3028318,825,206319,2417895,312,15,3685960,7,15,200016,12145197,0,passed,24,4,25,4
cancellation-srs-mixed,240,241,cancellation,18,4,3,4,6,0.8,0.3,5,2,1,0,2,36,1247830,0,0,53121,300838,17,40277,245604,30,6,746130,4,6,34451,2028695,0,passed,18,4,19,4
cancellation-srs-mixed,241,242,cancellation,26,4,3,4,6,0.8,0.3,5,2,1,0,5,115,19567039,0,0,323608,2812001,232,268309,2486550,189,14,1897072,9,14,243262,21708531,0,passed,26,6,27,6
cancellation-srs-mixed,242,243,cancellation,16,4,3,4,6,0.8,0.3,5,2,1,0,4,51,1205287,0,0,118034,1001334,64,87274,729986,69,9,1467638,5,9,85941,2759392,0,passed,16,6,17,6
cancellation-srs-mixed,243,244,cancellation,16,4,3,4,6,0.8,0.3,5,2,1,0,7,85,1415145,0,0,88899,478581,103,70743,393212,61,11,2866882,4,11,58264,4340952,0,passed,16,4,17,4
cancellation-srs-mixed,244,245,cancellation,28,4,3,4,6,0.8,0.3,5,2,1,0,4,93,21134162,0,0,274205,2124880,107,217859,1801766,136,12,1696966,8,12,197921,23030024,0,passed,28,5,29,5
cancellation-srs-mixed,245,246,cancellation,22,4,3,4,6,0.8,0.3,5,2,1,0,9,160,8121368,0,0,210483,1957987,373,182031,1777912,119,13,3356853,4,13,164992,11644311,0,passed,22,4,23,4
cancellation-srs-mixed,246,247,cancellation,24,4,3,4,6,0.8,0.3,5,2,1,0,6,144,17079329,0,0,274060,2718053,155,224245,2340233,117,13,2249434,7,13,210047,19539950,0,passed,24,4,25,4
cancellation-srs-mixed,247,248,cancellation,16,4,3,4,6,0.8,0.3,5,2,1,0,2,34,753993,0,0,82018,678427,50,59995,545541,180,9,744999,7,9,58243,1557762,0,passed,16,3,17,3
cancellation-srs-mixed,248,249,cancellation,22,4,3,4,6,0.8,0.3,5,2,1,0,1,23,1816230,0,0,57898,417420,25,38256,304573,21,6,377467,5,6,37717,2231747,0,passed,22,5,23,5
cancellation-srs-mixed,249,250,cancellation,28,4,3,4,6,0.8,0.3,5,2,1,0,5,115,28140681,0,0,409004,2496470,179,310367,2020416,129,12,1891441,7,12,274963,30308034,0,passed,28,6,29,6
cancellation-srs-mixed,250,251,cancellation,16,4,3,4,6,0.8,0.3,5,2,1,0,4,55,1100980,0,0,62784,459980,37,47581,363098,71,9,1483966,5,9,44028,2629321,0,passed,16,5,17,5
cancellation-srs-mixed,251,252,cancellation,20,4,3,4,6,0.8,0.3,5,2,1,0,3,61,3048400,0,0,275232,2149854,127,239756,1916003,178,14,1393700,11,14,204405,4647648,0,passed,20,4,21,4
cancellation-srs-mixed,252,253,cancellation,22,4,3,4,6,0.8,0.3,5,2,1,0,4,92,8014684,0,0,201614,1801104,98,156885,1466260,83,11,1496959,7,11,142743,9655281,0,passed,22,5,23,5
cancellation-srs-mixed,253,254,cancellation,20,4,3,4,6,0.8,0.3,5,2,1,0,5,85,3397694,0,0,320401,2206707,168,284586,2000373,331,15,1963143,10,15,234478,5596419,0,passed,20,1,21,1
cancellation-srs-mixed,254,255,cancellation,24,4,3,4,6,0.8,0.3,5,2,1,0,2,28,3273974,0,0,62469,320052,42,44634,237350,29,6,745554,4,6,38551,4058396,0,passed,24,5,25,5
cancellation-srs-mixed,255,256,cancellation,28,4,3,4,6,0.8,0.3,5,2,1,0,10,216,34388603,0,0,343734,2333003,253,283310,1972701,220,15,4019286,5,15,241245,38650619,0,passed,28,4,29,4
cancellation-srs-mixed,256,257,cancellation,18,4,3,4,6,0.8,0.3,5,2,1,0,4,75,2540868,0,0,167232,1158576,60,145827,1037536,111,13,1476544,9,13,120067,4138242,0,passed,18,3,19,3
cancellation-srs-mixed,257,258,cancellation,20,4,3,4,6,0.8,0.3,5,2,1,0,8,113,3881346,0,0,126220,725011,73,97784,581933,128,11,3050513,3,11,84059,7016575,0,passed,20,4,21,4
cancellation-srs-mixed,258,259,cancellation,22,4,3,4,6,0.8,0.3,5,2,1,0,4,76,6369374,0,0,154335,1075830,53,130078,926036,154,10,1562537,6,10,110120,8042632,0,passed,22,4,23,4
cancellation-srs-mixed,259,260,cancellation,20,4,3,4,6,0.8,0.3,5,2,1,0,6,82,3608780,0,0,148189,1201950,77,115515,959380,98,12,2446117,6,12,106433,6162381,0,passed,20,3,21,3
cancellation-srs-mixed,260,261,cancellation,24,4,3,4,6,0.8,0.3,5,2,1,0,3,73,9412577,0,0,166850,1510831,96,117031,1142744,90,10,1146653,7,10,119586,10679936,0,passed,24,9,25,9
cancellation-srs-mixed,261,262,cancellation,24,4,3,4,6,0.8,0.3,5,2,1,0,7,153,16040155,0,0,263231,2092530,129,221654,1809753,161,13,2720251,6,13,192508,18954235,0,passed,24,4,25,4
cancellation-srs-mixed,262,263,cancellation,26,4,3,4,6,0.8,0.3,5,2,1,0,1,27,4996298,0,0,213571,1799347,93,169202,1488380,67,11,404132,10,11,153258,5554560,0,passed,26,4,27,4
cancellation-srs-mixed,263,264,cancellation,20,4,3,4,6,0.8,0.3,5,2,1,0,3,61,3287916,0,0,139116,885150,124,93777,629411,41,8,1113906,5,8,89748,4492083,0,passed,20,4,21,4
cancellation-srs-mixed,264,265,cancellation,24,4,3,4,6,0.8,0.3,5,2,1,0,2,28,3163463,0,0,264630,2888759,4116,218362,2584071,4166,13,791601,11,13,206454,4162986,0,passed,24,3,25,3
cancellation-srs-mixed,265,266,cancellation,28,4,3,4,6,0.8,0.3,5,2,1,0,9,235,43158676,0,0,467198,3814132,292,381314,3247985,297,16,3382200,7,16,336768,46879120,0,passed,28,5,29,5
cancellation-srs-mixed,266,267,cancellation,18,4,3,4,6,0.8,0.3,5,2,1,0,3,45,1685080,0,0,88871,675239,60,70008,557407,110,9,1117690,6,9,64913,2868190,0,passed,18,3,19,3
cancellation-srs-mixed,267,268,cancellation,16,4,3,4,6,0.8,0.3,5,2,1,0,7,99,2049385,0,0,131438,1013489,90,114268,901343,106,12,2627985,5,12,99733,4777976,0,passed,16,2,17,2
cancellation-srs-mixed,268,269,cancellation,26,4,3,4,6,0.8,0.3,5,2,1,0,10,234,31001760,0,0,580504,4903802,256,472808,4142710,254,19,3997305,9,19,427784,35429469,0,passed,26,3,27,3
cancellation-srs-mixed,269,270,cancellation,28,4,3,4,6,0.8,0.3,5,2,1,0,4,110,22391550,0,0,380867,4738973,354,326052,4191822,238,14,1806511,10,14,325473,24525636,0,passed,28,3,29,3
cancellation-srs-mixed,270,271,cancellation,22,4,3,4,6,0.8,0.3,5,2,1,0,4,92,6331381,0,0,219970,1632351,126,188795,1448044,109,11,1519395,7,11,155254,8006762,0,passed,22,2,23,2
cancellation-srs-mixed,271,272,cancellation,16,4,3,4,6,0.8,0.3,5,2,1,0,4,68,1275892,0,0,137379,1564856,282,117851,1415196,138,12,1488582,8,12,110154,2875685,0,passed,16,3,17,3
cancellation-srs-mixed,272,273,cancellation,16,4,3,4,6,0.8,0.3,5,2,1,0,7,72,1175549,0,0,108475,761378,131,87773,640124,93,13,3097931,6,13,78103,4352409,0,passed,16,4,17,4
cancellation-srs-mixed,273,274,cancellation,16,4,3,4,6,0.8,0.3,5,2,1,0,1,17,374154,0,0,76933,497643,55,68292,453380,55,9,459866,8,9,54763,889405,0,passed,16,2,17,2
cancellation-srs-mixed,274,275,cancellation,24,4,3,4,6,0.8,0.3,5,2,1,0,2,50,7531575,0,0,360173,3010392,274,297173,2435740,296,10,790390,8,10,269766,8592712,0,passed,24,4,25,4
cancellation-srs-mixed,275,276,cancellation,18,4,3,4,6,0.8,0.3,5,2,1,0,6,102,2875569,0,0,200000,1188530,219,172004,1028248,151,11,2163124,5,11,139711,5179234,0,passed,18,3,19,3
cancellation-srs-mixed,276,277,cancellation,18,4,3,4,6,0.8,0.3,5,2,1,0,1,19,620658,0,0,88713,680500,71,66404,559063,58,9,401746,8,9,61064,1084011,0,passed,18,4,19,4
cancellation-srs-mixed,277,278,cancellation,22,4,3,4,6,0.8,0.3,5,2,1,0,5,104,6666329,0,0,228623,3901665,238,177572,3302076,210,13,2216766,8,13,208240,9093189,0,passed,22,3,23,3
cancellation-srs-mixed,278,279,cancellation,26,4,3,4,6,0.8,0.3,5,2,1,0,6,130,16673004,0,0,265920,1747474,118,185950,1262890,70,11,2353397,5,11,178230,19205438,0,passed,26,6,27,6
cancellation-srs-mixed,279,280,cancellation,20,4,3,4,6,0.8,0.3,5,2,1,0,5,86,4215701,0,0,347807,7020838,10464,254583,5666972,8198,13,1878398,8,13,333953,6432564,0,passed,20,6,21,6
cancellation-srs-mixed,280,281,cancellation,24,4,3,4,6,0.8,0.3,5,2,1,0,5,80,8358577,0,0,182785,927819,77,143705,763530,38,11,1881766,6,11,117748,10358819,0,passed,24,5,25,5
cancellation-srs-mixed,281,282,cancellation,26,4,3,4,6,0.8,0.3,5,2,1,0,14,270,28090885,0,0,556550,4691301,622,460450,3973998,406,19,5484477,5,19,408644,33986392,0,passed,26,4,27,4
cancellation-srs-mixed,282,283,cancellation,20,4,3,4,6,0.8,0.3,5,2,1,0,3,63,3090026,0,0,114917,842191,41,98417,741817,82,9,1116191,6,9,82415,4289125,0,passed,20,3,21,3
cancellation-srs-mixed,283,284,cancellation,18,4,3,4,6,0.8,0.3,5,2,1,0,4,72,2492706,0,0,124774,940514,50,97639,760975,124,9,1477074,5,9,87820,4058180,0,passed,18,3,19,3
cancellation-srs-mixed,284,285,cancellation,28,4,3,4,6,0.8,0.3,5,2,1,0,6,122,21344998,0,0,260791,3147801,970,208532,2569900,499,12,2416495,6,12,204939,23968746,0,passed,28,4,29,4
cancellation-srs-mixed,285,286,cancellation,22,4,3,4,6,0.8,0.3,5,2,1,0,7,108,6857185,0,0,198625,1790816,139,154632,1472208,83,13,2716714,6,13,148360,9723251,0,passed,22,6,23,6
cancellation-srs-mixed,286,287,cancellation,28,4,3,4,6,0.8,0.3,5,2,1,0,3,58,12129153,0,0,225212,2438135,103,154013,1889456,108,9,1123013,6,9,164390,13417276,0,passed,28,8,28,8
cancellation-srs-mixed,287,288,cancellation,20,4,3,4,6,0.8,0.3,5,2,1,0,5,99,4408909,0,0,264839,2791961,187,232143,2497583,152,15,2132160,10,15,220597,6763057,0,passed,20,2,21,2
cancellation-srs-mixed,288,289,cancellation,22,4,3,4,6,0.8,0.3,5,2,1,0,2,26,1923941,0,0,305392,2755648,206,263580,2366831,118,11,778477,9,11,235223,2938720,0,passed,22,3,23,3
cancellation-srs-mixed,289,290,cancellation,20,4,3,4,6,0.8,0.3,5,2,1,0,5,87,4535994,0,0,210000,1955801,129,158370,1618038,120,12,1979376,7,12,152323,6668985,0,passed,20,6,21,6
cancellation-srs-mixed,290,291,cancellation,18,4,3,4,6,0.8,0.3,5,2,1,0,2,38,1520228,0,0,85267,769203,48,59723,616195,41,8,754009,6,8,59724,2334451,0,passed,18,5,19,5
cancellation-srs-mixed,291,292,cancellation,16,4,3,4,6,0.8,0.3,5,2,1,0,4,52,914611,0,0,102317,1014012,138,75118,827892,62,10,1510222,6,10,67984,2493771,0,passed,16,3,17,3
cancellation-srs-mixed,292,293,cancellation,16,4,3,4,6,0.8,0.3,5,2,1,0,5,67,1184808,0,0,95307,1011682,37,81803,904165,56,11,1861594,6,11,76758,3123859,0,passed,16,3,17,3
cancellation-srs-mixed,293,294,cancellation,28,4,3,4,6,0.8,0.3,5,2,1,0,5,139,34915359,0,0,420419,4468284,310,370970,4034192,221,15,2087256,10,15,334831,37339272,0,passed,28,3,29,3
cancellation-srs-mixed,294,295,cancellation,22,4,3,4,6,0.8,0.3,5,2,1,0,8,102,5527203,0,0,180830,994719,53,147082,816703,87,13,3226101,5,13,120237,8874340,0,passed,22,4,23,4
cancellation-srs-mixed,295,296,cancellation,16,4,3,4,6,0.8,0.3,5,2,1,0,5,56,1220470,0,0,101455,878653,203,77907,735045,232,11,1848483,6,11,75243,3144970,0,passed,16,5,17,5
cancellation-srs-mixed,296,297,cancellation,24,4,3,4,6,0.8,0.3,5,2,1,0,13,200,12841291,0,0,421907,3087901,220,379382,2789273,195,17,5264443,4,17,306878,18414683,0,passed,24,1,25,1
cancellation-srs-mixed,297,298,cancellation,22,4,3,4,6,0.8,0.3,5,2,1,0,7,127,9124531,0,0,189488,1521616,80,141183,1285182,130,12,2647970,5,12,135336,11908684,0,passed,22,5,23,5
cancellation-srs-mixed,298,299,cancellation,24,4,3,4,6,0.8,0.3,5,2,1,0,9,187,21582265,0,0,646131,5771224,373,573144,5110533,352,19,3403460,10,19,506189,25494635,0,passed,24,2,25,2
cancellation-srs-mixed,299,300,cancellation,26,4,3,4,6,0.8,0.3,5,2,1,0,4,102,17355227,0,0,288104,2200408,240,245236,1940460,143,13,1603396,9,13,207166,19166983,0,passed,26,4,27,4
